3A3E,B,00,D,A,Y,A,-47.1,-58.5
1EB9,A,00,D,A,Y,A,-60.5,-34.4
3IJ6,A,00,D,A,Y,A,-82.2,99.6
2IBY,C,00,D,A,Y,A,-63.4,-38.8
1N22,B,00,D,A,Y,A,-55.4,-47.0
6GEN,X,00,D,A,Y,A,-75.6,-13.1
4RSM,B,00,D,A,Y,A,-60.8,-43.2
3U7B,D,00,D,A,Y,A,-61.6,-40.9
4UNF,A,00,D,A,Y,A,-59.3,-44.8
4ZEB,B,00,D,A,Y,A,-162.8,151.4
4Q73,A,00,D,A,Y,A,-60.7,-40.5
3U2T,A,00,D,A,Y,A,-69.5,-28.5
2HOZ,B,00,D,A,Y,A,52.7,-120.3
5UAO,A,00,D,A,Y,A,-61.6,-37.3
2W0B,A,00,D,A,Y,A,-67.6,-41.4
5VBA,B,00,D,A,Y,A,-59.6,-27.9
2EB4,B,00,D,A,Y,A,-60.2,-47.0
5VJ1,E,00,D,A,Y,A,-56.9,-50.0
4B3H,D,00,D,A,Y,A,-69.0,-32.1
6GEN,V,00,D,A,Y,A,-75.6,-13.1
1ZCT,A,00,D,A,Y,A,-71.5,-25.1
2EB6,A,00,D,A,Y,A,-61.0,-46.8
1QAY,B,00,D,A,Y,A,-65.1,-41.4
4L15,A,00,D,A,Y,A,-55.4,-42.3
2LL5,A,00,D,A,Y,A,-73.9,-5.3
2LL5,A,01,D,A,Y,A,-70.6,-10.9
2LL5,A,02,D,A,Y,A,-164.7,-69.9
2LL5,A,03,D,A,Y,A,-65.3,-32.2
2LL5,A,04,D,A,Y,A,-69.2,-18.3
2LL5,A,05,D,A,Y,A,-67.2,-15.1
2LL5,A,06,D,A,Y,A,-69.6,-20.5
2LL5,A,07,D,A,Y,A,-74.6,-3.6
2LL5,A,08,D,A,Y,A,-66.9,-15.7
2LL5,A,09,D,A,Y,A,-56.3,-37.6
2LL5,A,10,D,A,Y,A,-73.7,-5.6
2LL5,A,11,D,A,Y,A,-66.9,-22.5
2LL5,A,12,D,A,Y,A,-65.2,-20.9
2LL5,A,13,D,A,Y,A,-67.4,-22.5
2LL5,A,14,D,A,Y,A,-69.2,-12.9
2LL5,A,15,D,A,Y,A,-58.9,-32.3
2LL5,A,16,D,A,Y,A,-82.3,1.3
2LL5,A,17,D,A,Y,A,-67.8,-14.2
2LL5,A,18,D,A,Y,A,-176.2,-61.4
2LL5,A,19,D,A,Y,A,-177.1,-60.9
2LL5,A,20,D,A,Y,A,-68.5,-22.9
2LL5,A,21,D,A,Y,A,-64.2,-38.7
2LL5,A,22,D,A,Y,A,-60.4,-40.0
2LL5,A,23,D,A,Y,A,-64.5,-23.4
2LL5,A,24,D,A,Y,A,-74.3,-5.3
2LL5,A,25,D,A,Y,A,-62.5,-32.6
2LL5,A,26,D,A,Y,A,-59.1,-32.3
2LL5,A,27,D,A,Y,A,-65.4,-29.8
2LL5,A,28,D,A,Y,A,-70.3,-17.0
2LL5,A,29,D,A,Y,A,-67.7,-13.5
2LL5,A,30,D,A,Y,A,-62.4,-26.3
2LL5,A,31,D,A,Y,A,-64.5,-30.2
2LL5,A,32,D,A,Y,A,-69.6,-10.9
1N1B,A,00,D,A,Y,A,-61.8,-41.1
6D97,D,00,D,A,Y,A,-58.1,-40.6
2V3D,A,00,D,A,Y,A,-56.4,-47.7
3U2V,A,00,D,A,Y,A,-72.5,-19.0
1UC6,A,00,D,A,Y,A,-103.9,11.7
1UC6,A,01,D,A,Y,A,-97.0,-0.7
1UC6,A,02,D,A,Y,A,-94.7,-9.3
1UC6,A,03,D,A,Y,A,-96.7,-5.8
1UC6,A,04,D,A,Y,A,-95.4,-9.0
1UC6,A,05,D,A,Y,A,-95.0,4.1
1UC6,A,06,D,A,Y,A,-96.0,0.6
1UC6,A,07,D,A,Y,A,-95.8,9.0
1UC6,A,08,D,A,Y,A,-96.1,-4.2
1UC6,A,09,D,A,Y,A,-95.5,8.1
1UC6,A,10,D,A,Y,A,-95.1,-3.4
1UC6,A,11,D,A,Y,A,-95.7,-15.8
1UC6,A,12,D,A,Y,A,-95.5,8.1
1UC6,A,13,D,A,Y,A,-96.1,1.6
1UC6,A,14,D,A,Y,A,-97.5,0.3
1UC6,A,15,D,A,Y,A,-97.0,2.9
1UC6,A,16,D,A,Y,A,-92.5,14.2
1UC6,A,17,D,A,Y,A,-95.6,-2.7
1UC6,A,18,D,A,Y,A,-95.6,-4.6
1UC6,A,19,D,A,Y,A,-95.5,-2.9
1UC6,A,20,D,A,Y,A,-96.7,6.0
2I5N,C,00,D,A,Y,A,-56.0,-43.8
1E1F,A,00,D,A,Y,A,-63.6,-8.6
2IJC,B,00,D,A,Y,A,-62.6,-45.4
4OK4,A,00,D,A,Y,A,-53.2,-44.7
5N5P,A,00,D,A,Y,A,-108.2,12.2
4B3J,D,00,D,A,Y,A,-68.4,-32.5
4KTR,F,00,D,A,Y,A,-64.0,-25.7
4MVN,C,00,D,A,Y,A,-120.2,17.9
2IZP,A,00,D,A,Y,A,-58.7,-55.8
1T02,A,00,D,A,Y,A,-65.2,-40.2
2F61,B,00,D,A,Y,A,-73.1,-44.5
4I6A,A,00,D,A,Y,A,-62.3,-42.9
6GEJ,V,00,D,A,Y,A,-71.6,-23.0
2J25,B,00,D,A,Y,A,-55.2,-39.9
3KEH,A,00,D,A,Y,A,-50.0,-45.0
3ZKB,C,00,D,A,Y,A,-59.7,-50.6
3FKK,B,00,D,A,Y,A,-66.4,-38.6
5VPJ,L,00,D,A,Y,A,-63.7,-22.5
1LL0,A,00,D,A,Y,A,-58.3,-31.7
3TWA,C,00,D,A,Y,A,-76.4,-41.1
3FKR,A,00,D,A,Y,A,-74.5,-36.1
4GOQ,B,00,D,A,Y,A,-63.7,-40.8
3TI8,A,00,D,A,Y,A,-165.0,50.2
7PRC,C,00,D,A,Y,A,-60.1,-44.7
1E8D,A,00,D,A,Y,A,-55.0,-39.4
3GXD,B,00,D,A,Y,A,-58.7,-50.9
1E4L,B,00,D,A,Y,A,-63.4,-11.1
3TWB,A,00,D,A,Y,A,-77.3,-38.3
6GEJ,X,00,D,A,Y,A,-74.5,-29.0
1LL0,D,00,D,A,Y,A,-56.0,-32.6
2CIB,A,00,D,A,Y,A,-65.9,-38.9
4IIL,A,00,D,A,Y,A,51.7,50.4
4MVN,D,00,D,A,Y,A,-114.2,16.0
1E1F,B,00,D,A,Y,A,-64.9,-5.0
1ZCU,A,00,D,A,Y,A,-70.5,-30.8
6QM8,Q,00,D,A,Y,A,-68.6,-46.3
5ZJG,D,00,D,A,Y,A,-115.8,168.3
4OVP,A,00,D,A,Y,A,-64.8,-41.7
3UC7,C,00,D,A,Y,A,-71.5,-38.5
4CSH,D,00,D,A,Y,A,-63.0,-40.1
3U2X,B,00,D,A,Y,A,-73.5,-19.3
2NT1,C,00,D,A,Y,A,-65.3,-46.2
4I64,B,00,D,A,Y,A,-56.0,-45.5
5TNU,B,00,D,A,Y,A,-64.0,-39.8
3QW4,C,00,D,A,Y,A,-51.8,-49.6
5LVX,C,00,D,A,Y,A,-57.1,-53.3
5LVX,D,00,D,A,Y,A,-57.7,-52.9
4IL3,A,00,D,A,Y,A,-66.2,-49.3
1JZS,A,00,D,A,Y,A,-123.6,31.6
3TWB,D,00,D,A,Y,A,-72.8,-39.7
3GXI,B,00,D,A,Y,A,-60.8,-45.0
2IB8,B,00,D,A,Y,A,-61.4,-38.5
5U2P,A,00,D,A,Y,A,-82.3,-4.8
1ZDF,A,00,D,A,Y,A,-72.1,-29.0
3A3F,B,00,D,A,Y,A,-54.2,-42.5
4WB0,B,00,D,A,Y,A,-67.4,-17.5
2YOC,A,00,D,A,Y,A,-68.8,-32.5
3RIL,D,00,D,A,Y,A,-61.7,-43.7
5M7J,A,00,D,A,Y,A,-63.2,-32.3
1DWQ,B,00,D,A,Y,A,-55.9,-46.6
2IBY,A,00,D,A,Y,A,-64.5,-41.8
6QKI,B,00,D,A,Y,A,-57.9,-49.8
1E89,A,00,D,A,Y,A,-58.9,-36.9
4I6W,A,00,D,A,Y,A,-65.0,-42.1
3Q4S,A,00,D,A,Y,A,-67.2,-25.8
2HP2,A,00,D,A,Y,A,49.0,-116.6
6EQJ,A,00,D,A,Y,A,-72.3,-24.0
4KVM,E,00,D,A,Y,A,-76.8,147.2
6Q6N,A,00,D,A,Y,A,-58.8,-51.2
1EA1,A,00,D,A,Y,A,-71.5,-44.2
4PMU,C,00,D,A,Y,A,-50.3,-48.3
3UC8,C,00,D,A,Y,A,-73.2,-37.6
4ZZ5,A,00,D,A,Y,A,-54.4,-30.1
3UFA,B,00,D,A,Y,A,-113.3,14.1
1OGS,A,00,D,A,Y,A,-60.1,-52.2
4ZEK,A,00,D,A,Y,A,-170.2,151.0
4HNY,B,00,D,A,Y,A,-69.4,159.3
4Q72,B,00,D,A,Y,A,-67.3,-34.5
2D4Y,B,00,D,A,Y,A,-61.5,-41.8
4RKD,B,00,D,A,Y,A,-55.4,-21.9
4I56,B,00,D,A,Y,A,-59.5,-42.5
5EDV,A,00,D,A,Y,A,-48.3,-55.7
3ZKD,A,00,D,A,Y,A,-66.5,-69.9
1DYS,B,00,D,A,Y,A,-55.6,-43.2
4CT3,B,00,D,A,Y,A,-64.7,-37.9
3LB8,B,00,D,A,Y,A,-96.2,6.2
3BB5,C,00,D,A,Y,A,-62.8,-39.7
2IBW,D,00,D,A,Y,A,-64.7,-43.7
3U7B,B,00,D,A,Y,A,-59.5,-44.4
5JJP,A,00,D,A,Y,A,-65.8,-39.2
5G2A,A,00,D,A,Y,A,-68.1,-41.4
2PBL,A,00,D,A,Y,A,-65.1,-40.4
6EQL,A,00,D,A,Y,A,-70.9,-19.8
4Y49,B,00,D,A,Y,A,-117.5,141.5
1EB8,B,00,D,A,Y,A,-59.1,-44.0
4ZE8,D,00,D,A,Y,A,-166.2,153.0
2NSX,D,00,D,A,Y,A,-56.2,-49.2
4YK7,A,00,D,A,Y,A,-57.2,-43.8
4CT3,A,00,D,A,Y,A,-63.9,-38.7
5VPJ,K,00,D,A,Y,A,-67.8,-22.6
4I4B,B,00,D,A,Y,A,-64.1,-42.0
6QKJ,A,00,D,A,Y,A,-61.9,-45.2
2IB8,A,00,D,A,Y,A,-62.5,-42.0
3FSL,C,00,D,A,Y,A,-53.3,138.5
3FSL,C,01,D,A,Y,A,-70.2,-17.6
4KTR,C,00,D,A,Y,A,-69.5,-13.0
5EVJ,A,00,D,A,Y,A,-63.1,-47.2
4RKD,F,00,D,A,Y,A,-65.9,-18.6
2PBL,C,00,D,A,Y,A,-65.3,-37.3
5VPJ,B,00,D,A,Y,A,-66.1,-19.3
4B3J,C,00,D,A,Y,A,-67.6,-35.1
5FM6,A,00,D,A,Y,A,-53.6,-28.5
2J9T,B,00,D,A,Y,A,-66.2,-35.9
2ZMF,B,00,D,A,Y,A,-150.3,96.0
4I6W,B,00,D,A,Y,A,-63.6,-41.4
4QKX,A,00,D,A,Y,A,-59.4,-30.9
3KTN,A,00,D,A,Y,A,-75.8,-20.2
4ZEB,A,00,D,A,Y,A,-162.9,150.6
3HIU,C,00,D,A,Y,A,-61.7,-33.5
6F03,C,00,D,A,Y,A,-62.1,-43.6
3FKK,A,00,D,A,Y,A,-68.6,-39.1
4GSA,A,00,D,A,Y,A,53.5,-124.5
2DGA,A,00,D,A,Y,A,-64.1,-12.1
3GXI,C,00,D,A,Y,A,-55.7,-48.0
3FSL,F,00,D,A,Y,A,-66.7,159.1
3FSL,F,01,D,A,Y,A,-68.0,-19.6
2EB4,D,00,D,A,Y,A,-61.0,-44.4
5JJP,C,00,D,A,Y,A,-67.5,-39.7
1N23,B,00,D,A,Y,A,-60.0,-42.8
3U2V,B,00,D,A,Y,A,-75.0,-19.3
4NX1,B,00,D,A,Y,A,-65.7,-43.1
6Q6L,B,00,D,A,Y,A,-57.0,-50.5
5LWE,B,00,D,A,Y,A,-66.6,-23.5
3IJ6,B,00,D,A,Y,A,-73.2,96.7
2HOZ,A,00,D,A,Y,A,54.9,-119.0
1Q1W,A,00,D,A,Y,A,-61.3,-37.6
3HIU,D,00,D,A,Y,A,-58.4,-45.0
2IJC,I,00,D,A,Y,A,-65.4,-34.4
4BHY,A,00,D,A,Y,A,-71.1,-28.3
6O07,B,00,D,A,Y,A,-89.9,128.0
6MOZ,B,00,D,A,Y,A,-54.6,-45.8
4HNW,B,00,D,A,Y,A,-81.0,147.2
3GXM,C,00,D,A,Y,A,-53.7,-51.8
2IB9,C,00,D,A,Y,A,-73.4,-38.1
5XNZ,A,00,D,A,Y,A,-65.3,-32.7
3AIQ,A,00,D,A,Y,A,-64.9,-12.9
3HIU,B,00,D,A,Y,A,-56.1,-52.7
4LDL,A,00,D,A,Y,A,-59.6,-33.8
2NT0,B,00,D,A,Y,A,-59.2,-47.8
4OK2,A,00,D,A,Y,A,-47.0,-51.0
3X3H,G,00,D,A,Y,A,-56.1,-40.3
1DYS,A,00,D,A,Y,A,-63.4,-32.1
3A3D,A,00,D,A,Y,A,-69.9,-41.0
2BZ9,A,00,D,A,Y,A,-64.6,-45.6
4BHY,D,00,D,A,Y,A,-71.0,-28.5
3AIS,A,00,D,A,Y,A,-64.8,-12.2
1V02,C,00,D,A,Y,A,-66.4,-15.3
2V3F,A,00,D,A,Y,A,-56.6,-48.4
4I64,A,00,D,A,Y,A,-59.8,-50.1
3FQ7,A,00,D,A,Y,A,56.6,-119.7
3WSY,A,00,D,A,Y,A,-73.0,139.9
4RZ3,B,00,D,A,Y,A,-73.7,-35.5
2EB6,C,00,D,A,Y,A,-61.9,-43.5
6D97,B,00,D,A,Y,A,-56.9,-40.1
2V3E,B,00,D,A,Y,A,-54.8,-50.3
4N80,A,00,D,A,Y,A,-56.5,-45.0
5VIT,E,00,D,A,Y,A,-62.0,-45.8
5VIT,T,00,D,A,Y,A,-62.3,-45.2
4KVX,B,00,D,A,Y,A,-78.7,156.8
3RKS,A,00,D,A,Y,A,-62.5,-45.3
4ZE8,C,00,D,A,Y,A,-166.9,152.2
1Q1R,A,00,D,A,Y,A,-67.0,-31.1
1JZQ,A,00,D,A,Y,A,-132.3,37.4
4XNH,B,00,D,A,Y,A,-71.6,149.8
3GXF,C,00,D,A,Y,A,-60.8,-49.5
4YK7,B,00,D,A,Y,A,-56.6,-41.4
3AMJ,A,00,D,A,Y,A,-51.8,-41.7
2Z1Q,B,00,D,A,Y,A,-69.8,-28.4
3FSL,D,00,D,A,Y,A,-65.2,145.8
3FSL,D,01,D,A,Y,A,-64.1,-19.2
3CER,C,00,D,A,Y,A,-63.7,-35.6
3RKS,B,00,D,A,Y,A,-47.2,-42.8
3AMI,B,00,D,A,Y,A,-61.3,-43.4
6Q6K,B,00,D,A,Y,A,-58.7,-44.8
2WKL,B,00,D,A,Y,A,-56.5,-48.1
3TW9,D,00,D,A,Y,A,-72.1,-48.1
2NSX,C,00,D,A,Y,A,-57.7,-46.1
4RKD,D,00,D,A,Y,A,-70.7,-21.8
3RMW,A,00,D,A,Y,A,-67.9,-22.9
3ZKD,E,00,D,A,Y,A,-62.9,-42.0
2FBT,A,00,D,A,Y,A,-63.5,-39.8
3SAN,A,00,D,A,Y,A,-164.5,48.9
4I6Y,B,00,D,A,Y,A,-60.3,-40.9
1E89,B,00,D,A,Y,A,-58.4,-45.5
1E8D,B,00,D,A,Y,A,-57.3,-46.4
1E56,B,00,D,A,Y,A,-67.4,-8.9
1N63,B,00,D,A,Y,A,-63.7,-39.7
1R31,A,00,D,A,Y,A,-64.1,-42.2
3WA5,A,00,D,A,Y,A,-62.0,-46.9
4MVN,B,00,D,A,Y,A,-119.8,21.9
4M60,A,00,D,A,Y,A,-68.1,-43.3
4KVM,H,00,D,A,Y,A,-74.7,146.8
2IBU,A,00,D,A,Y,A,-62.5,-43.3
4ZE9,A,00,D,A,Y,A,-164.3,152.6
3FQ7,B,00,D,A,Y,A,55.3,-117.6
2IB9,D,00,D,A,Y,A,-62.6,-41.1
2CI0,A,00,D,A,Y,A,-68.0,-39.2
1HXJ,B,00,D,A,Y,A,-64.2,-8.9
2IJC,G,00,D,A,Y,A,-66.6,-40.1
2W7U,D,00,D,A,Y,A,-112.6,18.8
2NT0,A,00,D,A,Y,A,-59.4,-47.0
2NT0,D,00,D,A,Y,A,-61.1,-47.9
4PMV,B,00,D,A,Y,A,-52.7,-50.1
1N61,B,00,D,A,Y,A,-66.5,-37.5
1F2H,A,00,D,A,Y,A,-60.1,-39.2
2EB5,A,00,D,A,Y,A,-58.1,-44.2
4OVJ,A,00,D,A,Y,A,-59.4,-46.8
2NT1,D,00,D,A,Y,A,-59.9,-41.5
2IB7,A,00,D,A,Y,A,-64.0,-43.3
4CAS,A,00,D,A,Y,A,-56.3,-36.7
4H51,A,00,D,A,Y,A,-68.7,-18.4
1X8V,A,00,D,A,Y,A,-69.5,-36.9
3USF,A,00,D,A,Y,A,53.0,-116.5
2NSX,B,00,D,A,Y,A,-58.2,-47.4
3RIL,B,00,D,A,Y,A,-58.6,-43.3
2X5V,C,00,D,A,Y,A,-52.6,-45.9
1N21,A,00,D,A,Y,A,-45.2,-49.5
3TAT,B,00,D,A,Y,A,-64.0,136.9
3TAT,B,01,D,A,Y,A,-60.5,-15.4
2C7B,A,00,D,A,Y,A,-63.5,-42.4
4Q34,A,00,D,A,Y,A,-57.6,-40.6
3TWA,E,00,D,A,Y,A,-74.3,-42.6
3ZKB,K,00,D,A,Y,A,-62.2,-34.4
4KVX,A,00,D,A,Y,A,-77.8,156.5
6A9E,A,00,D,A,Y,A,-74.4,-37.3
1V02,E,00,D,A,Y,A,-68.4,-14.3
3O6Q,A,00,D,A,Y,A,-65.1,-38.4
1Q1W,B,00,D,A,Y,A,-62.4,-29.1
2IB9,B,00,D,A,Y,A,-58.8,-40.3
1QAY,A,00,D,A,Y,A,-66.5,-40.1
6PRC,C,00,D,A,Y,A,-65.5,-35.2
1LL0,B,00,D,A,Y,A,-57.5,-29.9
4PMU,E,00,D,A,Y,A,-56.6,-46.6
2GSA,A,00,D,A,Y,A,49.6,-121.7
4WVY,A,00,D,A,Y,A,-68.9,-20.1
6BSN,A,00,D,A,Y,A,-67.3,-42.0
6D97,C,00,D,A,Y,A,-60.2,-37.7
3IBJ,A,00,D,A,Y,A,-119.7,128.4
1N62,E,00,D,A,Y,A,-67.3,-34.7
3A3I,A,00,D,A,Y,A,-63.7,-44.5
3GXI,A,00,D,A,Y,A,-54.6,-52.6
3CER,D,00,D,A,Y,A,-74.1,-24.7
4ZR8,B,00,D,A,Y,A,-62.2,-40.2
4M5E,A,00,D,A,Y,A,-65.1,-42.7
4KVO,G,00,D,A,Y,A,-72.7,152.1
3SVK,A,00,D,A,Y,A,-66.1,-45.3
3TW9,A,00,D,A,Y,A,-76.1,-42.6
3TWB,B,00,D,A,Y,A,-78.7,-42.9
3BB5,F,00,D,A,Y,A,-68.9,-43.8
6A9J,B,00,D,A,Y,A,-72.4,-36.2
4ZED,A,00,D,A,Y,A,-164.5,151.1
1N5W,B,00,D,A,Y,A,-59.4,-38.9
1DWP,B,00,D,A,Y,A,-53.1,-46.9
1LL0,H,00,D,A,Y,A,-57.7,-31.9
3JUW,C,00,D,A,Y,A,-55.3,-49.8
6GEJ,T,00,D,A,Y,A,-71.9,-33.1
2PRC,C,00,D,A,Y,A,-62.7,-34.9
1N22,A,00,D,A,Y,A,-53.7,-47.2
3UC7,E,00,D,A,Y,A,-71.0,-41.7
3U2W,A,00,D,A,Y,A,-75.1,-21.9
3RMV,A,00,D,A,Y,A,-73.5,-26.1
2FBV,A,00,D,A,Y,A,-61.3,-45.6
3TAT,E,00,D,A,Y,A,-63.9,136.9
3TAT,E,01,D,A,Y,A,-60.6,-15.3
2J9T,A,00,D,A,Y,A,-66.2,-35.9
2V3F,B,00,D,A,Y,A,-52.7,-49.2
5UAO,D,00,D,A,Y,A,-49.3,-49.2
2EB6,B,00,D,A,Y,A,-57.9,-46.0
3ZKB,L,00,D,A,Y,A,-65.6,-67.2
3X3H,D,00,D,A,Y,A,-58.1,-38.4
2D4Y,A,00,D,A,Y,A,-64.5,-39.4
2EB4,C,00,D,A,Y,A,-60.4,-44.6
6HD5,u,00,D,A,Y,A,-68.1,150.0
2WCG,A,00,D,A,Y,A,-61.7,-45.4
4PMU,F,00,D,A,Y,A,-56.2,-41.0
1V08,A,00,D,A,Y,A,-64.5,-11.2
3T7N,A,00,D,A,Y,A,-75.8,-24.9
1VRN,C,00,D,A,Y,A,-58.7,-38.3
2WJN,C,00,D,A,Y,A,-60.8,-35.9
4PMV,A,00,D,A,Y,A,-60.0,-45.2
2X5U,C,00,D,A,Y,A,-57.6,-38.2
2EB5,D,00,D,A,Y,A,-58.0,-46.8
1ILE,A,00,D,A,Y,A,-116.3,47.7
4RZ2,B,00,D,A,Y,A,-73.2,-38.0
2IB7,C,00,D,A,Y,A,-68.8,-38.1
1EB9,B,00,D,A,Y,A,-60.6,-43.7
2GWO,B,00,D,A,Y,A,-104.4,-173.9
2GWO,C,00,D,A,Y,A,-102.4,-173.8
2IB7,D,00,D,A,Y,A,-63.4,-40.3
2V3D,B,00,D,A,Y,A,-52.0,-51.6
3USR,A,00,D,A,Y,A,-79.9,-33.4
5B2N,A,00,D,A,Y,A,-69.7,-33.2
5VIT,Z,00,D,A,Y,A,-57.9,-42.5
2W7S,C,00,D,A,Y,A,-114.0,14.2
4PMU,B,00,D,A,Y,A,-51.1,-51.4
1QAX,B,00,D,A,Y,A,-66.7,-35.8
3T7O,A,00,D,A,Y,A,-70.4,-23.0
2HOY,B,00,D,A,Y,A,58.2,-115.5
3ZKB,A,00,D,A,Y,A,-71.4,-60.3
2IB8,D,00,D,A,Y,A,-65.9,-41.8
2IBY,B,00,D,A,Y,A,-61.0,-40.2
2NSX,A,00,D,A,Y,A,-59.2,-42.2
2IYA,A,00,D,A,Y,A,-63.7,-47.5
3ZKD,B,00,D,A,Y,A,-77.4,-68.5
4LDE,A,00,D,A,Y,A,-56.0,-41.2
3FQ8,B,00,D,A,Y,A,54.9,-120.9
3JUW,B,00,D,A,Y,A,-65.3,-39.4
3A3I,B,00,D,A,Y,A,-65.5,-44.2
5VIT,M,00,D,A,Y,A,-61.4,-47.3
5NJ4,C,00,D,A,Y,A,-62.9,-31.6
1LL0,E,00,D,A,Y,A,-55.9,-31.4
5C9A,B,00,D,A,Y,A,-102.7,128.8
3ZKB,D,00,D,A,Y,A,-69.9,-58.0
4I6A,B,00,D,A,Y,A,-54.0,-46.3
3UC7,B,00,D,A,Y,A,-71.6,-46.8
3RIL,A,00,D,A,Y,A,-64.8,-37.2
5VJ1,M,00,D,A,Y,A,-57.3,-51.3
3UFA,A,00,D,A,Y,A,-110.5,20.8
2Z1Q,A,00,D,A,Y,A,-63.9,-38.2
3X3H,F,00,D,A,Y,A,-55.8,-40.4
3QW3,A,00,D,A,Y,A,-56.7,-41.0
3ZKB,G,00,D,A,Y,A,-85.6,-63.4
1H49,A,00,D,A,Y,A,-65.0,-10.1
6I7W,A,00,D,A,Y,A,-164.6,150.7
5J1J,B,00,D,A,Y,A,-68.1,-41.0
3USQ,A,00,D,A,Y,A,-73.9,-26.7
3P1U,A,00,D,A,Y,A,-75.4,-39.5
1N61,E,00,D,A,Y,A,-66.1,-33.6
2IJC,E,00,D,A,Y,A,-67.9,-40.5
2JG5,A,00,D,A,Y,A,-95.3,27.7
4RZ3,A,00,D,A,Y,A,-74.2,-35.1
3D38,C,00,D,A,Y,A,-57.3,-38.3
3U2X,A,00,D,A,Y,A,-73.2,-20.8
1N20,B,00,D,A,Y,A,-56.4,-43.2
4Q71,A,00,D,A,Y,A,-68.5,-35.2
1N62,B,00,D,A,Y,A,-66.2,-38.9
1Y7V,A,00,D,A,Y,A,-68.3,-40.8
3GXF,A,00,D,A,Y,A,-54.7,-57.1
6D97,A,00,D,A,Y,A,-63.4,-43.7
4CT3,C,00,D,A,Y,A,-65.0,-37.6
1E4L,A,00,D,A,Y,A,-61.8,-15.9
4N88,A,00,D,A,Y,A,-63.0,-47.4
5UAO,B,00,D,A,Y,A,-61.4,-41.8
2M7D,A,00,D,A,Y,A,360.0,-42.0
2M7D,A,01,D,A,Y,A,360.0,114.1
2M7D,A,02,D,A,Y,A,360.0,144.0
2M7D,A,03,D,A,Y,A,360.0,107.3
2M7D,A,04,D,A,Y,A,360.0,-52.4
2M7D,A,05,D,A,Y,A,360.0,148.3
2M7D,A,06,D,A,Y,A,360.0,-58.0
2M7D,A,07,D,A,Y,A,360.0,106.6
2M7D,A,08,D,A,Y,A,360.0,111.6
2M7D,A,09,D,A,Y,A,360.0,149.2
2M7D,A,10,D,A,Y,A,360.0,-45.9
2M7D,A,11,D,A,Y,A,360.0,-58.1
2M7D,A,12,D,A,Y,A,360.0,140.3
2M7D,A,13,D,A,Y,A,360.0,-56.2
2M7D,A,14,D,A,Y,A,360.0,87.5
2M7D,A,15,D,A,Y,A,360.0,116.2
2M7D,A,16,D,A,Y,A,360.0,149.6
2M7D,A,17,D,A,Y,A,360.0,-62.6
2M7D,A,18,D,A,Y,A,360.0,101.9
2M7D,A,19,D,A,Y,A,360.0,-62.5
2M7D,A,20,D,A,Y,A,360.0,102.7
2M7D,A,21,D,A,Y,A,360.0,-60.6
2M7D,A,22,D,A,Y,A,360.0,153.4
2M7D,A,23,D,A,Y,A,360.0,128.8
2M7D,A,24,D,A,Y,A,360.0,-42.9
2M7D,A,25,D,A,Y,A,360.0,82.6
2M7D,A,26,D,A,Y,A,360.0,-62.0
2M7D,A,27,D,A,Y,A,360.0,155.7
2M7D,A,28,D,A,Y,A,360.0,88.9
2M7D,A,29,D,A,Y,A,360.0,100.7
2W7S,A,00,D,A,Y,A,-110.0,16.6
2E6L,A,00,D,A,Y,A,-64.2,-40.2
2XWD,B,00,D,A,Y,A,-63.8,-53.1
3HAZ,A,00,D,A,Y,A,-61.1,-42.8
3FKR,B,00,D,A,Y,A,-68.0,-38.6
1E1E,B,00,D,A,Y,A,-73.8,2.2
4CSH,C,00,D,A,Y,A,-64.5,-37.4
2PQ5,D,00,D,A,Y,A,-100.7,-177.7
1E56,A,00,D,A,Y,A,-58.2,-13.5
3U2W,B,00,D,A,Y,A,-71.4,-19.7
4NEI,B,00,D,A,Y,A,-56.0,-43.1
4F62,A,00,D,A,Y,A,-51.7,-54.0
4L16,A,00,D,A,Y,A,-78.4,-50.0
4OLK,B,00,D,A,Y,A,-64.7,-34.4
5JJP,D,00,D,A,Y,A,-66.0,-40.9
5G2D,A,00,D,A,Y,A,-68.9,-35.3
2YOC,B,00,D,A,Y,A,-67.0,-33.3
1E4N,A,00,D,A,Y,A,-57.1,-14.2
1F3V,A,00,D,A,Y,A,-65.3,-36.8
3GXM,B,00,D,A,Y,A,-57.2,-54.6
3KE0,B,00,D,A,Y,A,-56.5,-41.3
5J1J,A,00,D,A,Y,A,-67.9,-41.6
1RW1,A,00,D,A,Y,A,-65.9,-35.4
1YAA,C,00,D,A,Y,A,-75.1,-11.7
1E55,A,00,D,A,Y,A,-63.6,-14.2
2PBL,B,00,D,A,Y,A,-64.8,-41.0
3GXI,D,00,D,A,Y,A,-57.7,-46.8
1ZXI,B,00,D,A,Y,A,-65.6,-37.5
1LL0,G,00,D,A,Y,A,-57.7,-31.5
4GOQ,A,00,D,A,Y,A,-68.3,-40.4
3ZKB,M,00,D,A,Y,A,-75.8,-41.3
4HNX,B,00,D,A,Y,A,-57.9,148.1
3TAT,D,00,D,A,Y,A,-64.0,137.0
3TAT,D,01,D,A,Y,A,-60.6,-15.4
6A9J,A,00,D,A,Y,A,-74.0,-35.0
4B3H,C,00,D,A,Y,A,-71.0,-34.6
2IBW,B,00,D,A,Y,A,-62.2,-40.0
2WCG,B,00,D,A,Y,A,-60.9,-46.7
6F03,B,00,D,A,Y,A,-62.7,-42.9
4Y49,H,00,D,A,Y,A,-109.6,133.6
3X3H,E,00,D,A,Y,A,-56.7,-39.0
4ZOH,A,00,D,A,Y,A,-97.6,106.2
1ZXI,E,00,D,A,Y,A,-65.5,-36.2
4CT3,D,00,D,A,Y,A,-64.8,-38.1
2EB6,E,00,D,A,Y,A,-59.8,-43.5
4Y49,N,00,D,A,Y,A,-110.4,155.4
4I56,A,00,D,A,Y,A,-60.0,-43.2
1V08,B,00,D,A,Y,A,-63.4,-10.5
3FWN,B,00,D,A,Y,A,-64.7,-37.5
3GSB,A,00,D,A,Y,A,54.3,-130.4
6QM7,Q,00,D,A,Y,A,-68.1,-48.4
5VPJ,E,00,D,A,Y,A,-63.9,-27.3
4BHY,B,00,D,A,Y,A,-71.2,-28.2
3ZKD,D,00,D,A,Y,A,-78.6,-77.0
4YXA,C,00,D,A,Y,A,-69.9,-8.6
2FC0,A,00,D,A,Y,A,-65.8,-38.8
3HIU,A,00,D,A,Y,A,-52.0,-53.0
3SAL,A,00,D,A,Y,A,-164.1,51.4
4KVM,F,00,D,A,Y,A,-75.0,147.9
2IBU,D,00,D,A,Y,A,-67.0,-39.0
4YXA,F,00,D,A,Y,A,-65.2,-24.3
3RKS,D,00,D,A,Y,A,-64.7,-37.2
1EB8,A,00,D,A,Y,A,-67.9,-40.4
2IJC,C,00,D,A,Y,A,-68.9,-39.7
2NTO,A,00,D,A,Y,A,-60.0,-46.9
3U7B,C,00,D,A,Y,A,-58.8,-41.0
1E55,B,00,D,A,Y,A,-67.9,-7.5
4KTR,G,00,D,A,Y,A,-71.9,-27.4
3BB5,A,00,D,A,Y,A,-69.7,-36.3
3CER,A,00,D,A,Y,A,-63.6,-35.2
3UC7,D,00,D,A,Y,A,-76.4,-43.1
3AGR,B,00,D,A,Y,A,-58.1,-42.2
6FHS,C,00,D,A,Y,A,-85.1,-18.7
3U7B,E,00,D,A,Y,A,-64.7,-38.9
2IJC,D,00,D,A,Y,A,-66.2,-41.6
2IB9,A,00,D,A,Y,A,-64.6,-40.2
3RIK,B,00,D,A,Y,A,-63.4,-48.0
4RKC,A,00,D,A,Y,A,-64.6,-32.8
4GBR,B,00,D,A,Y,A,-56.6,-18.7
3FDU,C,00,D,A,Y,A,-127.3,90.0
3FDU,E,00,D,A,Y,A,-133.7,94.2
3T6E,C,00,D,A,Y,A,-57.0,-41.0
3T7O,B,00,D,A,Y,A,-77.5,-16.9
6QKI,C,00,D,A,Y,A,-62.1,-48.1
1V02,F,00,D,A,Y,A,-66.9,-14.1
4KTR,A,00,D,A,Y,A,-63.5,-23.4
5VPJ,A,00,D,A,Y,A,-66.4,-20.0
5TNU,A,00,D,A,Y,A,-67.2,-35.0
5VPJ,G,00,D,A,Y,A,-65.8,-18.2
1HXJ,A,00,D,A,Y,A,-62.2,-16.9
4OK4,B,00,D,A,Y,A,-50.6,-52.1
4M7P,A,00,D,A,Y,A,-74.7,-34.5
3GXM,D,00,D,A,Y,A,-56.6,-51.5
3ZKB,H,00,D,A,Y,A,-51.6,-76.9
3ZKB,N,00,D,A,Y,A,-69.1,-52.1
4B3I,D,00,D,A,Y,A,-71.5,-29.7
3ZKD,C,00,D,A,Y,A,-71.6,-68.5
5LWE,A,00,D,A,Y,A,-84.2,-4.0
2BZ9,B,00,D,A,Y,A,-58.5,-46.1
3A3D,B,00,D,A,Y,A,-69.3,-46.9
5VPJ,J,00,D,A,Y,A,-67.8,-16.1
4KVM,G,00,D,A,Y,A,-74.9,148.2
5XNY,A,00,D,A,Y,A,-66.0,-41.6
3UC7,A,00,D,A,Y,A,-67.5,-44.5
4ZZ5,B,00,D,A,Y,A,-46.1,-41.0
3AIR,A,00,D,A,Y,A,-67.5,-12.6
3ZKB,B,00,D,A,Y,A,-84.0,-52.8
3ORY,A,00,D,A,Y,A,-101.0,-2.1
4F62,B,00,D,A,Y,A,-56.2,-46.5
3TWB,C,00,D,A,Y,A,-77.6,-40.1
3IJ6,D,00,D,A,Y,A,-81.8,96.2
6EQL,B,00,D,A,Y,A,-68.1,-17.8
1Y7V,B,00,D,A,Y,A,-68.1,-42.2
5ABJ,D,00,D,A,Y,A,-103.4,123.3
3FDU,B,00,D,A,Y,A,-127.3,94.5
1N1Z,B,00,D,A,Y,A,-68.5,-47.9
3FSL,B,00,D,A,Y,A,-62.4,142.3
3FSL,B,01,D,A,Y,A,-63.0,-22.0
3BB5,E,00,D,A,Y,A,-65.7,-41.4
4Q71,B,00,D,A,Y,A,-69.2,-33.5
3V91,A,00,D,A,Y,A,-80.9,-33.5
2V3E,A,00,D,A,Y,A,-55.4,-51.5
4NX1,A,00,D,A,Y,A,-61.8,-42.0
3AIW,A,00,D,A,Y,A,-69.9,-9.1
6QM8,C,00,D,A,Y,A,-69.7,-43.6
5VIP,A,00,D,A,Y,A,-59.4,-44.8
4M83,B,00,D,A,Y,A,-56.5,-57.2
4KVO,F,00,D,A,Y,A,-72.7,152.2
6A9E,B,00,D,A,Y,A,-72.4,-38.0
2JBL,C,00,D,A,Y,A,-57.6,-39.6
3FSL,A,00,D,A,Y,A,-54.6,147.2
3FSL,A,01,D,A,Y,A,-76.4,-16.4
3V90,A,00,D,A,Y,A,-76.0,-33.3
2PQ5,A,00,D,A,Y,A,-106.7,-178.3
1DWP,A,00,D,A,Y,A,-57.5,-37.5
2F2S,B,00,D,A,Y,A,-69.0,-43.5
3FDU,A,00,D,A,Y,A,-129.2,94.4
3T7N,B,00,D,A,Y,A,-77.5,-20.3
3ZKB,O,00,D,A,Y,A,-72.7,-47.8
5UX2,A,00,D,A,Y,A,-64.4,162.8
6N48,A,00,D,A,Y,A,-60.4,-34.1
2FBX,A,00,D,A,Y,A,-61.6,-43.1
2JOF,A,00,D,A,Y,A,360.0,129.2
2JOF,A,01,D,A,Y,A,360.0,132.8
2JOF,A,02,D,A,Y,A,360.0,141.6
2JOF,A,03,D,A,Y,A,360.0,78.4
2JOF,A,04,D,A,Y,A,360.0,158.8
2JOF,A,05,D,A,Y,A,360.0,-92.9
2JOF,A,06,D,A,Y,A,360.0,30.7
2JOF,A,07,D,A,Y,A,360.0,33.3
2JOF,A,08,D,A,Y,A,360.0,124.6
2JOF,A,09,D,A,Y,A,360.0,140.9
2JOF,A,10,D,A,Y,A,360.0,17.6
2JOF,A,11,D,A,Y,A,360.0,110.4
2JOF,A,12,D,A,Y,A,360.0,137.1
2JOF,A,13,D,A,Y,A,360.0,169.5
2JOF,A,14,D,A,Y,A,360.0,-75.2
2JOF,A,15,D,A,Y,A,360.0,152.8
2JOF,A,16,D,A,Y,A,360.0,148.8
2JOF,A,17,D,A,Y,A,360.0,134.9
2JOF,A,18,D,A,Y,A,360.0,-88.2
2JOF,A,19,D,A,Y,A,360.0,-92.4
2JOF,A,20,D,A,Y,A,360.0,137.2
2JOF,A,21,D,A,Y,A,360.0,152.7
2JOF,A,22,D,A,Y,A,360.0,137.9
2JOF,A,23,D,A,Y,A,360.0,-88.8
2JOF,A,24,D,A,Y,A,360.0,-68.8
2JOF,A,25,D,A,Y,A,360.0,-97.9
2JOF,A,26,D,A,Y,A,360.0,115.2
2JOF,A,27,D,A,Y,A,360.0,174.0
2HP1,B,00,D,A,Y,A,54.4,-116.1
5VIP,C,00,D,A,Y,A,-58.8,-46.2
3FSL,E,00,D,A,Y,A,-59.2,149.4
3FSL,E,01,D,A,Y,A,-54.5,-22.1
2JG5,B,00,D,A,Y,A,-107.5,29.5
4KVO,E,00,D,A,Y,A,-71.7,152.5
2E6M,A,00,D,A,Y,A,-65.8,-41.8
3A3F,A,00,D,A,Y,A,-67.6,-44.1
3X3H,B,00,D,A,Y,A,-57.8,-38.5
1ZCV,A,00,D,A,Y,A,-69.8,-31.8
5G2C,A,00,D,A,Y,A,-68.0,-41.3
1H49,B,00,D,A,Y,A,-64.8,-7.8
4N7S,C,00,D,A,Y,A,-68.1,-38.1
4IL3,B,00,D,A,Y,A,-65.1,-48.5
3QW4,B,00,D,A,Y,A,-60.6,-47.6
2IBY,D,00,D,A,Y,A,-62.8,-41.1
4RA1,A,00,D,A,Y,A,-163.5,151.6
4ZZ8,A,00,D,A,Y,A,-57.7,-30.0
6MOZ,A,00,D,A,Y,A,-60.1,-48.0
3X3H,A,00,D,A,Y,A,-57.8,-37.6
3ZKB,E,00,D,A,Y,A,-68.7,-58.7
2XWE,A,00,D,A,Y,A,-63.6,-50.8
1V02,A,00,D,A,Y,A,-64.5,-15.8
3KHI,A,00,D,A,Y,A,-40.8,131.6
2IB7,B,00,D,A,Y,A,-58.1,-38.6
3FDU,D,00,D,A,Y,A,-126.3,92.6
4YX7,C,00,D,A,Y,A,-67.9,-26.3
1LL0,F,00,D,A,Y,A,-57.0,-31.5
5JVF,A,00,D,A,Y,A,-65.6,-41.7
2PQ5,B,00,D,A,Y,A,-110.8,-175.0
5VPJ,D,00,D,A,Y,A,-62.9,-28.0
5VPJ,F,00,D,A,Y,A,-68.8,-17.3
3X3H,H,00,D,A,Y,A,-56.7,-39.7
2N6E,A,00,D,A,Y,A,-59.2,-31.3
2N6E,A,01,D,A,Y,A,-62.7,-35.3
2N6E,A,02,D,A,Y,A,-67.7,-44.6
2N6E,A,03,D,A,Y,A,-64.5,-32.7
2N6E,A,04,D,A,Y,A,-62.9,-36.5
2N6E,A,05,D,A,Y,A,-61.7,-41.0
2N6E,A,06,D,A,Y,A,-56.2,-30.4
2N6E,A,07,D,A,Y,A,-61.4,-32.7
2N6E,A,08,D,A,Y,A,-61.3,-38.5
2N6E,A,09,D,A,Y,A,-114.1,-47.7
2N6E,A,10,D,A,Y,A,-64.9,-34.9
2N6E,A,11,D,A,Y,A,-61.8,-28.1
2N6E,A,12,D,A,Y,A,-56.3,-35.7
2N6E,A,13,D,A,Y,A,-62.0,-38.1
2N6E,A,14,D,A,Y,A,-105.3,-46.4
2N6E,A,15,D,A,Y,A,-70.8,-33.9
2N6E,A,16,D,A,Y,A,-48.7,-53.9
2N6E,A,17,D,A,Y,A,-50.3,-43.5
2N6E,A,18,D,A,Y,A,-61.5,-34.4
2N6E,A,19,D,A,Y,A,-65.2,-21.2
2XWD,A,00,D,A,Y,A,-60.7,-51.0
4KTP,B,00,D,A,Y,A,-66.8,-21.4
4GOQ,E,00,D,A,Y,A,-65.1,-43.4
1N24,B,00,D,A,Y,A,-53.8,-50.8
1YAA,A,00,D,A,Y,A,-78.4,-16.4
1R31,B,00,D,A,Y,A,-63.7,-41.9
4YK7,C,00,D,A,Y,A,-61.0,-40.5
1R7I,B,00,D,A,Y,A,-70.3,-31.9
6QM7,C,00,D,A,Y,A,-64.8,-49.7
4QN5,A,00,D,A,Y,A,-160.4,50.2
1ZCY,A,00,D,A,Y,A,-71.5,-32.7
4QN5,B,00,D,A,Y,A,-162.6,48.2
4YX7,F,00,D,A,Y,A,-61.2,-26.1
2NT1,A,00,D,A,Y,A,-67.2,-42.7
3V8Z,A,00,D,A,Y,A,-73.8,-31.3
1LL0,I,00,D,A,Y,A,-57.0,-31.5
3G7F,C,00,D,A,Y,A,-59.1,-37.2
4XZ6,B,00,D,A,Y,A,-82.5,-47.1
6QKJ,B,00,D,A,Y,A,-61.2,-43.7
3C7J,B,00,D,A,Y,A,-54.5,-49.3
2F2S,C,00,D,A,Y,A,-102.0,1.3
4RSM,A,00,D,A,Y,A,-58.6,-43.8
4KTR,E,00,D,A,Y,A,-85.4,-23.5
1X6A,A,00,D,A,Y,A,-70.1,130.7
1X6A,A,01,D,A,Y,A,-113.9,157.2
1X6A,A,02,D,A,Y,A,-84.9,168.2
1X6A,A,03,D,A,Y,A,-70.8,161.6
1X6A,A,04,D,A,Y,A,-78.7,-174.5
1X6A,A,05,D,A,Y,A,-132.4,130.8
1X6A,A,06,D,A,Y,A,-87.5,145.7
1X6A,A,07,D,A,Y,A,-106.5,140.2
1X6A,A,08,D,A,Y,A,-131.7,177.0
1X6A,A,09,D,A,Y,A,-64.8,149.8
1X6A,A,10,D,A,Y,A,-87.5,151.0
1X6A,A,11,D,A,Y,A,-92.7,-150.5
1X6A,A,12,D,A,Y,A,-86.1,153.7
1X6A,A,13,D,A,Y,A,-147.7,133.0
1X6A,A,14,D,A,Y,A,-83.7,-165.1
1X6A,A,15,D,A,Y,A,-118.4,-165.3
1X6A,A,16,D,A,Y,A,-127.6,136.1
1X6A,A,17,D,A,Y,A,-87.4,-162.2
1X6A,A,18,D,A,Y,A,-101.6,165.1
1X6A,A,19,D,A,Y,A,-75.6,137.8
4RKD,H,00,D,A,Y,A,-63.2,-32.0
1E1E,A,00,D,A,Y,A,-77.3,-16.5
4B3I,C,00,D,A,Y,A,-65.4,-34.0
2IXR,A,00,D,A,Y,A,-70.0,-50.8
3NFT,A,00,D,A,Y,A,-62.9,-47.4
3KEH,B,00,D,A,Y,A,-54.6,-52.6
2W09,A,00,D,A,Y,A,-65.3,-43.4
3O6Q,C,00,D,A,Y,A,-64.6,-37.1
2GSA,B,00,D,A,Y,A,57.2,-117.0
3TWA,B,00,D,A,Y,A,-75.6,-44.5
1V03,A,00,D,A,Y,A,-65.1,-12.5
2PBL,D,00,D,A,Y,A,-66.2,-38.7
2W7U,C,00,D,A,Y,A,-108.4,17.3
3X3H,C,00,D,A,Y,A,-58.6,-38.2
2IYA,B,00,D,A,Y,A,-61.4,-46.8
3RIK,D,00,D,A,Y,A,-57.2,-46.8
4PMU,D,00,D,A,Y,A,-57.9,-54.2
1YAA,B,00,D,A,Y,A,-78.7,1.7
6BJA,A,00,D,A,Y,A,-69.2,-42.1
4XPD,B,00,D,A,Y,A,-66.8,163.1
3CER,E,00,D,A,Y,A,-68.1,-34.8
4OK2,B,00,D,A,Y,A,-50.8,-52.4
5C4W,D,00,D,A,Y,A,-108.5,125.0
3BTP,A,00,D,A,Y,A,-85.5,-179.7
5M7K,A,00,D,A,Y,A,-63.2,-34.9
1LL0,C,00,D,A,Y,A,-56.2,-32.0
3QVB,A,00,D,A,Y,A,-64.7,-26.3
4NEI,A,00,D,A,Y,A,-50.0,-43.7
4WB0,A,00,D,A,Y,A,-75.5,-13.7
4I6Y,A,00,D,A,Y,A,-65.6,-43.8
3A3E,A,00,D,A,Y,A,-66.3,-44.6
3UC8,A,00,D,A,Y,A,-63.5,-45.1
2HP1,A,00,D,A,Y,A,55.7,-124.6
4M83,A,00,D,A,Y,A,-64.0,-44.9
4LUQ,B,00,D,A,Y,A,-67.4,-40.1
4ZR8,A,00,D,A,Y,A,-64.4,-42.0
3C7J,A,00,D,A,Y,A,-60.9,-41.4
5EWX,A,00,D,A,Y,A,-57.2,-36.5
4RKD,E,00,D,A,Y,A,-72.0,-13.9
4PMU,A,00,D,A,Y,A,-57.0,-56.4
4H51,B,00,D,A,Y,A,-73.9,-17.9
4OLK,A,00,D,A,Y,A,-76.8,-34.8
2EB6,D,00,D,A,Y,A,-60.2,-45.0
3GXF,D,00,D,A,Y,A,-50.6,-47.8
3RIL,C,00,D,A,Y,A,-60.9,-42.4
4AC5,C,00,D,A,Y,A,-69.2,-33.6
3IJ6,C,00,D,A,Y,A,-77.7,98.5
3ZKB,J,00,D,A,Y,A,-71.6,-52.7
3FWN,A,00,D,A,Y,A,-59.5,-41.6
4N7S,A,00,D,A,Y,A,-61.5,-48.0
4LDO,A,00,D,A,Y,A,-59.8,-29.4
4WW4,A,00,D,A,Y,A,-54.7,-28.5
4RKC,B,00,D,A,Y,A,-60.2,-33.2
3FQA,A,00,D,A,Y,A,56.4,-113.6
3BB5,D,00,D,A,Y,A,-64.4,-37.1
2ZMF,A,00,D,A,Y,A,-148.9,92.4
5M7L,A,00,D,A,Y,A,-63.3,-40.0
4OVP,B,00,D,A,Y,A,-64.5,-41.1
4RKD,A,00,D,A,Y,A,-64.7,-28.7
2IJC,H,00,D,A,Y,A,-56.3,-48.1
3SAN,B,00,D,A,Y,A,-164.7,47.2
3GXM,A,00,D,A,Y,A,-59.2,-49.2
4KTR,H,00,D,A,Y,A,-59.2,-31.4
2W0A,A,00,D,A,Y,A,-65.8,-41.9
1H5Z,A,00,D,A,Y,A,-73.1,-38.1
1PBY,A,00,D,A,Y,A,-70.6,144.8
2RVA,A,00,D,A,Y,A,-48.2,-34.0
2RVA,A,01,D,A,Y,A,-48.2,-46.2
2RVA,A,02,D,A,Y,A,-49.6,-45.9
2RVA,A,03,D,A,Y,A,-70.8,-17.5
2RVA,A,04,D,A,Y,A,-50.2,-49.9
2RVA,A,05,D,A,Y,A,-49.3,-42.1
2RVA,A,06,D,A,Y,A,-48.5,-29.8
2RVA,A,07,D,A,Y,A,-46.3,-38.3
2RVA,A,08,D,A,Y,A,-46.9,-38.7
2RVA,A,09,D,A,Y,A,-46.0,-41.9
1C92,A,00,D,A,Y,A,-86.8,85.5
5UAO,C,00,D,A,Y,A,-61.9,-42.1
1ZDG,A,00,D,A,Y,A,-79.2,-31.7
2IJC,A,00,D,A,Y,A,-69.7,-38.2
5XSD,L,00,D,A,Y,A,-72.4,-34.6
3DL1,A,00,D,A,Y,A,-56.7,147.5
4BLF,A,00,D,A,Y,A,-85.5,-178.6
4YK7,D,00,D,A,Y,A,-60.1,-40.2
6QKI,D,00,D,A,Y,A,-61.1,-49.6
1LL2,A,00,D,A,Y,A,-69.9,-29.9
2IJC,F,00,D,A,Y,A,-58.9,-46.2
2W7S,B,00,D,A,Y,A,-115.1,18.7
1N1B,B,00,D,A,Y,A,-61.7,-46.2
1E9X,A,00,D,A,Y,A,-65.6,-41.6
1PRC,C,00,D,A,Y,A,-45.4,-47.3
3AIV,A,00,D,A,Y,A,-64.3,-3.8
2IYF,A,00,D,A,Y,A,-62.5,-43.2
5XSJ,L,00,D,A,Y,A,-54.7,-40.4
4HNY,D,00,D,A,Y,A,-69.5,162.3
1N23,A,00,D,A,Y,A,-58.5,-43.7
2IZP,B,00,D,A,Y,A,-69.3,-27.2
3TWB,E,00,D,A,Y,A,-71.6,-42.0
6C9M,D,00,D,A,Y,A,-75.7,160.5
2EB5,C,00,D,A,Y,A,-58.2,-43.8
6GEN,T,00,D,A,Y,A,-75.6,-13.1
3RIK,A,00,D,A,Y,A,-57.5,-48.2
1N5W,E,00,D,A,Y,A,-64.8,-35.2
2ZYG,A,00,D,A,Y,A,-55.9,-42.0
1Q1R,B,00,D,A,Y,A,-67.8,-17.6
1N24,A,00,D,A,Y,A,-53.2,-51.8
4GGB,A,00,D,A,Y,A,-69.0,-28.2
1T02,B,00,D,A,Y,A,-62.8,-38.0
2J25,A,00,D,A,Y,A,-51.2,-45.9
4ZEC,A,00,D,A,Y,A,-167.4,153.3
2O4D,A,00,D,A,Y,A,-60.3,-43.1
3P1U,B,00,D,A,Y,A,-70.0,-41.4
2F2S,D,00,D,A,Y,A,-58.4,-48.1
4ZEI,A,00,D,A,Y,A,-164.9,159.2
5VPJ,C,00,D,A,Y,A,-64.5,-31.0
6C95,B,00,D,A,Y,A,-74.9,136.9
6FML,A,00,D,A,Y,A,-73.4,-5.7
5EDV,B,00,D,A,Y,A,-48.5,-55.9
3AIU,A,00,D,A,Y,A,-67.8,-5.7
2GWO,D,00,D,A,Y,A,-98.3,-173.4
2IBU,B,00,D,A,Y,A,-58.1,-40.7
6Q6L,A,00,D,A,Y,A,-59.4,-50.4
3GSB,B,00,D,A,Y,A,57.1,-114.6
5JQH,A,00,D,A,Y,A,-63.3,-31.3
4RZ2,A,00,D,A,Y,A,-63.1,-38.4
5EVJ,B,00,D,A,Y,A,-84.6,-55.2
5PRC,C,00,D,A,Y,A,-63.0,-35.4
3GXD,D,00,D,A,Y,A,-66.8,-50.4
3U7B,A,00,D,A,Y,A,-61.6,-41.2
1ZCT,B,00,D,A,Y,A,-72.6,-29.9
2EB4,E,00,D,A,Y,A,-61.7,-43.2
5FJG,A,00,D,A,Y,A,-59.9,-36.0
5EWX,B,00,D,A,Y,A,-55.7,-34.9
3LB8,A,00,D,A,Y,A,-102.2,-9.4
2NT1,B,00,D,A,Y,A,-56.2,-39.9
1V02,D,00,D,A,Y,A,-65.7,-15.4
1LL3,A,00,D,A,Y,A,-71.1,-30.4
5LVX,B,00,D,A,Y,A,-56.3,-53.1
5O4C,C,00,D,A,Y,A,-60.5,-36.6
1R7I,A,00,D,A,Y,A,-74.2,-35.2
3U2U,A,00,D,A,Y,A,-75.9,-17.9
2PVQ,A,00,D,A,Y,A,-53.1,-46.7
1U13,A,00,D,A,Y,A,-67.2,-36.7
1E4N,B,00,D,A,Y,A,-64.0,-9.2
5ZTK,A,00,D,A,Y,A,-70.7,-34.8
3QW3,B,00,D,A,Y,A,-56.3,-41.3
2VT0,A,00,D,A,Y,A,-56.5,-46.2
3GXF,B,00,D,A,Y,A,-56.3,-42.0
1V02,B,00,D,A,Y,A,-71.0,-14.0
1N60,E,00,D,A,Y,A,-65.8,-37.7
6MXT,A,00,D,A,Y,A,-64.5,-25.7
2XWE,B,00,D,A,Y,A,-57.8,-45.6
1MC0,A,00,D,A,Y,A,-142.6,98.8
3AMJ,C,00,D,A,Y,A,-63.8,-35.2
5JQH,B,00,D,A,Y,A,-63.4,-30.6
2W7U,B,00,D,A,Y,A,-107.7,21.1
6FML,B,00,D,A,Y,A,-76.5,-5.9
5VBA,A,00,D,A,Y,A,-57.7,-27.3
4CSH,A,00,D,A,Y,A,-66.5,-37.3
5VPJ,H,00,D,A,Y,A,-66.2,-16.9
6Q6K,A,00,D,A,Y,A,-61.4,-47.6
3TAT,F,00,D,A,Y,A,-63.9,136.9
3TAT,F,01,D,A,Y,A,-60.5,-15.3
2IBW,A,00,D,A,Y,A,-61.5,-43.7
1N20,A,00,D,A,Y,A,-58.9,-42.5
3GXD,C,00,D,A,Y,A,-50.0,-49.2
2FBY,A,00,D,A,Y,A,-63.7,-40.5
2VKU,A,00,D,A,Y,A,-72.7,-32.2
6QKI,A,00,D,A,Y,A,-60.0,-48.0
4LUQ,A,00,D,A,Y,A,-70.8,-39.2
4BHY,C,00,D,A,Y,A,-71.0,-28.6
4ZZ8,B,00,D,A,Y,A,-42.1,-40.5
3WSZ,A,00,D,A,Y,A,-74.4,148.9
6F03,D,00,D,A,Y,A,-62.9,-42.3
1LL0,J,00,D,A,Y,A,-56.7,-32.2
2HP2,B,00,D,A,Y,A,52.2,-117.1
3TW9,C,00,D,A,Y,A,-76.7,-42.3
5FM7,A,00,D,A,Y,A,-69.2,-22.1
2VT0,B,00,D,A,Y,A,-60.4,-48.1
3KE0,A,00,D,A,Y,A,-59.2,-54.1
5ZJG,B,00,D,A,Y,A,-112.9,169.6
4GSA,B,00,D,A,Y,A,55.4,-109.4
6F03,A,00,D,A,Y,A,-62.3,-42.8
3TWA,A,00,D,A,Y,A,-75.8,-42.0
1OGS,B,00,D,A,Y,A,-64.5,-46.2
3UC7,F,00,D,A,Y,A,-65.7,-43.8
5JJP,B,00,D,A,Y,A,-64.5,-38.8
2IYF,B,00,D,A,Y,A,-67.3,-37.4
4RKD,C,00,D,A,Y,A,-70.2,-37.7
3U2U,B,00,D,A,Y,A,-74.6,-20.8
4XZ6,A,00,D,A,Y,A,-67.7,-47.0
3CER,B,00,D,A,Y,A,-66.5,-35.8
4I4B,A,00,D,A,Y,A,-59.2,-44.1
3AMI,A,00,D,A,Y,A,-64.7,-40.2
3T7M,A,00,D,A,Y,A,-71.8,-16.3
4RSM,D,00,D,A,Y,A,-57.0,-46.9
4RSM,C,00,D,A,Y,A,-58.7,-42.9
1DXR,C,00,D,A,Y,A,-63.0,-35.9
4OJZ,B,00,D,A,Y,A,-55.9,-49.3
3FQA,B,00,D,A,Y,A,55.7,-112.2
2ZYG,B,00,D,A,Y,A,-58.7,-42.4
3TWA,D,00,D,A,Y,A,-72.1,-40.9
4Q72,A,00,D,A,Y,A,-65.9,-36.6
2WKL,A,00,D,A,Y,A,-61.5,-46.0
4ZE8,B,00,D,A,Y,A,-166.5,151.4
4MVN,A,00,D,A,Y,A,-114.0,14.8
2F2S,A,00,D,A,Y,A,-63.1,-41.9
3HAZ,B,00,D,A,Y,A,-65.7,-33.3
5N5P,C,00,D,A,Y,A,-109.6,11.7
3ZKD,F,00,D,A,Y,A,-127.2,-45.0
6FML,C,00,D,A,Y,A,-85.2,-18.9
2PQ5,C,00,D,A,Y,A,-103.0,176.2
4GOQ,D,00,D,A,Y,A,-64.3,-42.3
6FHS,B,00,D,A,Y,A,-76.4,-5.9
2WJM,C,00,D,A,Y,A,-55.3,-39.0
5O64,C,00,D,A,Y,A,-58.7,-37.6
4HPN,A,00,D,A,Y,A,-63.6,-36.0
3V8Y,A,00,D,A,Y,A,-82.4,-30.9
5UX2,B,00,D,A,Y,A,-63.7,165.4
2IB8,C,00,D,A,Y,A,-67.2,-39.5
2IBW,C,00,D,A,Y,A,-66.9,-38.9
1YAA,D,00,D,A,Y,A,-77.0,-11.8
3ZKB,I,00,D,A,Y,A,-77.2,-54.4
3BB5,B,00,D,A,Y,A,-67.7,-37.7
3AGR,A,00,D,A,Y,A,-64.2,-43.8
3PRC,C,00,D,A,Y,A,-61.2,-41.1
3SAL,B,00,D,A,Y,A,-165.9,47.9
2W7S,D,00,D,A,Y,A,-120.6,22.2
4GOQ,C,00,D,A,Y,A,-68.1,-37.3
1DWO,B,00,D,A,Y,A,-62.3,-45.3
1DWO,A,00,D,A,Y,A,-54.6,-41.1
5G28,A,00,D,A,Y,A,-69.9,-36.5
3ZKB,F,00,D,A,Y,A,-80.9,-58.8
3TAT,A,00,D,A,Y,A,-64.0,136.9
3TAT,A,01,D,A,Y,A,-60.6,-15.3
6C9M,B,00,D,A,Y,A,-65.8,150.3
3GXD,A,00,D,A,Y,A,-53.0,-52.5
1N60,B,00,D,A,Y,A,-66.0,-38.8
3FDU,F,00,D,A,Y,A,-126.1,106.0
4M5F,A,00,D,A,Y,A,-63.1,-43.4
2GWO,A,00,D,A,Y,A,-100.2,-176.6
2EB5,E,00,D,A,Y,A,-62.6,-45.8
2C7B,B,00,D,A,Y,A,-73.2,-39.6
2W7U,A,00,D,A,Y,A,-108.1,18.7
3TAT,C,00,D,A,Y,A,-63.9,136.9
3TAT,C,01,D,A,Y,A,-60.5,-15.4
6EPB,A,00,D,A,Y,A,-63.7,-38.0
3UC8,B,00,D,A,Y,A,-66.8,-45.0
4KTR,B,00,D,A,Y,A,-68.6,-20.7
3ZKD,H,00,D,A,Y,A,-64.1,-67.1
1DWQ,A,00,D,A,Y,A,-53.4,-43.7
5VPJ,I,00,D,A,Y,A,-65.4,-25.4
2NT0,C,00,D,A,Y,A,-57.4,-46.5
3RIK,C,00,D,A,Y,A,-57.3,-46.0
4KTP,A,00,D,A,Y,A,-71.5,-24.0
2XLH,A,00,D,A,Y,A,-54.0,-45.1
3SVK,B,00,D,A,Y,A,-69.2,-40.6
4CSH,B,00,D,A,Y,A,-63.3,-37.5
1R2C,C,00,D,A,Y,A,-63.4,-37.4
3TW9,B,00,D,A,Y,A,-69.4,-45.4
4KVO,H,00,D,A,Y,A,-71.3,151.6
2IBU,C,00,D,A,Y,A,-66.5,-41.1
2XL6,A,00,D,A,Y,A,-55.8,-37.4
6BSN,B,00,D,A,Y,A,-67.8,-40.1
3FQ8,A,00,D,A,Y,A,53.5,-121.8
3TI8,B,00,D,A,Y,A,-163.0,49.1
1JJU,A,00,D,A,Y,A,-74.9,139.5
3RKS,C,00,D,A,Y,A,-64.9,-39.8
3JUW,A,00,D,A,Y,A,-65.4,-42.7
2EB4,A,00,D,A,Y,A,-60.5,-45.3
3ZKB,P,00,D,A,Y,A,-70.6,-58.2
1N1Z,A,00,D,A,Y,A,-52.9,-46.4
6Q6N,B,00,D,A,Y,A,-56.6,-48.6
6FHS,A,00,D,A,Y,A,-73.3,-5.7
4Q73,B,00,D,A,Y,A,-62.1,-35.9
2F61,A,00,D,A,Y,A,-72.0,-48.9
5G54,A,00,D,A,Y,A,-61.8,-33.8
4ZE8,A,00,D,A,Y,A,-166.9,152.5
3T7M,B,00,D,A,Y,A,-71.9,-16.3
4OJZ,A,00,D,A,Y,A,-56.3,-54.2
2EB5,B,00,D,A,Y,A,-58.7,-45.2
5ZTL,A,00,D,A,Y,A,-67.4,-38.1
2HOY,A,00,D,A,Y,A,56.4,-121.3
3T6D,C,00,D,A,Y,A,-62.7,-35.3
5LVX,A,00,D,A,Y,A,-57.6,-52.8
4N88,C,00,D,A,Y,A,-66.7,-45.1
1N63,E,00,D,A,Y,A,-69.1,-32.9
5C8C,B,00,D,A,Y,A,-103.4,124.8
4RKD,G,00,D,A,Y,A,-59.3,-15.5
1QAX,A,00,D,A,Y,A,-68.0,-38.3
3USF,B,00,D,A,Y,A,56.4,-110.8
3WSX,A,00,D,A,Y,A,-73.9,140.7
6ET5,C,00,D,A,Y,A,-55.4,-32.8
4KTR,D,00,D,A,Y,A,-69.7,-17.3
3ZKD,G,00,D,A,Y,A,-70.1,-48.8
