3A3E,B,00,D,A,Y,A,-68.9,-39.5
1EB9,A,00,D,A,Y,A,-86.7,-29.3
3IJ6,A,00,D,A,Y,A,-79.8,-8.5
2IBY,C,00,D,A,Y,A,-65.3,-44.5
1N22,B,00,D,A,Y,A,-62.0,-40.6
6GEN,X,00,D,A,Y,A,-71.2,-27.0
4RSM,B,00,D,A,Y,A,-62.8,-49.6
3U7B,D,00,D,A,Y,A,-61.4,-44.9
4UNF,A,00,D,A,Y,A,-60.5,-44.8
4ZEB,B,00,D,A,Y,A,-66.8,-13.6
4Q73,A,00,D,A,Y,A,-64.7,-41.4
3U2T,A,00,D,A,Y,A,-63.5,-54.9
2HOZ,B,00,D,A,Y,A,-96.8,14.2
5UAO,A,00,D,A,Y,A,-62.4,-47.5
2W0B,A,00,D,A,Y,A,-66.5,-42.4
5VBA,B,00,D,A,Y,A,-63.6,-13.4
2EB4,B,00,D,A,Y,A,-56.3,-47.3
5VJ1,E,00,D,A,Y,A,-51.0,-71.5
4B3H,D,00,D,A,Y,A,-65.9,-37.4
6GEN,V,00,D,A,Y,A,-71.2,-27.0
1ZCT,A,00,D,A,Y,A,-64.6,-64.2
2EB6,A,00,D,A,Y,A,-56.7,-47.9
1QAY,B,00,D,A,Y,A,-62.5,-32.3
4L15,A,00,D,A,Y,A,-61.9,-56.6
2LL5,A,00,D,A,Y,A,-59.2,-32.4
2LL5,A,01,D,A,Y,A,-51.8,-34.8
2LL5,A,02,D,A,Y,A,-60.6,-28.2
2LL5,A,03,D,A,Y,A,-56.3,-38.2
2LL5,A,04,D,A,Y,A,-54.7,-34.9
2LL5,A,05,D,A,Y,A,-55.5,-32.8
2LL5,A,06,D,A,Y,A,-56.6,-36.8
2LL5,A,07,D,A,Y,A,-58.7,-32.5
2LL5,A,08,D,A,Y,A,-55.4,-34.2
2LL5,A,09,D,A,Y,A,-58.4,-36.9
2LL5,A,10,D,A,Y,A,-55.5,-32.4
2LL5,A,11,D,A,Y,A,-53.8,-39.2
2LL5,A,12,D,A,Y,A,-56.1,-32.4
2LL5,A,13,D,A,Y,A,-56.9,-36.1
2LL5,A,14,D,A,Y,A,-56.8,-32.8
2LL5,A,15,D,A,Y,A,-58.4,-34.3
2LL5,A,16,D,A,Y,A,-69.9,-32.9
2LL5,A,17,D,A,Y,A,-55.6,-32.9
2LL5,A,18,D,A,Y,A,-64.1,-30.4
2LL5,A,19,D,A,Y,A,-61.0,-31.4
2LL5,A,20,D,A,Y,A,-57.0,-35.6
2LL5,A,21,D,A,Y,A,-60.1,-32.7
2LL5,A,22,D,A,Y,A,-62.3,-37.5
2LL5,A,23,D,A,Y,A,-53.0,-37.7
2LL5,A,24,D,A,Y,A,-56.6,-33.2
2LL5,A,25,D,A,Y,A,-58.6,-30.2
2LL5,A,26,D,A,Y,A,-56.9,-37.7
2LL5,A,27,D,A,Y,A,-53.5,-38.4
2LL5,A,28,D,A,Y,A,-57.7,-35.4
2LL5,A,29,D,A,Y,A,-55.3,-33.7
2LL5,A,30,D,A,Y,A,-57.1,-33.4
2LL5,A,31,D,A,Y,A,-57.7,-38.7
2LL5,A,32,D,A,Y,A,-56.0,-31.9
1N1B,A,00,D,A,Y,A,-63.6,-41.6
6D97,D,00,D,A,Y,A,-83.5,-37.5
2V3D,A,00,D,A,Y,A,-66.9,-43.3
3U2V,A,00,D,A,Y,A,-72.0,-56.7
1UC6,A,00,D,A,Y,A,-91.3,136.6
1UC6,A,01,D,A,Y,A,-81.9,124.0
1UC6,A,02,D,A,Y,A,-92.3,134.6
1UC6,A,03,D,A,Y,A,-90.7,124.0
1UC6,A,04,D,A,Y,A,-91.1,124.2
1UC6,A,05,D,A,Y,A,-87.7,147.8
1UC6,A,06,D,A,Y,A,-90.7,151.4
1UC6,A,07,D,A,Y,A,-89.4,163.9
1UC6,A,08,D,A,Y,A,-79.6,146.3
1UC6,A,09,D,A,Y,A,-90.5,138.5
1UC6,A,10,D,A,Y,A,-90.5,133.4
1UC6,A,11,D,A,Y,A,-67.2,135.7
1UC6,A,12,D,A,Y,A,-90.9,152.8
1UC6,A,13,D,A,Y,A,-84.3,142.1
1UC6,A,14,D,A,Y,A,-77.0,120.9
1UC6,A,15,D,A,Y,A,-90.7,138.8
1UC6,A,16,D,A,Y,A,-88.7,143.3
1UC6,A,17,D,A,Y,A,-91.4,126.3
1UC6,A,18,D,A,Y,A,-89.3,149.3
1UC6,A,19,D,A,Y,A,-83.2,151.4
1UC6,A,20,D,A,Y,A,-87.5,163.7
2I5N,C,00,D,A,Y,A,-65.6,-42.2
1E1F,A,00,D,A,Y,A,-88.2,1.0
2IJC,B,00,D,A,Y,A,-59.0,-45.3
4OK4,A,00,D,A,Y,A,-64.6,-39.2
5N5P,A,00,D,A,Y,A,-62.8,-53.4
4B3J,D,00,D,A,Y,A,-63.2,-37.4
4KTR,F,00,D,A,Y,A,-97.3,1.8
4MVN,C,00,D,A,Y,A,-67.0,137.9
2IZP,A,00,D,A,Y,A,-53.3,-56.9
1T02,A,00,D,A,Y,A,-65.7,-40.3
2F61,B,00,D,A,Y,A,-65.0,-40.6
4I6A,A,00,D,A,Y,A,-61.0,-41.6
6GEJ,V,00,D,A,Y,A,-71.4,-21.1
2J25,B,00,D,A,Y,A,-71.7,-35.4
3KEH,A,00,D,A,Y,A,-62.3,-45.5
3ZKB,C,00,D,A,Y,A,-86.1,-43.3
3FKK,B,00,D,A,Y,A,-60.1,-41.6
5VPJ,L,00,D,A,Y,A,-69.2,-15.9
1LL0,A,00,D,A,Y,A,-61.9,-63.3
3TWA,C,00,D,A,Y,A,-65.0,-38.3
3FKR,A,00,D,A,Y,A,-57.7,-45.1
4GOQ,B,00,D,A,Y,A,-61.7,-44.9
3TI8,A,00,D,A,Y,A,-78.4,164.4
7PRC,C,00,D,A,Y,A,-59.1,-40.5
1E8D,A,00,D,A,Y,A,-77.6,-34.7
3GXD,B,00,D,A,Y,A,-65.6,-41.4
1E4L,B,00,D,A,Y,A,-80.8,-8.0
3TWB,A,00,D,A,Y,A,-66.8,-39.0
6GEJ,X,00,D,A,Y,A,-70.3,-10.6
1LL0,D,00,D,A,Y,A,-61.5,-63.5
2CIB,A,00,D,A,Y,A,-71.4,-40.9
4IIL,A,00,D,A,Y,A,-161.4,169.5
4MVN,D,00,D,A,Y,A,-68.6,134.4
1E1F,B,00,D,A,Y,A,-89.5,-9.2
1ZCU,A,00,D,A,Y,A,-64.0,-48.8
6QM8,Q,00,D,A,Y,A,-50.6,-49.4
5ZJG,D,00,D,A,Y,A,-74.6,-16.2
4OVP,A,00,D,A,Y,A,-66.6,-42.9
3UC7,C,00,D,A,Y,A,-62.3,-43.0
4CSH,D,00,D,A,Y,A,-66.8,-36.7
3U2X,B,00,D,A,Y,A,-72.7,-55.3
2NT1,C,00,D,A,Y,A,-59.1,-45.1
4I64,B,00,D,A,Y,A,-65.5,-35.2
5TNU,B,00,D,A,Y,A,-121.3,145.6
3QW4,C,00,D,A,Y,A,-59.6,-39.6
5LVX,C,00,D,A,Y,A,-59.9,-44.9
5LVX,D,00,D,A,Y,A,-60.2,-45.3
4IL3,A,00,D,A,Y,A,-56.2,-36.6
1JZS,A,00,D,A,Y,A,-62.8,138.9
3TWB,D,00,D,A,Y,A,-68.8,-41.3
3GXI,B,00,D,A,Y,A,-65.9,-42.6
2IB8,B,00,D,A,Y,A,-65.0,-41.5
5U2P,A,00,D,A,Y,A,-84.4,-18.3
1ZDF,A,00,D,A,Y,A,-65.2,-52.2
3A3F,B,00,D,A,Y,A,-77.8,-35.1
4WB0,B,00,D,A,Y,A,-90.0,3.3
2YOC,A,00,D,A,Y,A,-91.0,-34.6
3RIL,D,00,D,A,Y,A,-69.0,-45.0
5M7J,A,00,D,A,Y,A,-69.6,-41.0
1DWQ,B,00,D,A,Y,A,-77.2,-32.1
2IBY,A,00,D,A,Y,A,-62.0,-43.8
6QKI,B,00,D,A,Y,A,-58.1,-48.5
1E89,A,00,D,A,Y,A,-80.6,-34.7
4I6W,A,00,D,A,Y,A,-63.0,-40.8
3Q4S,A,00,D,A,Y,A,-65.7,-55.6
2HP2,A,00,D,A,Y,A,-99.6,10.4
6EQJ,A,00,D,A,Y,A,-68.0,-49.8
4KVM,E,00,D,A,Y,A,-103.7,144.2
6Q6N,A,00,D,A,Y,A,-62.6,-45.4
1EA1,A,00,D,A,Y,A,-65.8,-38.9
4PMU,C,00,D,A,Y,A,-68.3,-42.6
3UC8,C,00,D,A,Y,A,-59.8,-41.8
4ZZ5,A,00,D,A,Y,A,-78.4,73.3
3UFA,B,00,D,A,Y,A,-64.0,127.4
1OGS,A,00,D,A,Y,A,-54.1,-49.2
4ZEK,A,00,D,A,Y,A,-68.1,-10.3
4HNY,B,00,D,A,Y,A,-118.0,143.6
4Q72,B,00,D,A,Y,A,-62.3,-46.5
2D4Y,B,00,D,A,Y,A,-60.6,-48.3
4RKD,B,00,D,A,Y,A,-100.9,5.5
4I56,B,00,D,A,Y,A,-66.6,-35.7
5EDV,A,00,D,A,Y,A,-82.1,-29.7
3ZKD,A,00,D,A,Y,A,-65.7,-37.8
1DYS,B,00,D,A,Y,A,-60.1,-31.4
4CT3,B,00,D,A,Y,A,-67.6,-36.6
3LB8,B,00,D,A,Y,A,-71.8,-29.9
3BB5,C,00,D,A,Y,A,-64.1,-35.4
2IBW,D,00,D,A,Y,A,-57.7,-44.7
3U7B,B,00,D,A,Y,A,-62.5,-45.0
5JJP,A,00,D,A,Y,A,-68.4,-42.0
5G2A,A,00,D,A,Y,A,-75.8,-23.1
2PBL,A,00,D,A,Y,A,-57.2,-40.2
6EQL,A,00,D,A,Y,A,-69.5,-59.0
4Y49,B,00,D,A,Y,A,-132.7,135.8
1EB8,B,00,D,A,Y,A,-76.8,-35.6
4ZE8,D,00,D,A,Y,A,-70.8,-8.7
2NSX,D,00,D,A,Y,A,-64.3,-44.0
4YK7,A,00,D,A,Y,A,-72.0,-40.7
4CT3,A,00,D,A,Y,A,-67.8,-36.8
5VPJ,K,00,D,A,Y,A,-78.0,-11.5
4I4B,B,00,D,A,Y,A,-63.5,-38.3
6QKJ,A,00,D,A,Y,A,-66.3,-45.5
2IB8,A,00,D,A,Y,A,-65.6,-41.5
3FSL,C,00,D,A,Y,A,-48.0,140.5
3FSL,C,01,D,A,Y,A,-99.5,17.0
4KTR,C,00,D,A,Y,A,-108.8,16.9
5EVJ,A,00,D,A,Y,A,-62.6,-38.3
4RKD,F,00,D,A,Y,A,-100.1,14.7
2PBL,C,00,D,A,Y,A,-62.3,-30.0
5VPJ,B,00,D,A,Y,A,-68.1,-18.7
4B3J,C,00,D,A,Y,A,-66.4,-40.5
5FM6,A,00,D,A,Y,A,-65.2,-30.6
2J9T,B,00,D,A,Y,A,-66.6,-52.6
2ZMF,B,00,D,A,Y,A,-61.4,-49.1
4I6W,B,00,D,A,Y,A,-66.1,-37.2
4QKX,A,00,D,A,Y,A,-77.3,-22.3
3KTN,A,00,D,A,Y,A,-75.9,-35.0
4ZEB,A,00,D,A,Y,A,-66.9,-14.5
3HIU,C,00,D,A,Y,A,-70.7,-43.9
6F03,C,00,D,A,Y,A,-65.5,-44.4
3FKK,A,00,D,A,Y,A,-59.4,-45.4
4GSA,A,00,D,A,Y,A,-91.2,11.4
2DGA,A,00,D,A,Y,A,-83.5,-12.2
3GXI,C,00,D,A,Y,A,-61.8,-50.9
3FSL,F,00,D,A,Y,A,-69.7,132.1
3FSL,F,01,D,A,Y,A,-94.3,0.0
2EB4,D,00,D,A,Y,A,-58.3,-47.3
5JJP,C,00,D,A,Y,A,-68.4,-41.6
1N23,B,00,D,A,Y,A,-64.6,-38.4
3U2V,B,00,D,A,Y,A,-73.1,-54.6
4NX1,B,00,D,A,Y,A,-61.5,-39.6
6Q6L,B,00,D,A,Y,A,-68.9,-43.0
5LWE,B,00,D,A,Y,A,-63.1,-35.9
3IJ6,B,00,D,A,Y,A,-73.9,-11.8
2HOZ,A,00,D,A,Y,A,-102.5,12.1
1Q1W,A,00,D,A,Y,A,-54.9,-38.7
3HIU,D,00,D,A,Y,A,-58.6,-52.8
2IJC,I,00,D,A,Y,A,-69.3,-49.1
4BHY,A,00,D,A,Y,A,-152.8,156.5
6O07,B,00,D,A,Y,A,-79.6,-169.2
6MOZ,B,00,D,A,Y,A,-73.7,-42.8
4HNW,B,00,D,A,Y,A,-110.6,151.7
3GXM,C,00,D,A,Y,A,-63.2,-44.2
2IB9,C,00,D,A,Y,A,-64.7,-41.6
5XNZ,A,00,D,A,Y,A,-76.9,-39.4
3AIQ,A,00,D,A,Y,A,-85.3,-11.4
3HIU,B,00,D,A,Y,A,-60.7,-43.7
4LDL,A,00,D,A,Y,A,-76.5,-11.6
2NT0,B,00,D,A,Y,A,-64.2,-47.2
4OK2,A,00,D,A,Y,A,-71.3,-52.1
3X3H,G,00,D,A,Y,A,-71.8,-42.2
1DYS,A,00,D,A,Y,A,-64.4,-32.2
3A3D,A,00,D,A,Y,A,-57.5,-45.5
2BZ9,A,00,D,A,Y,A,-66.8,-40.7
4BHY,D,00,D,A,Y,A,-153.0,156.4
3AIS,A,00,D,A,Y,A,-85.0,-11.6
1V02,C,00,D,A,Y,A,-76.5,-9.2
2V3F,A,00,D,A,Y,A,-63.8,-43.7
4I64,A,00,D,A,Y,A,-62.1,-32.1
3FQ7,A,00,D,A,Y,A,-103.3,11.7
3WSY,A,00,D,A,Y,A,-66.4,-31.0
4RZ3,B,00,D,A,Y,A,-59.4,-45.3
2EB6,C,00,D,A,Y,A,-59.1,-47.1
6D97,B,00,D,A,Y,A,-85.0,-36.9
2V3E,B,00,D,A,Y,A,-67.8,-41.6
4N80,A,00,D,A,Y,A,-65.5,-41.3
5VIT,E,00,D,A,Y,A,-59.3,-56.2
5VIT,T,00,D,A,Y,A,-62.9,-52.0
4KVX,B,00,D,A,Y,A,-120.4,148.0
3RKS,A,00,D,A,Y,A,-78.6,-30.4
4ZE8,C,00,D,A,Y,A,-70.4,-8.1
1Q1R,A,00,D,A,Y,A,-52.7,-40.1
1JZQ,A,00,D,A,Y,A,-69.1,149.6
4XNH,B,00,D,A,Y,A,-115.0,157.3
3GXF,C,00,D,A,Y,A,-59.8,-50.6
4YK7,B,00,D,A,Y,A,-75.9,-38.9
3AMJ,A,00,D,A,Y,A,-68.7,-49.9
2Z1Q,B,00,D,A,Y,A,-68.5,-58.9
3FSL,D,00,D,A,Y,A,-63.5,145.4
3FSL,D,01,D,A,Y,A,-90.6,3.5
3CER,C,00,D,A,Y,A,-64.5,-48.8
3RKS,B,00,D,A,Y,A,-78.3,-33.2
3AMI,B,00,D,A,Y,A,-66.8,-40.0
6Q6K,B,00,D,A,Y,A,-71.4,-44.2
2WKL,B,00,D,A,Y,A,-63.0,-50.6
3TW9,D,00,D,A,Y,A,-59.2,-44.7
2NSX,C,00,D,A,Y,A,-63.6,-49.8
4RKD,D,00,D,A,Y,A,-98.2,13.4
3RMW,A,00,D,A,Y,A,-70.7,-53.5
3ZKD,E,00,D,A,Y,A,-91.0,-43.5
2FBT,A,00,D,A,Y,A,-73.0,-34.8
3SAN,A,00,D,A,Y,A,-77.2,163.2
4I6Y,B,00,D,A,Y,A,-67.4,-35.8
1E89,B,00,D,A,Y,A,-74.6,-32.9
1E8D,B,00,D,A,Y,A,-70.0,-43.6
1E56,B,00,D,A,Y,A,-82.3,-7.3
1N63,B,00,D,A,Y,A,-59.5,-39.6
1R31,A,00,D,A,Y,A,-62.6,-41.7
3WA5,A,00,D,A,Y,A,-55.4,-40.8
4MVN,B,00,D,A,Y,A,-66.1,138.8
4M60,A,00,D,A,Y,A,-60.3,-33.6
4KVM,H,00,D,A,Y,A,-102.8,146.5
2IBU,A,00,D,A,Y,A,-61.9,-43.6
4ZE9,A,00,D,A,Y,A,-67.6,-5.0
3FQ7,B,00,D,A,Y,A,-104.8,11.6
2IB9,D,00,D,A,Y,A,-60.1,-48.1
2CI0,A,00,D,A,Y,A,-71.2,-40.7
1HXJ,B,00,D,A,Y,A,-85.7,-4.3
2IJC,G,00,D,A,Y,A,-54.8,-54.0
2W7U,D,00,D,A,Y,A,-67.3,147.0
2NT0,A,00,D,A,Y,A,-63.5,-47.3
2NT0,D,00,D,A,Y,A,-63.2,-46.5
4PMV,B,00,D,A,Y,A,-64.2,-43.6
1N61,B,00,D,A,Y,A,-60.3,-37.9
1F2H,A,00,D,A,Y,A,-58.1,-38.6
2EB5,A,00,D,A,Y,A,-62.7,-46.1
4OVJ,A,00,D,A,Y,A,-61.3,-50.0
2NT1,D,00,D,A,Y,A,-77.7,-36.5
2IB7,A,00,D,A,Y,A,-59.9,-46.3
4CAS,A,00,D,A,Y,A,-68.8,-38.6
4H51,A,00,D,A,Y,A,-83.3,8.0
1X8V,A,00,D,A,Y,A,-73.0,-39.3
3USF,A,00,D,A,Y,A,-102.0,13.5
2NSX,B,00,D,A,Y,A,-62.0,-40.5
3RIL,B,00,D,A,Y,A,-67.6,-39.6
2X5V,C,00,D,A,Y,A,-55.3,-53.2
1N21,A,00,D,A,Y,A,-55.5,-40.8
3TAT,B,00,D,A,Y,A,-67.7,144.6
3TAT,B,01,D,A,Y,A,-83.4,-19.9
2C7B,A,00,D,A,Y,A,-60.6,-51.1
4Q34,A,00,D,A,Y,A,-71.2,-39.4
3TWA,E,00,D,A,Y,A,-67.4,-38.6
3ZKB,K,00,D,A,Y,A,-100.5,-51.4
4KVX,A,00,D,A,Y,A,-115.5,146.0
6A9E,A,00,D,A,Y,A,-69.0,-37.3
1V02,E,00,D,A,Y,A,-76.2,-9.4
3O6Q,A,00,D,A,Y,A,-63.5,-51.1
1Q1W,B,00,D,A,Y,A,-59.1,-43.2
2IB9,B,00,D,A,Y,A,-65.5,-41.3
1QAY,A,00,D,A,Y,A,-63.6,-31.7
6PRC,C,00,D,A,Y,A,-71.1,-36.1
1LL0,B,00,D,A,Y,A,-63.7,-62.9
4PMU,E,00,D,A,Y,A,-56.3,-51.2
2GSA,A,00,D,A,Y,A,-93.1,9.5
4WVY,A,00,D,A,Y,A,-64.5,-38.4
6BSN,A,00,D,A,Y,A,-54.4,-51.5
6D97,C,00,D,A,Y,A,-87.1,-37.3
3IBJ,A,00,D,A,Y,A,-79.8,-24.6
1N62,E,00,D,A,Y,A,-59.3,-41.6
3A3I,A,00,D,A,Y,A,-67.2,-38.9
3GXI,A,00,D,A,Y,A,-58.1,-46.0
3CER,D,00,D,A,Y,A,-66.9,-53.0
4ZR8,B,00,D,A,Y,A,-67.1,-30.8
4M5E,A,00,D,A,Y,A,-60.8,-38.4
4KVO,G,00,D,A,Y,A,-123.1,131.4
3SVK,A,00,D,A,Y,A,-57.6,-39.5
3TW9,A,00,D,A,Y,A,-58.5,-47.2
3TWB,B,00,D,A,Y,A,-58.3,-41.7
3BB5,F,00,D,A,Y,A,-58.7,-43.0
6A9J,B,00,D,A,Y,A,-72.8,-36.9
4ZED,A,00,D,A,Y,A,-68.4,-9.1
1N5W,B,00,D,A,Y,A,-60.1,-38.0
1DWP,B,00,D,A,Y,A,-72.0,-37.2
1LL0,H,00,D,A,Y,A,-61.9,-63.2
3JUW,C,00,D,A,Y,A,-76.8,-32.0
6GEJ,T,00,D,A,Y,A,-68.3,-29.2
2PRC,C,00,D,A,Y,A,-66.7,-40.4
1N22,A,00,D,A,Y,A,-62.0,-41.0
3UC7,E,00,D,A,Y,A,-60.0,-37.9
3U2W,A,00,D,A,Y,A,-69.6,-51.7
3RMV,A,00,D,A,Y,A,-70.1,-53.8
2FBV,A,00,D,A,Y,A,-63.7,-43.4
3TAT,E,00,D,A,Y,A,-67.8,144.6
3TAT,E,01,D,A,Y,A,-83.4,-19.8
2J9T,A,00,D,A,Y,A,-65.8,-54.4
2V3F,B,00,D,A,Y,A,-66.4,-44.1
5UAO,D,00,D,A,Y,A,-61.3,-47.5
2EB6,B,00,D,A,Y,A,-59.2,-46.2
3ZKB,L,00,D,A,Y,A,-61.1,-48.6
3X3H,D,00,D,A,Y,A,-72.5,-39.8
2D4Y,A,00,D,A,Y,A,-67.3,-46.6
2EB4,C,00,D,A,Y,A,-59.6,-45.4
6HD5,u,00,D,A,Y,A,-130.8,160.1
2WCG,A,00,D,A,Y,A,-66.7,-38.3
4PMU,F,00,D,A,Y,A,-70.5,-39.9
1V08,A,00,D,A,Y,A,-83.4,-9.8
3T7N,A,00,D,A,Y,A,-64.6,-60.5
1VRN,C,00,D,A,Y,A,-69.7,-38.2
2WJN,C,00,D,A,Y,A,-72.0,-38.2
4PMV,A,00,D,A,Y,A,-62.1,-46.4
2X5U,C,00,D,A,Y,A,-65.8,-46.9
2EB5,D,00,D,A,Y,A,-55.8,-50.6
1ILE,A,00,D,A,Y,A,-69.9,155.2
4RZ2,B,00,D,A,Y,A,-52.0,-47.2
2IB7,C,00,D,A,Y,A,-60.4,-46.5
1EB9,B,00,D,A,Y,A,-74.1,-39.3
2GWO,B,00,D,A,Y,A,-63.5,-32.5
2GWO,C,00,D,A,Y,A,-63.5,-32.3
2IB7,D,00,D,A,Y,A,-60.3,-48.4
2V3D,B,00,D,A,Y,A,-65.8,-40.9
3USR,A,00,D,A,Y,A,-64.2,-46.5
5B2N,A,00,D,A,Y,A,-82.5,-19.6
5VIT,Z,00,D,A,Y,A,-68.1,-51.1
2W7S,C,00,D,A,Y,A,-59.8,130.0
4PMU,B,00,D,A,Y,A,-63.0,-41.2
1QAX,B,00,D,A,Y,A,-70.4,-38.4
3T7O,A,00,D,A,Y,A,-73.3,-53.2
2HOY,B,00,D,A,Y,A,-105.6,10.2
3ZKB,A,00,D,A,Y,A,-76.4,-34.4
2IB8,D,00,D,A,Y,A,-59.0,-44.4
2IBY,B,00,D,A,Y,A,-63.9,-42.2
2NSX,A,00,D,A,Y,A,-67.8,-50.2
2IYA,A,00,D,A,Y,A,-60.5,-40.8
3ZKD,B,00,D,A,Y,A,-73.3,-29.3
4LDE,A,00,D,A,Y,A,-73.0,-12.9
3FQ8,B,00,D,A,Y,A,-100.0,14.7
3JUW,B,00,D,A,Y,A,-81.5,-37.6
3A3I,B,00,D,A,Y,A,-67.3,-38.1
5VIT,M,00,D,A,Y,A,-61.4,-53.0
5NJ4,C,00,D,A,Y,A,-72.8,-44.1
1LL0,E,00,D,A,Y,A,-62.5,-64.3
5C9A,B,00,D,A,Y,A,-60.3,-32.4
3ZKB,D,00,D,A,Y,A,-77.9,-42.5
4I6A,B,00,D,A,Y,A,-63.2,-42.9
3UC7,B,00,D,A,Y,A,-57.0,-39.4
3RIL,A,00,D,A,Y,A,-74.2,-41.9
5VJ1,M,00,D,A,Y,A,-51.0,-68.1
3UFA,A,00,D,A,Y,A,-68.5,136.1
2Z1Q,A,00,D,A,Y,A,-59.4,-55.8
3X3H,F,00,D,A,Y,A,-72.3,-41.0
3QW3,A,00,D,A,Y,A,-66.7,-43.5
3ZKB,G,00,D,A,Y,A,-58.7,-41.7
1H49,A,00,D,A,Y,A,-75.7,-14.3
6I7W,A,00,D,A,Y,A,-65.5,-14.1
5J1J,B,00,D,A,Y,A,-62.5,-43.7
3USQ,A,00,D,A,Y,A,-62.7,-52.2
3P1U,A,00,D,A,Y,A,-74.5,-36.7
1N61,E,00,D,A,Y,A,-61.4,-39.9
2IJC,E,00,D,A,Y,A,-63.2,-46.2
2JG5,A,00,D,A,Y,A,-56.3,-37.1
4RZ3,A,00,D,A,Y,A,-64.3,-41.8
3D38,C,00,D,A,Y,A,-67.4,-50.0
3U2X,A,00,D,A,Y,A,-68.1,-60.3
1N20,B,00,D,A,Y,A,-65.7,-31.7
4Q71,A,00,D,A,Y,A,-62.1,-46.7
1N62,B,00,D,A,Y,A,-56.4,-42.0
1Y7V,A,00,D,A,Y,A,-61.3,-52.8
3GXF,A,00,D,A,Y,A,-53.1,-53.7
6D97,A,00,D,A,Y,A,-81.5,-30.7
4CT3,C,00,D,A,Y,A,-66.6,-38.7
1E4L,A,00,D,A,Y,A,-83.5,-5.1
4N88,A,00,D,A,Y,A,-59.6,-35.7
5UAO,B,00,D,A,Y,A,-64.2,-40.2
2M7D,A,00,D,A,Y,A,-137.8,-69.4
2M7D,A,01,D,A,Y,A,-127.8,9.7
2M7D,A,02,D,A,Y,A,-128.6,-53.7
2M7D,A,03,D,A,Y,A,70.8,-74.6
2M7D,A,04,D,A,Y,A,-64.9,-37.7
2M7D,A,05,D,A,Y,A,-114.3,-0.5
2M7D,A,06,D,A,Y,A,73.9,-69.9
2M7D,A,07,D,A,Y,A,-141.9,-64.9
2M7D,A,08,D,A,Y,A,-127.2,-64.8
2M7D,A,09,D,A,Y,A,-124.0,31.1
2M7D,A,10,D,A,Y,A,-120.1,-65.8
2M7D,A,11,D,A,Y,A,-68.9,-36.8
2M7D,A,12,D,A,Y,A,-124.6,-62.5
2M7D,A,13,D,A,Y,A,-122.9,-67.8
2M7D,A,14,D,A,Y,A,-157.8,-67.9
2M7D,A,15,D,A,Y,A,-72.6,-40.7
2M7D,A,16,D,A,Y,A,-100.1,-5.7
2M7D,A,17,D,A,Y,A,-152.7,-66.4
2M7D,A,18,D,A,Y,A,-131.2,-68.8
2M7D,A,19,D,A,Y,A,-107.7,-40.5
2M7D,A,20,D,A,Y,A,-148.7,-67.4
2M7D,A,21,D,A,Y,A,-91.0,-19.7
2M7D,A,22,D,A,Y,A,-109.0,9.1
2M7D,A,23,D,A,Y,A,-107.4,-19.2
2M7D,A,24,D,A,Y,A,74.3,-72.8
2M7D,A,25,D,A,Y,A,-114.7,-32.9
2M7D,A,26,D,A,Y,A,-79.1,-45.0
2M7D,A,27,D,A,Y,A,-97.9,4.6
2M7D,A,28,D,A,Y,A,67.8,-75.1
2M7D,A,29,D,A,Y,A,69.0,-75.9
2W7S,A,00,D,A,Y,A,-65.5,134.9
2E6L,A,00,D,A,Y,A,-71.4,-40.3
2XWD,B,00,D,A,Y,A,-57.3,-40.3
3HAZ,A,00,D,A,Y,A,-59.7,-46.3
3FKR,B,00,D,A,Y,A,-57.9,-44.0
1E1E,B,00,D,A,Y,A,-90.9,-3.1
4CSH,C,00,D,A,Y,A,-68.6,-35.0
2PQ5,D,00,D,A,Y,A,-64.7,-31.4
1E56,A,00,D,A,Y,A,-83.4,-7.9
3U2W,B,00,D,A,Y,A,-74.1,-52.7
4NEI,B,00,D,A,Y,A,-59.4,-44.0
4F62,A,00,D,A,Y,A,-66.1,-38.2
4L16,A,00,D,A,Y,A,-58.5,-12.2
4OLK,B,00,D,A,Y,A,-73.2,-31.8
5JJP,D,00,D,A,Y,A,-66.4,-42.7
5G2D,A,00,D,A,Y,A,-71.1,-30.5
2YOC,B,00,D,A,Y,A,-91.6,-34.9
1E4N,A,00,D,A,Y,A,-78.1,-13.3
1F3V,A,00,D,A,Y,A,-59.0,-29.8
3GXM,B,00,D,A,Y,A,-56.8,-38.4
3KE0,B,00,D,A,Y,A,-69.0,-44.7
5J1J,A,00,D,A,Y,A,-61.4,-43.1
1RW1,A,00,D,A,Y,A,-71.6,-40.1
1YAA,C,00,D,A,Y,A,-98.1,1.2
1E55,A,00,D,A,Y,A,-78.7,-9.9
2PBL,B,00,D,A,Y,A,-57.0,-38.4
3GXI,D,00,D,A,Y,A,-66.0,-44.9
1ZXI,B,00,D,A,Y,A,-60.5,-37.7
1LL0,G,00,D,A,Y,A,-61.1,-64.6
4GOQ,A,00,D,A,Y,A,-61.1,-43.8
3ZKB,M,00,D,A,Y,A,-100.1,-40.9
4HNX,B,00,D,A,Y,A,-125.6,147.0
3TAT,D,00,D,A,Y,A,-67.7,144.6
3TAT,D,01,D,A,Y,A,-83.4,-19.8
6A9J,A,00,D,A,Y,A,-73.9,-35.3
4B3H,C,00,D,A,Y,A,-64.7,-42.6
2IBW,B,00,D,A,Y,A,-60.4,-42.8
2WCG,B,00,D,A,Y,A,-61.7,-39.1
6F03,B,00,D,A,Y,A,-62.7,-43.8
4Y49,H,00,D,A,Y,A,-116.7,148.7
3X3H,E,00,D,A,Y,A,-72.1,-41.4
4ZOH,A,00,D,A,Y,A,-95.3,120.9
1ZXI,E,00,D,A,Y,A,-59.7,-39.7
4CT3,D,00,D,A,Y,A,-66.3,-38.3
2EB6,E,00,D,A,Y,A,-58.5,-47.7
4Y49,N,00,D,A,Y,A,-140.5,146.4
4I56,A,00,D,A,Y,A,-62.2,-39.2
1V08,B,00,D,A,Y,A,-80.0,-13.6
3FWN,B,00,D,A,Y,A,-61.7,-42.0
3GSB,A,00,D,A,Y,A,-91.7,11.0
6QM7,Q,00,D,A,Y,A,-47.4,-49.2
5VPJ,E,00,D,A,Y,A,-77.5,5.9
4BHY,B,00,D,A,Y,A,-152.7,156.3
3ZKD,D,00,D,A,Y,A,-62.6,-49.2
4YXA,C,00,D,A,Y,A,-81.5,-1.4
2FC0,A,00,D,A,Y,A,-72.4,-42.5
3HIU,A,00,D,A,Y,A,-64.3,-32.3
3SAL,A,00,D,A,Y,A,-77.6,162.1
4KVM,F,00,D,A,Y,A,-106.9,145.0
2IBU,D,00,D,A,Y,A,-65.1,-44.1
4YXA,F,00,D,A,Y,A,-68.2,-10.2
3RKS,D,00,D,A,Y,A,-58.9,-47.3
1EB8,A,00,D,A,Y,A,-71.3,-35.2
2IJC,C,00,D,A,Y,A,-60.3,-50.1
2NTO,A,00,D,A,Y,A,-62.9,-46.9
3U7B,C,00,D,A,Y,A,-63.0,-46.7
1E55,B,00,D,A,Y,A,-84.5,-6.5
4KTR,G,00,D,A,Y,A,-96.8,6.4
3BB5,A,00,D,A,Y,A,-59.8,-40.4
3CER,A,00,D,A,Y,A,-67.6,-43.9
3UC7,D,00,D,A,Y,A,-60.0,-41.1
3AGR,B,00,D,A,Y,A,-66.4,-41.6
6FHS,C,00,D,A,Y,A,-71.0,-27.2
3U7B,E,00,D,A,Y,A,-64.0,-42.1
2IJC,D,00,D,A,Y,A,-58.9,-45.9
2IB9,A,00,D,A,Y,A,-65.0,-41.4
3RIK,B,00,D,A,Y,A,-55.8,-47.6
4RKC,A,00,D,A,Y,A,-84.1,12.6
4GBR,B,00,D,A,Y,A,-78.8,-33.9
3FDU,C,00,D,A,Y,A,-59.9,-34.3
3FDU,E,00,D,A,Y,A,-55.0,-40.5
3T6E,C,00,D,A,Y,A,-68.6,-38.2
3T7O,B,00,D,A,Y,A,-76.7,-53.3
6QKI,C,00,D,A,Y,A,-57.1,-49.5
1V02,F,00,D,A,Y,A,-75.8,-16.9
4KTR,A,00,D,A,Y,A,-99.3,11.4
5VPJ,A,00,D,A,Y,A,-69.1,-17.4
5TNU,A,00,D,A,Y,A,-121.0,147.0
5VPJ,G,00,D,A,Y,A,-66.4,-21.3
1HXJ,A,00,D,A,Y,A,-78.5,-9.1
4OK4,B,00,D,A,Y,A,-68.6,-43.7
4M7P,A,00,D,A,Y,A,-68.7,-24.0
3GXM,D,00,D,A,Y,A,-66.5,-32.3
3ZKB,H,00,D,A,Y,A,-67.6,-41.5
3ZKB,N,00,D,A,Y,A,-75.0,-38.5
4B3I,D,00,D,A,Y,A,-63.8,-42.2
3ZKD,C,00,D,A,Y,A,-64.2,-35.5
5LWE,A,00,D,A,Y,A,-66.2,-40.6
2BZ9,B,00,D,A,Y,A,-66.3,-43.8
3A3D,B,00,D,A,Y,A,-62.1,-39.8
5VPJ,J,00,D,A,Y,A,-69.9,-18.3
4KVM,G,00,D,A,Y,A,-106.9,146.0
5XNY,A,00,D,A,Y,A,-65.2,-41.6
3UC7,A,00,D,A,Y,A,-66.4,-39.4
4ZZ5,B,00,D,A,Y,A,-79.3,74.5
3AIR,A,00,D,A,Y,A,-81.6,-15.1
3ZKB,B,00,D,A,Y,A,-70.0,-45.9
3ORY,A,00,D,A,Y,A,-153.2,155.7
4F62,B,00,D,A,Y,A,-67.4,-37.1
3TWB,C,00,D,A,Y,A,-64.6,-37.0
3IJ6,D,00,D,A,Y,A,-73.5,-12.4
6EQL,B,00,D,A,Y,A,-73.8,-53.2
1Y7V,B,00,D,A,Y,A,-61.1,-51.1
5ABJ,D,00,D,A,Y,A,-55.6,-36.4
3FDU,B,00,D,A,Y,A,-55.0,-50.7
1N1Z,B,00,D,A,Y,A,-61.4,-24.3
3FSL,B,00,D,A,Y,A,-53.5,136.5
3FSL,B,01,D,A,Y,A,-92.5,9.0
3BB5,E,00,D,A,Y,A,-60.4,-45.5
4Q71,B,00,D,A,Y,A,-63.1,-48.2
3V91,A,00,D,A,Y,A,-64.3,-47.9
2V3E,A,00,D,A,Y,A,-65.3,-43.2
4NX1,A,00,D,A,Y,A,-65.9,-41.1
3AIW,A,00,D,A,Y,A,-79.0,-17.6
6QM8,C,00,D,A,Y,A,-51.2,-51.3
5VIP,A,00,D,A,Y,A,-63.6,-48.2
4M83,B,00,D,A,Y,A,-60.7,-65.6
4KVO,F,00,D,A,Y,A,-123.3,131.3
6A9E,B,00,D,A,Y,A,-68.3,-37.9
2JBL,C,00,D,A,Y,A,-67.6,-40.6
3FSL,A,00,D,A,Y,A,-66.2,138.4
3FSL,A,01,D,A,Y,A,-86.7,5.0
3V90,A,00,D,A,Y,A,-63.3,-48.6
2PQ5,A,00,D,A,Y,A,-71.5,-28.8
1DWP,A,00,D,A,Y,A,-83.2,-32.8
2F2S,B,00,D,A,Y,A,-55.8,-47.5
3FDU,A,00,D,A,Y,A,-58.5,-41.2
3T7N,B,00,D,A,Y,A,-76.0,-48.2
3ZKB,O,00,D,A,Y,A,-89.0,-41.6
5UX2,A,00,D,A,Y,A,-62.8,-33.0
6N48,A,00,D,A,Y,A,-68.6,-24.1
2FBX,A,00,D,A,Y,A,-71.6,-31.8
2JOF,A,00,D,A,Y,A,-65.3,-40.7
2JOF,A,01,D,A,Y,A,-68.6,-32.0
2JOF,A,02,D,A,Y,A,-109.1,14.7
2JOF,A,03,D,A,Y,A,-150.6,-36.7
2JOF,A,04,D,A,Y,A,59.0,2.0
2JOF,A,05,D,A,Y,A,-52.9,-32.4
2JOF,A,06,D,A,Y,A,-70.0,-31.7
2JOF,A,07,D,A,Y,A,-59.7,-32.4
2JOF,A,08,D,A,Y,A,-144.7,-33.8
2JOF,A,09,D,A,Y,A,-64.4,-26.9
2JOF,A,10,D,A,Y,A,-117.4,10.0
2JOF,A,11,D,A,Y,A,-106.2,-30.7
2JOF,A,12,D,A,Y,A,51.4,-6.1
2JOF,A,13,D,A,Y,A,-108.7,-17.1
2JOF,A,14,D,A,Y,A,-49.2,-27.4
2JOF,A,15,D,A,Y,A,-137.6,7.6
2JOF,A,16,D,A,Y,A,-94.7,1.1
2JOF,A,17,D,A,Y,A,-142.5,7.2
2JOF,A,18,D,A,Y,A,-88.7,13.6
2JOF,A,19,D,A,Y,A,-77.9,8.0
2JOF,A,20,D,A,Y,A,-118.3,0.0
2JOF,A,21,D,A,Y,A,-62.4,-29.3
2JOF,A,22,D,A,Y,A,-138.0,4.3
2JOF,A,23,D,A,Y,A,-107.1,0.0
2JOF,A,24,D,A,Y,A,-79.6,5.6
2JOF,A,25,D,A,Y,A,-106.6,-35.4
2JOF,A,26,D,A,Y,A,-141.1,7.2
2JOF,A,27,D,A,Y,A,57.1,5.3
2HP1,B,00,D,A,Y,A,-107.3,12.7
5VIP,C,00,D,A,Y,A,-62.4,-51.3
3FSL,E,00,D,A,Y,A,-63.7,150.1
3FSL,E,01,D,A,Y,A,-91.1,0.3
2JG5,B,00,D,A,Y,A,-52.5,-39.7
4KVO,E,00,D,A,Y,A,-123.2,130.8
2E6M,A,00,D,A,Y,A,-72.1,-32.4
3A3F,A,00,D,A,Y,A,-67.2,-39.8
3X3H,B,00,D,A,Y,A,-71.4,-39.7
1ZCV,A,00,D,A,Y,A,-64.1,-49.8
5G2C,A,00,D,A,Y,A,-66.4,-31.1
1H49,B,00,D,A,Y,A,-80.5,-13.6
4N7S,C,00,D,A,Y,A,-66.4,-40.6
4IL3,B,00,D,A,Y,A,-56.5,-37.7
3QW4,B,00,D,A,Y,A,-58.6,-31.8
2IBY,D,00,D,A,Y,A,-63.1,-45.3
4RA1,A,00,D,A,Y,A,-68.2,-10.0
4ZZ8,A,00,D,A,Y,A,-82.1,76.5
6MOZ,A,00,D,A,Y,A,-56.4,-51.3
3X3H,A,00,D,A,Y,A,-74.1,-39.7
3ZKB,E,00,D,A,Y,A,-67.4,-46.9
2XWE,A,00,D,A,Y,A,-65.0,-39.4
1V02,A,00,D,A,Y,A,-78.3,-7.1
3KHI,A,00,D,A,Y,A,-60.7,-25.2
2IB7,B,00,D,A,Y,A,-66.7,-42.2
3FDU,D,00,D,A,Y,A,-60.5,-43.8
4YX7,C,00,D,A,Y,A,-66.6,-7.8
1LL0,F,00,D,A,Y,A,-61.7,-63.7
5JVF,A,00,D,A,Y,A,-61.2,-48.1
2PQ5,B,00,D,A,Y,A,-67.9,-25.5
5VPJ,D,00,D,A,Y,A,-84.0,2.0
5VPJ,F,00,D,A,Y,A,-69.3,-23.0
3X3H,H,00,D,A,Y,A,-72.6,-41.3
2N6E,A,00,D,A,Y,A,-62.9,-33.4
2N6E,A,01,D,A,Y,A,-57.0,-32.6
2N6E,A,02,D,A,Y,A,-64.3,-37.6
2N6E,A,03,D,A,Y,A,-63.1,-36.5
2N6E,A,04,D,A,Y,A,-59.4,-25.8
2N6E,A,05,D,A,Y,A,-55.9,-41.2
2N6E,A,06,D,A,Y,A,-47.1,-40.9
2N6E,A,07,D,A,Y,A,-54.7,-38.2
2N6E,A,08,D,A,Y,A,-57.3,-34.9
2N6E,A,09,D,A,Y,A,-58.4,-26.1
2N6E,A,10,D,A,Y,A,-60.1,-27.4
2N6E,A,11,D,A,Y,A,-61.2,-28.2
2N6E,A,12,D,A,Y,A,-67.1,-28.9
2N6E,A,13,D,A,Y,A,-55.5,-27.3
2N6E,A,14,D,A,Y,A,-55.3,-31.4
2N6E,A,15,D,A,Y,A,-59.2,-26.4
2N6E,A,16,D,A,Y,A,-61.1,-32.3
2N6E,A,17,D,A,Y,A,-61.7,-24.4
2N6E,A,18,D,A,Y,A,-60.2,-29.8
2N6E,A,19,D,A,Y,A,-60.9,-34.8
2XWD,A,00,D,A,Y,A,-64.5,-39.8
4KTP,B,00,D,A,Y,A,-100.7,14.4
4GOQ,E,00,D,A,Y,A,-58.3,-42.4
1N24,B,00,D,A,Y,A,-57.2,-40.1
1YAA,A,00,D,A,Y,A,-94.2,9.0
1R31,B,00,D,A,Y,A,-63.6,-42.0
4YK7,C,00,D,A,Y,A,-70.8,-41.3
1R7I,B,00,D,A,Y,A,-71.4,-41.2
6QM7,C,00,D,A,Y,A,-46.0,-51.5
4QN5,A,00,D,A,Y,A,-78.7,164.0
1ZCY,A,00,D,A,Y,A,-62.9,-48.8
4QN5,B,00,D,A,Y,A,-76.4,163.7
4YX7,F,00,D,A,Y,A,-67.3,-13.9
2NT1,A,00,D,A,Y,A,-64.6,-44.7
3V8Z,A,00,D,A,Y,A,-69.8,-46.8
1LL0,I,00,D,A,Y,A,-61.4,-64.9
3G7F,C,00,D,A,Y,A,-71.8,-37.6
4XZ6,B,00,D,A,Y,A,-57.4,-43.4
6QKJ,B,00,D,A,Y,A,-70.1,-44.8
3C7J,B,00,D,A,Y,A,-58.5,-49.3
2F2S,C,00,D,A,Y,A,-58.5,-50.0
4RSM,A,00,D,A,Y,A,-64.2,-46.5
4KTR,E,00,D,A,Y,A,-93.8,12.3
1X6A,A,00,D,A,Y,A,-55.7,103.4
1X6A,A,01,D,A,Y,A,-82.9,127.4
1X6A,A,02,D,A,Y,A,-87.7,99.0
1X6A,A,03,D,A,Y,A,-80.8,109.7
1X6A,A,04,D,A,Y,A,-126.9,111.6
1X6A,A,05,D,A,Y,A,-62.9,140.7
1X6A,A,06,D,A,Y,A,-83.1,119.4
1X6A,A,07,D,A,Y,A,-68.4,106.8
1X6A,A,08,D,A,Y,A,-108.5,144.1
1X6A,A,09,D,A,Y,A,-72.2,86.1
1X6A,A,10,D,A,Y,A,-80.6,87.0
1X6A,A,11,D,A,Y,A,-143.4,142.7
1X6A,A,12,D,A,Y,A,-78.8,148.2
1X6A,A,13,D,A,Y,A,-60.9,121.5
1X6A,A,14,D,A,Y,A,-137.9,115.1
1X6A,A,15,D,A,Y,A,-116.4,141.0
1X6A,A,16,D,A,Y,A,-101.8,110.8
1X6A,A,17,D,A,Y,A,-153.4,135.1
1X6A,A,18,D,A,Y,A,-78.9,122.6
1X6A,A,19,D,A,Y,A,-69.5,139.6
4RKD,H,00,D,A,Y,A,-82.3,13.0
1E1E,A,00,D,A,Y,A,-79.8,11.5
4B3I,C,00,D,A,Y,A,-64.4,-37.3
2IXR,A,00,D,A,Y,A,-50.8,-42.7
3NFT,A,00,D,A,Y,A,-57.0,-50.4
3KEH,B,00,D,A,Y,A,-62.4,-43.0
2W09,A,00,D,A,Y,A,-64.7,-44.0
3O6Q,C,00,D,A,Y,A,-64.4,-51.7
2GSA,B,00,D,A,Y,A,-105.1,15.5
3TWA,B,00,D,A,Y,A,-61.8,-41.8
1V03,A,00,D,A,Y,A,-82.9,-8.8
2PBL,D,00,D,A,Y,A,-60.5,-32.3
2W7U,C,00,D,A,Y,A,-66.6,138.2
3X3H,C,00,D,A,Y,A,-71.6,-40.8
2IYA,B,00,D,A,Y,A,-63.1,-37.3
3RIK,D,00,D,A,Y,A,-65.7,-40.4
4PMU,D,00,D,A,Y,A,-57.1,-40.8
1YAA,B,00,D,A,Y,A,-115.5,14.0
6BJA,A,00,D,A,Y,A,-62.9,-39.2
4XPD,B,00,D,A,Y,A,-132.5,147.5
3CER,E,00,D,A,Y,A,-63.6,-49.8
4OK2,B,00,D,A,Y,A,-65.3,-48.3
5C4W,D,00,D,A,Y,A,-56.9,-35.1
3BTP,A,00,D,A,Y,A,-50.9,-22.3
5M7K,A,00,D,A,Y,A,-67.2,-41.9
1LL0,C,00,D,A,Y,A,-62.0,-62.2
3QVB,A,00,D,A,Y,A,-69.2,-58.9
4NEI,A,00,D,A,Y,A,-63.6,-39.3
4WB0,A,00,D,A,Y,A,-83.8,5.2
4I6Y,A,00,D,A,Y,A,-62.2,-41.2
3A3E,A,00,D,A,Y,A,-62.6,-47.5
3UC8,A,00,D,A,Y,A,-63.5,-42.1
2HP1,A,00,D,A,Y,A,-91.7,8.4
4M83,A,00,D,A,Y,A,-66.5,-29.8
4LUQ,B,00,D,A,Y,A,-66.3,-35.1
4ZR8,A,00,D,A,Y,A,-64.5,-31.8
3C7J,A,00,D,A,Y,A,-60.9,-47.2
5EWX,A,00,D,A,Y,A,-62.8,-8.5
4RKD,E,00,D,A,Y,A,-98.3,6.4
4PMU,A,00,D,A,Y,A,-55.3,-34.1
4H51,B,00,D,A,Y,A,-85.7,4.9
4OLK,A,00,D,A,Y,A,-73.0,-33.2
2EB6,D,00,D,A,Y,A,-58.1,-46.6
3GXF,D,00,D,A,Y,A,-66.9,-50.4
3RIL,C,00,D,A,Y,A,-68.3,-44.0
4AC5,C,00,D,A,Y,A,-73.7,-33.6
3IJ6,C,00,D,A,Y,A,-78.9,-10.1
3ZKB,J,00,D,A,Y,A,-75.8,-43.5
3FWN,A,00,D,A,Y,A,-60.2,-42.8
4N7S,A,00,D,A,Y,A,-58.2,-40.9
4LDO,A,00,D,A,Y,A,-74.3,-20.7
4WW4,A,00,D,A,Y,A,-58.3,-33.9
4RKC,B,00,D,A,Y,A,-87.4,9.4
3FQA,A,00,D,A,Y,A,-105.9,7.1
3BB5,D,00,D,A,Y,A,-64.7,-37.1
2ZMF,A,00,D,A,Y,A,-61.5,-43.1
5M7L,A,00,D,A,Y,A,-66.5,-36.0
4OVP,B,00,D,A,Y,A,-68.1,-38.4
4RKD,A,00,D,A,Y,A,-90.0,3.8
2IJC,H,00,D,A,Y,A,-60.9,-49.8
3SAN,B,00,D,A,Y,A,-75.5,161.8
3GXM,A,00,D,A,Y,A,-63.0,-42.3
4KTR,H,00,D,A,Y,A,-95.8,17.5
2W0A,A,00,D,A,Y,A,-65.7,-43.0
1H5Z,A,00,D,A,Y,A,-73.5,-35.1
1PBY,A,00,D,A,Y,A,-75.2,153.0
2RVA,A,00,D,A,Y,A,-60.0,94.6
2RVA,A,01,D,A,Y,A,-46.7,122.3
2RVA,A,02,D,A,Y,A,-42.5,107.1
2RVA,A,03,D,A,Y,A,-44.1,140.1
2RVA,A,04,D,A,Y,A,-49.9,128.8
2RVA,A,05,D,A,Y,A,-49.1,102.2
2RVA,A,06,D,A,Y,A,-42.9,127.4
2RVA,A,07,D,A,Y,A,-51.1,107.0
2RVA,A,08,D,A,Y,A,-57.0,111.6
2RVA,A,09,D,A,Y,A,-45.4,155.8
1C92,A,00,D,A,Y,A,-156.4,149.9
5UAO,C,00,D,A,Y,A,-53.7,-45.7
1ZDG,A,00,D,A,Y,A,-64.4,-52.3
2IJC,A,00,D,A,Y,A,-59.5,-51.9
5XSD,L,00,D,A,Y,A,-65.6,-44.9
3DL1,A,00,D,A,Y,A,-64.2,-8.6
4BLF,A,00,D,A,Y,A,-51.8,-22.2
4YK7,D,00,D,A,Y,A,-73.4,-38.8
6QKI,D,00,D,A,Y,A,-57.1,-49.4
1LL2,A,00,D,A,Y,A,-63.5,-53.2
2IJC,F,00,D,A,Y,A,-64.4,-47.3
2W7S,B,00,D,A,Y,A,-63.6,135.3
1N1B,B,00,D,A,Y,A,-57.9,-42.4
1E9X,A,00,D,A,Y,A,-71.5,-38.7
1PRC,C,00,D,A,Y,A,-57.9,-46.2
3AIV,A,00,D,A,Y,A,-90.1,-14.5
2IYF,A,00,D,A,Y,A,-63.2,-37.4
5XSJ,L,00,D,A,Y,A,-71.2,-40.3
4HNY,D,00,D,A,Y,A,-123.0,141.8
1N23,A,00,D,A,Y,A,-64.0,-38.9
2IZP,B,00,D,A,Y,A,-72.9,-64.2
3TWB,E,00,D,A,Y,A,-65.1,-41.7
6C9M,D,00,D,A,Y,A,-122.2,156.8
2EB5,C,00,D,A,Y,A,-58.5,-49.9
6GEN,T,00,D,A,Y,A,-71.2,-27.0
3RIK,A,00,D,A,Y,A,-60.2,-45.9
1N5W,E,00,D,A,Y,A,-60.3,-40.7
2ZYG,A,00,D,A,Y,A,-59.9,-42.4
1Q1R,B,00,D,A,Y,A,-62.7,-38.1
1N24,A,00,D,A,Y,A,-56.5,-40.5
4GGB,A,00,D,A,Y,A,-68.0,-39.7
1T02,B,00,D,A,Y,A,-69.5,-38.8
2J25,A,00,D,A,Y,A,-67.2,-37.9
4ZEC,A,00,D,A,Y,A,-70.9,-5.6
2O4D,A,00,D,A,Y,A,-62.5,-41.6
3P1U,B,00,D,A,Y,A,-72.3,-33.8
2F2S,D,00,D,A,Y,A,-52.6,-48.2
4ZEI,A,00,D,A,Y,A,-72.9,-8.3
5VPJ,C,00,D,A,Y,A,-68.2,-17.1
6C95,B,00,D,A,Y,A,-114.5,136.2
6FML,A,00,D,A,Y,A,-72.7,-19.8
5EDV,B,00,D,A,Y,A,-81.7,-29.9
3AIU,A,00,D,A,Y,A,-86.6,-14.2
2GWO,D,00,D,A,Y,A,-64.7,-35.0
2IBU,B,00,D,A,Y,A,-63.1,-43.2
6Q6L,A,00,D,A,Y,A,-60.7,-47.6
3GSB,B,00,D,A,Y,A,-111.2,14.2
5JQH,A,00,D,A,Y,A,-69.8,-31.8
4RZ2,A,00,D,A,Y,A,-59.1,-40.9
5EVJ,B,00,D,A,Y,A,-44.8,-61.0
5PRC,C,00,D,A,Y,A,-67.0,-44.6
3GXD,D,00,D,A,Y,A,-54.9,-53.1
3U7B,A,00,D,A,Y,A,-61.1,-41.7
1ZCT,B,00,D,A,Y,A,-60.4,-63.9
2EB4,E,00,D,A,Y,A,-60.1,-46.1
5FJG,A,00,D,A,Y,A,-80.4,-22.9
5EWX,B,00,D,A,Y,A,-64.0,-12.0
3LB8,A,00,D,A,Y,A,-69.5,-23.2
2NT1,B,00,D,A,Y,A,-79.1,-44.0
1V02,D,00,D,A,Y,A,-78.1,-8.4
1LL3,A,00,D,A,Y,A,-63.6,-50.7
5LVX,B,00,D,A,Y,A,-60.2,-45.2
5O4C,C,00,D,A,Y,A,-72.0,-43.8
1R7I,A,00,D,A,Y,A,-68.0,-41.7
3U2U,A,00,D,A,Y,A,-73.5,-55.1
2PVQ,A,00,D,A,Y,A,-64.1,-45.8
1U13,A,00,D,A,Y,A,-75.1,-37.7
1E4N,B,00,D,A,Y,A,-75.8,-15.8
5ZTK,A,00,D,A,Y,A,-78.0,-26.4
3QW3,B,00,D,A,Y,A,-68.0,-40.5
2VT0,A,00,D,A,Y,A,-64.1,-44.8
3GXF,B,00,D,A,Y,A,-75.4,-43.0
1V02,B,00,D,A,Y,A,-73.4,-10.6
1N60,E,00,D,A,Y,A,-56.3,-42.0
6MXT,A,00,D,A,Y,A,-73.4,-22.5
2XWE,B,00,D,A,Y,A,-69.4,-36.0
1MC0,A,00,D,A,Y,A,-54.3,-59.3
3AMJ,C,00,D,A,Y,A,-74.9,-48.2
5JQH,B,00,D,A,Y,A,-71.6,-31.8
2W7U,B,00,D,A,Y,A,-70.9,136.4
6FML,B,00,D,A,Y,A,-72.3,-33.5
5VBA,A,00,D,A,Y,A,-64.9,-14.8
4CSH,A,00,D,A,Y,A,-68.9,-37.3
5VPJ,H,00,D,A,Y,A,-76.4,-4.3
6Q6K,A,00,D,A,Y,A,-62.7,-48.3
3TAT,F,00,D,A,Y,A,-67.8,144.6
3TAT,F,01,D,A,Y,A,-83.4,-19.9
2IBW,A,00,D,A,Y,A,-60.8,-44.0
1N20,A,00,D,A,Y,A,-61.0,-48.8
3GXD,C,00,D,A,Y,A,-60.7,-45.5
2FBY,A,00,D,A,Y,A,-70.5,-35.3
2VKU,A,00,D,A,Y,A,-70.3,-42.4
6QKI,A,00,D,A,Y,A,-58.7,-48.5
4LUQ,A,00,D,A,Y,A,-61.6,-40.0
4BHY,C,00,D,A,Y,A,-152.7,156.6
4ZZ8,B,00,D,A,Y,A,-77.7,71.1
3WSZ,A,00,D,A,Y,A,-77.6,-38.5
6F03,D,00,D,A,Y,A,-65.0,-43.6
1LL0,J,00,D,A,Y,A,-61.4,-62.3
2HP2,B,00,D,A,Y,A,-99.9,10.0
3TW9,C,00,D,A,Y,A,-57.8,-44.1
5FM7,A,00,D,A,Y,A,-66.7,-18.9
2VT0,B,00,D,A,Y,A,-61.8,-43.4
3KE0,A,00,D,A,Y,A,-53.9,-44.7
5ZJG,B,00,D,A,Y,A,-77.8,-18.3
4GSA,B,00,D,A,Y,A,-109.2,9.9
6F03,A,00,D,A,Y,A,-64.9,-45.2
3TWA,A,00,D,A,Y,A,-64.0,-39.4
1OGS,B,00,D,A,Y,A,-61.4,-43.6
3UC7,F,00,D,A,Y,A,-64.7,-35.1
5JJP,B,00,D,A,Y,A,-68.0,-42.5
2IYF,B,00,D,A,Y,A,-62.1,-41.9
4RKD,C,00,D,A,Y,A,-74.8,4.0
3U2U,B,00,D,A,Y,A,-72.7,-54.9
4XZ6,A,00,D,A,Y,A,-63.9,-37.1
3CER,B,00,D,A,Y,A,-60.5,-50.2
4I4B,A,00,D,A,Y,A,-62.8,-42.8
3AMI,A,00,D,A,Y,A,-68.4,-44.8
3T7M,A,00,D,A,Y,A,-76.4,-55.0
4RSM,D,00,D,A,Y,A,-60.8,-49.5
4RSM,C,00,D,A,Y,A,-64.0,-47.5
1DXR,C,00,D,A,Y,A,-71.3,-39.0
4OJZ,B,00,D,A,Y,A,-69.8,-41.0
3FQA,B,00,D,A,Y,A,-108.2,9.2
2ZYG,B,00,D,A,Y,A,-61.1,-41.8
3TWA,D,00,D,A,Y,A,-67.5,-39.0
4Q72,A,00,D,A,Y,A,-62.4,-45.7
2WKL,A,00,D,A,Y,A,-65.8,-44.5
4ZE8,B,00,D,A,Y,A,-69.0,-10.5
4MVN,A,00,D,A,Y,A,-66.4,134.8
2F2S,A,00,D,A,Y,A,-63.3,-51.3
3HAZ,B,00,D,A,Y,A,-61.8,-49.9
5N5P,C,00,D,A,Y,A,-62.4,-52.2
3ZKD,F,00,D,A,Y,A,-84.0,-18.6
6FML,C,00,D,A,Y,A,-71.0,-27.2
2PQ5,C,00,D,A,Y,A,-64.4,-23.7
4GOQ,D,00,D,A,Y,A,-59.2,-43.2
6FHS,B,00,D,A,Y,A,-72.4,-33.5
2WJM,C,00,D,A,Y,A,-67.3,-42.6
5O64,C,00,D,A,Y,A,-67.3,-38.3
4HPN,A,00,D,A,Y,A,-66.8,-42.1
3V8Y,A,00,D,A,Y,A,-66.5,-43.8
5UX2,B,00,D,A,Y,A,-59.6,-26.1
2IB8,C,00,D,A,Y,A,-62.9,-41.9
2IBW,C,00,D,A,Y,A,-62.2,-42.8
1YAA,D,00,D,A,Y,A,-93.5,4.4
3ZKB,I,00,D,A,Y,A,-76.3,-39.4
3BB5,B,00,D,A,Y,A,-63.4,-41.3
3AGR,A,00,D,A,Y,A,-76.9,-25.8
3PRC,C,00,D,A,Y,A,-60.0,-43.9
3SAL,B,00,D,A,Y,A,-76.3,161.1
2W7S,D,00,D,A,Y,A,-68.9,133.1
4GOQ,C,00,D,A,Y,A,-64.0,-44.1
1DWO,B,00,D,A,Y,A,-68.2,-34.7
1DWO,A,00,D,A,Y,A,-81.3,-31.1
5G28,A,00,D,A,Y,A,-78.4,-28.9
3ZKB,F,00,D,A,Y,A,-66.6,-43.9
3TAT,A,00,D,A,Y,A,-67.7,144.6
3TAT,A,01,D,A,Y,A,-83.4,-19.9
6C9M,B,00,D,A,Y,A,-107.7,148.3
3GXD,A,00,D,A,Y,A,-57.0,-47.8
1N60,B,00,D,A,Y,A,-58.2,-40.8
3FDU,F,00,D,A,Y,A,-79.6,-34.5
4M5F,A,00,D,A,Y,A,-62.2,-47.0
2GWO,A,00,D,A,Y,A,-68.7,-25.3
2EB5,E,00,D,A,Y,A,-56.9,-48.7
2C7B,B,00,D,A,Y,A,-57.0,-39.4
2W7U,A,00,D,A,Y,A,-69.3,139.4
3TAT,C,00,D,A,Y,A,-67.7,144.6
3TAT,C,01,D,A,Y,A,-83.4,-19.9
6EPB,A,00,D,A,Y,A,-68.8,-38.9
3UC8,B,00,D,A,Y,A,-56.6,-38.9
4KTR,B,00,D,A,Y,A,-109.1,12.4
3ZKD,H,00,D,A,Y,A,-62.9,-32.5
1DWQ,A,00,D,A,Y,A,-70.8,-38.8
5VPJ,I,00,D,A,Y,A,-65.9,-22.3
2NT0,C,00,D,A,Y,A,-61.4,-52.6
3RIK,C,00,D,A,Y,A,-63.3,-51.7
4KTP,A,00,D,A,Y,A,-99.6,12.4
2XLH,A,00,D,A,Y,A,-86.5,-32.4
3SVK,B,00,D,A,Y,A,-62.2,-39.6
4CSH,B,00,D,A,Y,A,-70.5,-34.2
1R2C,C,00,D,A,Y,A,-63.6,-42.1
3TW9,B,00,D,A,Y,A,-62.4,-45.5
4KVO,H,00,D,A,Y,A,-124.4,131.3
2IBU,C,00,D,A,Y,A,-59.9,-45.5
2XL6,A,00,D,A,Y,A,-84.3,-37.7
6BSN,B,00,D,A,Y,A,-55.9,-49.3
3FQ8,A,00,D,A,Y,A,-95.7,10.3
3TI8,B,00,D,A,Y,A,-75.8,162.9
1JJU,A,00,D,A,Y,A,-59.4,159.6
3RKS,C,00,D,A,Y,A,-72.3,-35.9
3JUW,A,00,D,A,Y,A,-81.5,-33.0
2EB4,A,00,D,A,Y,A,-58.2,-47.2
3ZKB,P,00,D,A,Y,A,-73.3,-44.4
1N1Z,A,00,D,A,Y,A,-60.9,-43.1
6Q6N,B,00,D,A,Y,A,-65.7,-44.2
6FHS,A,00,D,A,Y,A,-72.9,-19.9
4Q73,B,00,D,A,Y,A,-66.5,-43.2
2F61,A,00,D,A,Y,A,-54.5,-43.9
5G54,A,00,D,A,Y,A,-79.7,-21.7
4ZE8,A,00,D,A,Y,A,-70.9,-8.5
3T7M,B,00,D,A,Y,A,-82.5,-51.4
4OJZ,A,00,D,A,Y,A,-64.8,-45.6
2EB5,B,00,D,A,Y,A,-60.3,-43.7
5ZTL,A,00,D,A,Y,A,-73.4,-35.2
2HOY,A,00,D,A,Y,A,-97.7,12.4
3T6D,C,00,D,A,Y,A,-68.9,-36.5
5LVX,A,00,D,A,Y,A,-60.4,-45.2
4N88,C,00,D,A,Y,A,-61.6,-35.8
1N63,E,00,D,A,Y,A,-60.7,-41.7
5C8C,B,00,D,A,Y,A,-57.6,-32.2
4RKD,G,00,D,A,Y,A,-108.5,14.7
1QAX,A,00,D,A,Y,A,-68.9,-32.5
3USF,B,00,D,A,Y,A,-112.3,7.4
3WSX,A,00,D,A,Y,A,-64.6,-36.2
6ET5,C,00,D,A,Y,A,-63.1,-56.1
4KTR,D,00,D,A,Y,A,-105.1,14.8
3ZKD,G,00,D,A,Y,A,-81.7,-28.6
3BJM,B,00,A,Y,A,Q,-93.7,143.6
5Y7K,B,00,A,Y,A,Q,-94.2,128.6
5MKE,C,00,A,Y,A,Q,-51.1,-70.8
2J7U,A,00,A,Y,A,Q,-60.8,-48.4
4E55,B,00,A,Y,A,Q,-70.1,-38.7
6OZV,A,00,A,Y,A,Q,-63.7,-33.7
6F93,B,00,A,Y,A,Q,-55.9,-43.1
3M0X,A,00,A,Y,A,Q,-62.5,-41.4
5JJR,A,00,A,Y,A,Q,-68.8,-39.1
3KL0,C,00,A,Y,A,Q,-62.5,-36.3
6BQK,A,00,A,Y,A,Q,-87.3,121.7
1IDQ,A,00,A,Y,A,Q,-55.5,-51.8
3OX4,D,00,A,Y,A,Q,-66.3,-42.6
4FQV,I,00,A,Y,A,Q,-123.9,149.8
3O9V,A,00,A,Y,A,Q,-99.5,136.1
5FIF,B,00,A,Y,A,Q,-78.1,-32.6
5Y7J,D,00,A,Y,A,Q,-90.6,126.4
3IUI,D,00,A,Y,A,Q,-59.9,-39.6
4NUA,A,00,A,Y,A,Q,360.0,157.0
3M3W,A,00,A,Y,A,Q,-62.0,-45.8
3KL5,C,00,A,Y,A,Q,-68.0,-28.1
5AC4,B,00,A,Y,A,Q,-59.7,-35.7
3OC0,B,00,A,Y,A,Q,-99.0,142.8
5EPN,A,00,A,Y,A,Q,-85.8,134.4
1GHD,A,00,A,Y,A,Q,-66.7,-39.4
2ADV,A,00,A,Y,A,Q,-70.2,-42.5
3UFA,A,00,A,Y,A,Q,-68.5,136.1
3SX4,A,00,A,Y,A,Q,-100.1,131.3
5Y7K,D,00,A,Y,A,Q,-95.1,130.0
1UQW,B,00,A,Y,A,Q,-74.4,142.2
1X0U,A,00,A,Y,A,Q,-162.8,159.3
1X0U,C,00,A,Y,A,Q,-170.5,159.4
1Q5Q,G,00,A,Y,A,Q,-65.0,-45.2
5A6A,A,00,A,Y,A,Q,-42.5,-42.4
3CCC,D,00,A,Y,A,Q,-86.3,147.0
2FM2,A,00,A,Y,A,Q,-157.6,154.9
1Q5R,A,00,A,Y,A,Q,-52.4,-59.5
3SX4,B,00,A,Y,A,Q,-83.2,142.7
2BGN,B,00,A,Y,A,Q,-90.2,150.8
4G1F,B,00,A,Y,A,Q,-84.3,142.5
3ITY,C,00,A,Y,A,Q,-63.8,-42.5
5FMZ,B,00,A,Y,A,Q,-97.2,6.4
1FM2,A,00,A,Y,A,Q,-63.1,-41.4
3G0B,D,00,A,Y,A,Q,-92.5,146.8
3F8S,A,00,A,Y,A,Q,-90.1,144.0
3CCB,B,00,A,Y,A,Q,-85.8,142.5
2BUZ,B,00,A,Y,A,Q,-89.8,165.4
3SU2,A,00,A,Y,A,Q,-89.1,133.3
5Y7H,B,00,A,Y,A,Q,-80.1,140.7
6B1E,A,00,A,Y,A,Q,-94.9,146.4
3G0B,B,00,A,Y,A,Q,-92.0,148.7
3OX4,A,00,A,Y,A,Q,-64.2,-47.7
5F3T,A,00,A,Y,A,Q,-61.4,-44.8
4MTP,B,00,A,Y,A,Q,-63.1,-59.7
2VKZ,B,00,A,Y,A,Q,-88.2,16.8
4WH8,B,00,A,Y,A,Q,-89.0,131.0
2X3X,A,00,A,Y,A,Q,-59.1,-74.9
4QAW,F,00,A,Y,A,Q,-66.8,-51.9
2AJL,J,00,A,Y,A,Q,-91.1,145.2
6B1O,B,00,A,Y,A,Q,-95.1,146.6
3SUE,B,00,A,Y,A,Q,-156.2,168.3
3CZX,C,00,A,Y,A,Q,-63.3,-29.9
3IUD,C,00,A,Y,A,Q,-62.5,-40.2
4GJJ,C,00,A,Y,A,Q,-55.8,-47.8
2W7S,B,00,A,Y,A,Q,-63.6,135.3
3CCB,D,00,A,Y,A,Q,-84.9,145.6
1R9M,D,00,A,Y,A,Q,-92.2,149.1
2AJD,D,00,A,Y,A,Q,-90.6,160.5
5CJS,H,00,A,Y,A,Q,-123.5,149.2
1ORV,A,00,A,Y,A,Q,-94.4,145.0
2IBM,B,00,A,Y,A,Q,-36.8,123.2
1M6N,A,00,A,Y,A,Q,-155.3,57.6
3CCB,C,00,A,Y,A,Q,-100.7,145.4
1M06,F,00,A,Y,A,Q,-47.5,-44.9
5Z1W,B,00,A,Y,A,Q,-62.4,-40.4
4FQI,H,00,A,Y,A,Q,-124.6,152.1
3VJL,A,00,A,Y,A,Q,-93.7,148.9
4ZUL,A,00,A,Y,A,Q,-68.6,-39.2
3M0H,D,00,A,Y,A,Q,-63.0,-38.9
2X3V,C,00,A,Y,A,Q,-62.9,-53.6
5VTA,D,00,A,Y,A,Q,-76.8,150.0
2OAG,B,00,A,Y,A,Q,-101.5,153.2
3IUD,D,00,A,Y,A,Q,-64.6,-36.9
5HN0,A,00,A,Y,A,Q,-57.2,-47.6
6MYK,C,00,A,Y,A,Q,360.0,163.8
3SU0,A,00,A,Y,A,Q,-83.2,133.5
3G0B,A,00,A,Y,A,Q,-92.0,140.1
3JC5,c,00,A,Y,A,Q,-113.5,109.4
3M0X,C,00,A,Y,A,Q,-63.2,-40.9
3UC7,D,00,A,Y,A,Q,-60.0,-41.1
4GJJ,D,00,A,Y,A,Q,-62.6,-46.2
1EOC,B,00,A,Y,A,Q,-95.7,164.4
3EOM,C,00,A,Y,A,Q,-65.6,-43.3
2V4X,A,00,A,Y,A,Q,-60.7,-37.4
4PNZ,B,00,A,Y,A,Q,-93.5,149.4
3HMJ,A,00,A,Y,A,Q,-88.1,17.1
4WSA,B,00,A,Y,A,Q,-107.8,3.7
3ITO,C,00,A,Y,A,Q,-63.3,-36.9
3LG3,B,00,A,Y,A,Q,-71.7,-44.4
3VR5,E,00,A,Y,A,Q,-71.5,-35.2
5A6T,C,00,A,Y,A,Q,-101.2,-30.4
2F9V,A,00,A,Y,A,Q,-141.1,150.2
3EOM,D,00,A,Y,A,Q,-53.4,-47.2
1QTR,A,00,A,Y,A,Q,-56.6,-33.1
2QT9,B,00,A,Y,A,Q,-101.1,152.3
2JOF,A,00,A,Y,A,Q,-65.3,-40.7
2JOF,A,01,A,Y,A,Q,-68.6,-32.0
2JOF,A,02,A,Y,A,Q,-109.1,14.7
2JOF,A,03,A,Y,A,Q,-150.6,-36.7
2JOF,A,04,A,Y,A,Q,59.0,2.0
2JOF,A,05,A,Y,A,Q,-52.9,-32.4
2JOF,A,06,A,Y,A,Q,-70.0,-31.7
2JOF,A,07,A,Y,A,Q,-59.7,-32.4
2JOF,A,08,A,Y,A,Q,-144.7,-33.8
2JOF,A,09,A,Y,A,Q,-64.4,-26.9
2JOF,A,10,A,Y,A,Q,-117.4,10.0
2JOF,A,11,A,Y,A,Q,-106.2,-30.7
2JOF,A,12,A,Y,A,Q,51.4,-6.1
2JOF,A,13,A,Y,A,Q,-108.7,-17.1
2JOF,A,14,A,Y,A,Q,-49.2,-27.4
2JOF,A,15,A,Y,A,Q,-137.6,7.6
2JOF,A,16,A,Y,A,Q,-94.7,1.1
2JOF,A,17,A,Y,A,Q,-142.5,7.2
2JOF,A,18,A,Y,A,Q,-88.7,13.6
2JOF,A,19,A,Y,A,Q,-77.9,8.0
2JOF,A,20,A,Y,A,Q,-118.3,0.0
2JOF,A,21,A,Y,A,Q,-62.4,-29.3
2JOF,A,22,A,Y,A,Q,-138.0,4.3
2JOF,A,23,A,Y,A,Q,-107.1,0.0
2JOF,A,24,A,Y,A,Q,-79.6,5.6
2JOF,A,25,A,Y,A,Q,-106.6,-35.4
2JOF,A,26,A,Y,A,Q,-141.1,7.2
2JOF,A,27,A,Y,A,Q,57.1,5.3
3O1Q,C,00,A,Y,A,Q,-61.7,-43.4
2BUC,B,00,A,Y,A,Q,-97.3,142.1
2OQV,A,00,A,Y,A,Q,-89.9,140.1
3HAB,A,00,A,Y,A,Q,-91.0,147.2
3CZX,D,00,A,Y,A,Q,-60.6,-36.3
3CZX,B,00,A,Y,A,Q,-64.4,-29.0
6P4U,A,00,A,Y,A,Q,-67.6,-38.4
4NZP,A,00,A,Y,A,Q,-59.5,-40.4
2AJB,B,00,A,Y,A,Q,-101.0,144.5
3VJK,B,00,A,Y,A,Q,-97.4,140.2
3OWO,D,00,A,Y,A,Q,-64.2,-45.9
5CCV,B,00,A,Y,A,Q,-66.5,-45.6
5CE5,A,00,A,Y,A,Q,-55.0,-46.9
5A6J,D,00,A,Y,A,Q,-57.9,-37.8
5Y7H,A,00,A,Y,A,Q,-100.6,146.6
4ZUL,F,00,A,Y,A,Q,-61.8,-40.5
5KBY,A,00,A,Y,A,Q,-95.9,143.2
1W1I,A,00,A,Y,A,Q,-89.7,152.4
2I03,B,00,A,Y,A,Q,-99.3,143.3
6MYJ,D,00,A,Y,A,Q,360.0,46.8
2JYA,A,00,A,Y,A,Q,-57.7,-35.4
2JYA,A,01,A,Y,A,Q,-66.3,-32.3
2JYA,A,02,A,Y,A,Q,-55.4,-38.7
2JYA,A,03,A,Y,A,Q,-58.8,-37.8
2JYA,A,04,A,Y,A,Q,-59.4,-36.3
2JYA,A,05,A,Y,A,Q,-59.1,-33.5
2JYA,A,06,A,Y,A,Q,-64.6,-30.7
2JYA,A,07,A,Y,A,Q,-60.1,-36.0
2JYA,A,08,A,Y,A,Q,-60.6,-32.6
2JYA,A,09,A,Y,A,Q,-55.2,-36.8
2JYA,A,10,A,Y,A,Q,-63.6,-27.1
2JYA,A,11,A,Y,A,Q,-65.9,-32.1
2JYA,A,12,A,Y,A,Q,-56.2,-41.2
2JYA,A,13,A,Y,A,Q,-61.9,-31.3
2JYA,A,14,A,Y,A,Q,-54.7,-37.9
2JYA,A,15,A,Y,A,Q,-58.8,-36.1
2JYA,A,16,A,Y,A,Q,-62.7,-33.4
2JYA,A,17,A,Y,A,Q,-67.9,-25.9
2JYA,A,18,A,Y,A,Q,-69.0,-27.2
2JYA,A,19,A,Y,A,Q,-62.3,-30.4
4X71,A,00,A,Y,A,Q,-61.3,-39.6
1VNF,A,00,A,Y,A,Q,-54.4,-54.2
3BB0,A,00,A,Y,A,Q,-57.7,-48.9
4X0U,C,00,A,Y,A,Q,-82.5,-40.2
1DYS,B,00,A,Y,A,Q,-60.1,-31.4
3M0Y,C,00,A,Y,A,Q,-63.8,-41.6
3OPM,C,00,A,Y,A,Q,-82.7,144.8
3KWF,B,00,A,Y,A,Q,-89.2,149.0
4J3J,B,00,A,Y,A,Q,-77.1,137.2
2OGZ,A,00,A,Y,A,Q,-97.7,148.5
3VJM,A,00,A,Y,A,Q,-98.5,148.8
5CCV,H,00,A,Y,A,Q,-70.1,-44.2
3WSY,A,00,A,Y,A,Q,-66.4,-31.0
4K7K,A,00,A,Y,A,Q,-62.2,-42.8
2GBG,B,00,A,Y,A,Q,-94.7,148.6
6B1E,B,00,A,Y,A,Q,-96.2,149.1
2ZYG,A,00,A,Y,A,Q,-59.9,-42.4
4C87,C,00,A,Y,A,Q,-53.8,-43.0
5IQ6,A,00,A,Y,A,Q,-53.1,-53.3
1S3T,C,00,A,Y,A,Q,-104.3,-26.8
1X2B,A,00,A,Y,A,Q,-58.4,-42.6
2ONC,D,00,A,Y,A,Q,-89.7,149.5
3G0B,C,00,A,Y,A,Q,-92.6,138.5
5Y7J,A,00,A,Y,A,Q,-79.4,145.0
4Q51,A,00,A,Y,A,Q,-144.9,157.8
6C2N,A,00,A,Y,A,Q,-95.5,135.1
3PIK,A,00,A,Y,A,Q,-59.4,-49.6
2QJR,B,00,A,Y,A,Q,-87.8,141.7
3VR3,F,00,A,Y,A,Q,-85.5,-38.0
5ZE9,F,00,A,Y,A,Q,-65.1,-41.2
3SUD,C,00,A,Y,A,Q,-117.2,118.8
3M0H,A,00,A,Y,A,Q,-62.9,-40.1
5Z1W,A,00,A,Y,A,Q,-62.4,-40.4
3AYX,A,00,A,Y,A,Q,-69.3,-45.5
2X3X,C,00,A,Y,A,Q,-63.9,-36.2
6FZD,A,00,A,Y,A,Q,-66.1,-47.4
6BQJ,B,00,A,Y,A,Q,-70.5,147.4
2AJ8,B,00,A,Y,A,Q,-94.5,149.6
2I03,D,00,A,Y,A,Q,-99.7,146.5
4C88,D,00,A,Y,A,Q,-55.4,-38.4
5I3Q,A,00,A,Y,A,Q,-61.6,-45.0
4NZT,H,00,A,Y,A,Q,-142.7,135.6
3CXN,C,00,A,Y,A,Q,-60.4,-47.7
2A4R,A,00,A,Y,A,Q,-147.4,151.3
5MB4,A,00,A,Y,A,Q,-131.6,178.8
4C87,A,00,A,Y,A,Q,-59.5,-39.3
2HG4,B,00,A,Y,A,Q,-58.1,-50.1
2HET,B,00,A,Y,A,Q,-55.1,-61.3
3CCB,A,00,A,Y,A,Q,-93.5,140.4
2G5P,A,00,A,Y,A,Q,-95.3,145.0
2I57,A,00,A,Y,A,Q,-64.5,-36.9
1OR0,A,00,A,Y,A,Q,-63.1,-46.2
2OPH,A,00,A,Y,A,Q,-97.4,143.3
3KWJ,A,00,A,Y,A,Q,-101.4,148.5
5HMZ,A,00,A,Y,A,Q,-59.2,-46.4
4NWL,B,00,A,Y,A,Q,-85.2,120.2
3FIU,D,00,A,Y,A,Q,-63.6,-45.9
5Y7K,A,00,A,Y,A,Q,-83.9,148.5
2I57,D,00,A,Y,A,Q,-63.5,-40.8
3WSX,A,00,A,Y,A,Q,-64.6,-36.2
2AE5,A,00,A,Y,A,Q,-68.6,-37.8
4A5S,A,00,A,Y,A,Q,-96.7,147.5
5ZEA,D,00,A,Y,A,Q,-73.1,-39.3
1GK0,A,00,A,Y,A,Q,-56.6,-46.8
3SF5,A,00,A,Y,A,Q,-66.5,-44.2
3G0G,A,00,A,Y,A,Q,-96.8,137.0
2OIN,B,00,A,Y,A,Q,-131.9,148.2
3EON,C,00,A,Y,A,Q,-60.3,-46.4
3SYV,B,00,A,Y,A,Q,-58.6,-60.4
4FMP,B,00,A,Y,A,Q,-73.6,-48.0
2H6J,G,00,A,Y,A,Q,-40.8,-70.1
2AJD,A,00,A,Y,A,Q,-101.5,145.7
3ACO,B,00,A,Y,A,Q,-67.1,-41.8
4G1F,D,00,A,Y,A,Q,-81.4,133.3
2AJL,I,00,A,Y,A,Q,-99.6,155.6
2P8S,B,00,A,Y,A,Q,-99.4,152.9
5HMW,A,00,A,Y,A,Q,-58.4,-48.8
5UZR,A,00,A,Y,A,Q,-64.3,-37.0
3SWW,A,00,A,Y,A,Q,-95.7,153.2
5ISM,A,00,A,Y,A,Q,-91.0,149.7
6A70,F,00,A,Y,A,Q,-101.3,-27.4
2J6L,B,00,A,Y,A,Q,-68.1,-36.4
5KNC,F,00,A,Y,A,Q,-76.6,-38.2
6C2M,D,00,A,Y,A,Q,-103.1,118.7
4PV7,A,00,A,Y,A,Q,-79.9,131.5
2BUA,A,00,A,Y,A,Q,-97.8,146.3
3W2T,A,00,A,Y,A,Q,-90.6,149.8
4C89,C,00,A,Y,A,Q,-60.1,-35.7
5Z1W,C,00,A,Y,A,Q,-62.5,-40.3
5MKF,B,00,A,Y,A,Q,-51.5,-71.3
5MKF,C,00,A,Y,A,Q,-51.4,-71.3
2OC8,A,00,A,Y,A,Q,-150.2,154.8
4EOW,H,00,A,Y,A,Q,-141.4,119.0
6QCT,B,00,A,Y,A,Q,-109.4,4.9
5KBY,C,00,A,Y,A,Q,-92.9,143.7
5LLS,A,00,A,Y,A,Q,-87.2,141.1
3AUK,A,00,A,Y,A,Q,-59.3,-43.2
3W02,A,00,A,Y,A,Q,-63.9,-47.2
3SYV,F,00,A,Y,A,Q,-63.6,-53.2
4N8D,B,00,A,Y,A,Q,-93.7,148.4
5KNB,D,00,A,Y,A,Q,-71.7,-27.9
1EWR,A,00,A,Y,A,Q,-38.5,-25.3
3JTQ,A,00,A,Y,A,Q,-67.2,-44.4
4E22,A,00,A,Y,A,Q,-64.2,-42.0
3HMJ,B,00,A,Y,A,Q,-88.2,16.8
5UZQ,A,00,A,Y,A,Q,-68.9,-44.3
1IGW,B,00,A,Y,A,Q,-71.8,-45.9
6G48,C,00,A,Y,A,Q,-99.8,-27.9
4HDH,A,00,A,Y,A,Q,-59.2,-48.2
5ETX,A,00,A,Y,A,Q,360.0,145.0
3O9V,C,00,A,Y,A,Q,-80.0,147.0
5U8T,E,00,A,Y,A,Q,-100.7,109.6
4OEB,D,00,A,Y,A,Q,360.0,170.5
6CNV,H,00,A,Y,A,Q,-124.6,152.1
2G63,B,00,A,Y,A,Q,-97.1,149.0
3M0V,C,00,A,Y,A,Q,-65.2,-37.5
4FQH,A,00,A,Y,A,Q,-127.0,139.1
3C43,B,00,A,Y,A,Q,-103.4,159.4
4C89,B,00,A,Y,A,Q,-58.5,-39.4
4GJJ,B,00,A,Y,A,Q,-51.4,-52.6
6DU8,B,00,A,Y,A,Q,-69.0,-45.6
5M3J,B,00,A,Y,A,Q,-97.4,6.1
2QOE,B,00,A,Y,A,Q,-96.8,149.8
6NYY,D,00,A,Y,A,Q,-108.1,-33.1
3U3U,C,00,A,Y,A,Q,-132.6,150.1
4DTC,A,00,A,Y,A,Q,-84.2,137.4
3ITT,C,00,A,Y,A,Q,-66.3,-35.6
6C2M,A,00,A,Y,A,Q,-66.1,103.6
3OWO,B,00,A,Y,A,Q,-65.4,-43.6
3ITX,A,00,A,Y,A,Q,-65.3,-39.8
2IBM,A,00,A,Y,A,Q,78.3,11.8
2HG4,D,00,A,Y,A,Q,-71.5,-51.2
2F9U,A,00,A,Y,A,Q,-141.6,159.9
4ZVX,B,00,A,Y,A,Q,-70.6,-39.8
2UBP,C,00,A,Y,A,Q,-107.2,-31.4
3OWO,A,00,A,Y,A,Q,-65.0,-48.7
2J6L,H,00,A,Y,A,Q,-63.6,-42.4
3IUD,A,00,A,Y,A,Q,-65.0,-38.6
3BFV,A,00,A,Y,A,Q,-58.5,-44.5
1VNC,A,00,A,Y,A,Q,-56.5,-51.8
5A6J,B,00,A,Y,A,Q,-63.8,-29.8
1NU6,A,00,A,Y,A,Q,-100.9,150.8
2BUB,A,00,A,Y,A,Q,-107.5,146.2
2H6J,F,00,A,Y,A,Q,-33.9,-65.0
2OGZ,B,00,A,Y,A,Q,-103.2,148.9
6MYK,A,00,A,Y,A,Q,360.0,162.1
5T4B,B,00,A,Y,A,Q,-97.1,149.9
5Y7K,C,00,A,Y,A,Q,-86.8,146.3
2JIB,A,00,A,Y,A,Q,-68.0,-47.4
1EWQ,A,00,A,Y,A,Q,-67.9,-43.8
1IDU,A,00,A,Y,A,Q,-54.7,-50.4
5KBY,D,00,A,Y,A,Q,-96.6,151.2
3ITV,B,00,A,Y,A,Q,-61.5,-40.1
3M5M,B,00,A,Y,A,Q,-86.0,134.5
3M5N,C,00,A,Y,A,Q,-76.5,133.0
3M5N,B,00,A,Y,A,Q,-92.8,129.0
1JSA,A,00,A,Y,A,Q,-79.1,-32.2
1JSA,A,01,A,Y,A,Q,-73.4,-50.7
1JSA,A,02,A,Y,A,Q,-54.7,-30.3
1JSA,A,03,A,Y,A,Q,-79.3,-29.0
1JSA,A,04,A,Y,A,Q,-81.6,-17.2
1JSA,A,05,A,Y,A,Q,-89.8,-27.4
1JSA,A,06,A,Y,A,Q,-81.2,-31.8
1JSA,A,07,A,Y,A,Q,-78.2,-32.9
1JSA,A,08,A,Y,A,Q,-87.4,-20.2
1JSA,A,09,A,Y,A,Q,-71.8,-27.3
1JSA,A,10,A,Y,A,Q,-86.0,-20.5
1JSA,A,11,A,Y,A,Q,-60.7,-28.5
1JSA,A,12,A,Y,A,Q,-87.7,-29.8
1JSA,A,13,A,Y,A,Q,-75.7,-23.5
1JSA,A,14,A,Y,A,Q,-84.6,-37.5
1JSA,A,15,A,Y,A,Q,-73.4,-50.7
1JSA,A,16,A,Y,A,Q,-71.6,-20.9
1JSA,A,17,A,Y,A,Q,-60.4,-28.6
1JSA,A,18,A,Y,A,Q,-87.9,-19.9
1JSA,A,19,A,Y,A,Q,-75.7,-26.7
1JSA,A,20,A,Y,A,Q,-84.6,-32.2
1JSA,A,21,A,Y,A,Q,-75.8,-30.9
1JSA,A,22,A,Y,A,Q,-60.2,-37.0
1JSA,A,23,A,Y,A,Q,-70.9,-19.7
4QAW,A,00,A,Y,A,Q,-69.5,-38.6
3RC5,A,00,A,Y,A,Q,-82.1,136.6
3QE6,B,00,A,Y,A,Q,-62.0,-48.0
6QCX,B,00,A,Y,A,Q,-101.7,1.2
3O95,A,00,A,Y,A,Q,-98.7,137.7
4ZVW,H,00,A,Y,A,Q,-76.4,-37.9
4K7K,B,00,A,Y,A,Q,-59.1,-46.9
4FFV,A,00,A,Y,A,Q,-101.3,151.6
1IE7,C,00,A,Y,A,Q,-101.6,-31.3
3D6B,A,00,A,Y,A,Q,-57.5,-41.3
6HV9,G,00,A,Y,A,Q,-100.4,104.4
5ZWU,A,00,A,Y,A,Q,-62.1,-35.6
3ITY,B,00,A,Y,A,Q,-65.3,-39.1
4GJI,C,00,A,Y,A,Q,-62.3,-39.6
5XPX,A,00,A,Y,A,Q,-62.4,-36.9
3BFV,B,00,A,Y,A,Q,-55.8,-44.9
3UFA,B,00,A,Y,A,Q,-64.0,127.4
4DTC,B,00,A,Y,A,Q,-82.3,137.2
6D1W,C,00,A,Y,A,Q,-56.3,-57.2
1NNE,B,00,A,Y,A,Q,-53.9,-48.7
5LX8,A,00,A,Y,A,Q,-71.5,124.8
2OAG,C,00,A,Y,A,Q,-97.2,148.6
3DL8,B,00,A,Y,A,Q,-53.5,-32.6
2LL5,A,00,A,Y,A,Q,-59.2,-32.4
2LL5,A,01,A,Y,A,Q,-51.8,-34.8
2LL5,A,02,A,Y,A,Q,-60.6,-28.2
2LL5,A,03,A,Y,A,Q,-56.3,-38.2
2LL5,A,04,A,Y,A,Q,-54.7,-34.9
2LL5,A,05,A,Y,A,Q,-55.5,-32.8
2LL5,A,06,A,Y,A,Q,-56.6,-36.8
2LL5,A,07,A,Y,A,Q,-58.7,-32.5
2LL5,A,08,A,Y,A,Q,-55.4,-34.2
2LL5,A,09,A,Y,A,Q,-58.4,-36.9
2LL5,A,10,A,Y,A,Q,-55.5,-32.4
2LL5,A,11,A,Y,A,Q,-53.8,-39.2
2LL5,A,12,A,Y,A,Q,-56.1,-32.4
2LL5,A,13,A,Y,A,Q,-56.9,-36.1
2LL5,A,14,A,Y,A,Q,-56.8,-32.8
2LL5,A,15,A,Y,A,Q,-58.4,-34.3
2LL5,A,16,A,Y,A,Q,-69.9,-32.9
2LL5,A,17,A,Y,A,Q,-55.6,-32.9
2LL5,A,18,A,Y,A,Q,-64.1,-30.4
2LL5,A,19,A,Y,A,Q,-61.0,-31.4
2LL5,A,20,A,Y,A,Q,-57.0,-35.6
2LL5,A,21,A,Y,A,Q,-60.1,-32.7
2LL5,A,22,A,Y,A,Q,-62.3,-37.5
2LL5,A,23,A,Y,A,Q,-53.0,-37.7
2LL5,A,24,A,Y,A,Q,-56.6,-33.2
2LL5,A,25,A,Y,A,Q,-58.6,-30.2
2LL5,A,26,A,Y,A,Q,-56.9,-37.7
2LL5,A,27,A,Y,A,Q,-53.5,-38.4
2LL5,A,28,A,Y,A,Q,-57.7,-35.4
2LL5,A,29,A,Y,A,Q,-55.3,-33.7
2LL5,A,30,A,Y,A,Q,-57.1,-33.4
2LL5,A,31,A,Y,A,Q,-57.7,-38.7
2LL5,A,32,A,Y,A,Q,-56.0,-31.9
6CVX,A,00,A,Y,A,Q,-88.4,133.0
5CJQ,H,00,A,Y,A,Q,-122.6,149.6
4FKB,B,00,A,Y,A,Q,-60.8,-44.5
4E55,A,00,A,Y,A,Q,-65.8,-39.2
3JV2,A,00,A,Y,A,Q,-76.0,151.2
2BUW,B,00,A,Y,A,Q,-81.6,165.7
5V3S,B,00,A,Y,A,Q,-72.8,-46.9
4X6U,A,00,A,Y,A,Q,-61.0,-51.7
5AC4,A,00,A,Y,A,Q,-64.4,-34.3
2I3Z,A,00,A,Y,A,Q,-94.2,153.9
5MKF,A,00,A,Y,A,Q,-51.5,-71.3
4MTP,A,00,A,Y,A,Q,-63.0,-58.9
2BUQ,B,00,A,Y,A,Q,-88.8,164.3
6C2M,B,00,A,Y,A,Q,-90.7,116.3
3S8R,A,00,A,Y,A,Q,-61.1,-42.9
3G0G,B,00,A,Y,A,Q,-84.4,141.1
4GJI,B,00,A,Y,A,Q,-62.7,-41.2
3KL5,D,00,A,Y,A,Q,-69.6,-12.6
1TKR,A,00,A,Y,A,Q,-82.9,144.7
3VAB,B,00,A,Y,A,Q,-67.0,-41.4
2I56,D,00,A,Y,A,Q,-62.1,-40.3
3CZX,A,00,A,Y,A,Q,-56.1,-34.5
4DSZ,A,00,A,Y,A,Q,-77.4,140.8
4FSO,B,00,A,Y,A,Q,-133.3,141.8
1FW6,A,00,A,Y,A,Q,-55.3,-55.7
4Q51,B,00,A,Y,A,Q,-138.0,151.3
4PMU,E,00,A,Y,A,Q,-55.4,-31.4
4PMU,E,01,A,Y,A,Q,-57.8,-45.8
1IKU,A,00,A,Y,A,Q,-90.7,-91.6
1IKU,A,01,A,Y,A,Q,-90.9,-92.4
1IKU,A,02,A,Y,A,Q,-89.8,-90.2
1IKU,A,03,A,Y,A,Q,-89.4,-92.0
1IKU,A,04,A,Y,A,Q,-91.3,-90.9
1IKU,A,05,A,Y,A,Q,-88.8,-90.6
1IKU,A,06,A,Y,A,Q,-88.4,-89.3
1IKU,A,07,A,Y,A,Q,-84.4,-89.9
1IKU,A,08,A,Y,A,Q,-90.7,-93.5
1IKU,A,09,A,Y,A,Q,-81.2,-90.3
1IKU,A,10,A,Y,A,Q,-91.5,-94.2
1IKU,A,11,A,Y,A,Q,-91.9,-92.0
1IKU,A,12,A,Y,A,Q,-87.4,-89.4
1IKU,A,13,A,Y,A,Q,-90.8,-91.4
1IKU,A,14,A,Y,A,Q,-89.3,-90.1
1IKU,A,15,A,Y,A,Q,-90.7,-90.2
1IKU,A,16,A,Y,A,Q,-90.6,-90.8
1IKU,A,17,A,Y,A,Q,-91.1,-90.0
1IKU,A,18,A,Y,A,Q,-68.3,-77.7
1IKU,A,19,A,Y,A,Q,-92.0,-94.1
1IKU,A,20,A,Y,A,Q,-90.6,-91.7
1IKU,A,21,A,Y,A,Q,-89.5,-90.8
5T4F,B,00,A,Y,A,Q,-95.1,147.9
3AYY,C,00,A,Y,A,Q,-70.5,-41.5
5D7Z,A,00,A,Y,A,Q,-101.1,-65.8
6IJO,B,00,A,Y,A,Q,-64.6,-22.0
4ZVW,E,00,A,Y,A,Q,-73.9,-37.2
3SUF,A,00,A,Y,A,Q,-97.4,117.1
3D6B,B,00,A,Y,A,Q,-60.7,-41.9
3A3U,A,00,A,Y,A,Q,-72.4,-33.0
1Q5R,G,00,A,Y,A,Q,-53.9,-57.2
2ONC,B,00,A,Y,A,Q,-90.0,141.5
3VR2,D,00,A,Y,A,Q,-65.6,-49.0
6OYF,A,00,A,Y,A,Q,-62.6,-33.8
2AJB,C,00,A,Y,A,Q,-93.3,146.8
5IBQ,A,00,A,Y,A,Q,-61.3,-43.0
4ZUL,E,00,A,Y,A,Q,-69.5,-38.5
2P59,B,00,A,Y,A,Q,-133.9,146.2
2X3W,C,00,A,Y,A,Q,-66.2,-47.5
1GK1,C,00,A,Y,A,Q,-55.8,-53.4
4ABN,B,00,A,Y,A,Q,-67.5,-41.3
2ZYG,B,00,A,Y,A,Q,-61.1,-41.8
2OAE,B,00,A,Y,A,Q,-94.2,155.8
2QTB,A,00,A,Y,A,Q,-94.4,148.5
5T4E,A,00,A,Y,A,Q,-94.4,147.0
1RGQ,B,00,A,Y,A,Q,-145.1,154.6
6BQJ,A,00,A,Y,A,Q,-77.9,146.5
1T8Q,B,00,A,Y,A,Q,-66.0,-43.1
3CCC,A,00,A,Y,A,Q,-92.8,138.7
3OPM,A,00,A,Y,A,Q,-90.6,136.3
3OPM,B,00,A,Y,A,Q,-73.6,144.5
5ZEA,E,00,A,Y,A,Q,-66.5,-33.3
6NYY,A,00,A,Y,A,Q,-119.2,-29.7
4K6M,A,00,A,Y,A,Q,-68.7,-40.2
3M5N,D,00,A,Y,A,Q,-89.9,136.7
1GK1,A,00,A,Y,A,Q,-55.8,-51.9
3EIO,A,00,A,Y,A,Q,-94.7,150.9
5I7U,B,00,A,Y,A,Q,-97.0,148.3
4HHJ,A,00,A,Y,A,Q,-58.9,-47.0
5J1H,A,00,A,Y,A,Q,360.0,-34.0
3KL3,C,00,A,Y,A,Q,-65.7,-36.3
3C45,B,00,A,Y,A,Q,-99.9,151.6
5K47,D,00,A,Y,A,Q,-68.4,-48.7
5F41,A,00,A,Y,A,Q,-58.8,-47.6
6FZ9,A,00,A,Y,A,Q,-62.7,-42.7
3DL8,A,00,A,Y,A,Q,-53.4,-32.5
1Q5Q,D,00,A,Y,A,Q,-65.8,-44.7
5UZR,D,00,A,Y,A,Q,-64.5,-37.0
3M5O,A,00,A,Y,A,Q,-96.6,131.2
5A6K,A,00,A,Y,A,Q,-64.9,-31.4
6I9Y,C,00,A,Y,A,Q,-103.1,-29.8
5CCV,A,00,A,Y,A,Q,-63.7,-50.7
3JV2,B,00,A,Y,A,Q,-74.1,151.6
3UC8,C,00,A,Y,A,Q,-59.8,-41.8
2BUT,B,00,A,Y,A,Q,-86.3,169.0
3M0M,C,00,A,Y,A,Q,-62.8,-39.9
6DU8,D,00,A,Y,A,Q,-69.0,-45.6
1M74,A,00,A,Y,A,Q,-155.8,69.8
4M2Q,A,00,A,Y,A,Q,-61.3,-43.7
3WSZ,A,00,A,Y,A,Q,-77.6,-38.5
2OPH,B,00,A,Y,A,Q,-105.0,153.4
3VJL,B,00,A,Y,A,Q,-92.3,151.3
6D1W,B,00,A,Y,A,Q,-56.3,-57.1
3SYV,A,00,A,Y,A,Q,-55.8,-49.0
4E57,B,00,A,Y,A,Q,-69.8,-37.5
4ZUL,C,00,A,Y,A,Q,-72.9,-39.8
2JI8,A,00,A,Y,A,Q,-61.1,-52.2
3CTM,D,00,A,Y,A,Q,-48.5,-56.1
4FQV,H,00,A,Y,A,Q,-123.3,150.1
4K34,B,00,A,Y,A,Q,-61.2,-45.8
5A6B,A,00,A,Y,A,Q,-62.8,-36.4
6GFV,A,00,A,Y,A,Q,-59.4,-41.1
5J3J,B,00,A,Y,A,Q,-100.5,142.7
1TK3,A,00,A,Y,A,Q,-95.5,145.4
4ZVX,A,00,A,Y,A,Q,-63.3,-44.4
3ITY,A,00,A,Y,A,Q,-65.4,-38.0
5G4H,C,00,A,Y,A,Q,-102.0,-28.8
5CJS,F,00,A,Y,A,Q,-122.1,149.4
2WGL,B,00,A,Y,A,Q,-66.0,-43.8
1R9N,C,00,A,Y,A,Q,-93.0,144.9
1WCY,B,00,A,Y,A,Q,-95.4,150.2
5K47,B,00,A,Y,A,Q,-68.5,-48.6
2HG4,C,00,A,Y,A,Q,-67.4,-51.6
2QV1,B,00,A,Y,A,Q,-139.2,139.9
1JVZ,A,00,A,Y,A,Q,-54.8,-47.0
2GBF,A,00,A,Y,A,Q,-94.2,147.2
2JI9,A,00,A,Y,A,Q,-64.8,-44.0
5Z1W,D,00,A,Y,A,Q,-62.5,-40.3
3SUF,B,00,A,Y,A,Q,-61.5,136.3
3UMJ,B,00,A,Y,A,Q,-64.4,-42.0
1X70,B,00,A,Y,A,Q,-98.6,149.2
1RB8,F,00,A,Y,A,Q,-43.6,-51.8
3AYZ,A,00,A,Y,A,Q,-70.2,-46.7
3LLL,B,00,A,Y,A,Q,-55.2,-39.6
2W7U,D,00,A,Y,A,Q,-67.3,147.0
3G0D,D,00,A,Y,A,Q,-94.0,143.5
3Q0T,A,00,A,Y,A,Q,-96.9,144.2
1TKR,B,00,A,Y,A,Q,-98.9,140.3
4WH6,A,00,A,Y,A,Q,-89.3,133.0
4YI8,A,00,A,Y,A,Q,-61.9,-47.4
3VAB,A,00,A,Y,A,Q,-71.1,-40.1
2J6L,D,00,A,Y,A,Q,-65.0,-41.6
6A70,B,00,A,Y,A,Q,-67.7,-21.2
5I7U,A,00,A,Y,A,Q,-94.0,147.3
6H9R,A,00,A,Y,A,Q,-58.3,-50.0
1REC,A,00,A,Y,A,Q,-56.7,-42.8
4WRT,B,00,A,Y,A,Q,-107.8,5.5
4INA,A,00,A,Y,A,Q,-69.6,-27.5
2I03,A,00,A,Y,A,Q,-101.1,145.7
2OAG,A,00,A,Y,A,Q,-100.7,152.7
1R9N,D,00,A,Y,A,Q,-102.7,147.4
5KBY,B,00,A,Y,A,Q,-96.7,145.8
6JO5,B,00,A,Y,A,Q,-74.5,-12.5
4YI9,A,00,A,Y,A,Q,-63.3,-45.8
5FMZ,E,00,A,Y,A,Q,-97.2,6.2
1Q5Q,B,00,A,Y,A,Q,-65.1,-44.1
1JW0,A,00,A,Y,A,Q,-56.4,-49.4
3OC0,A,00,A,Y,A,Q,-107.9,136.6
3ITX,B,00,A,Y,A,Q,-67.3,-36.5
2BUU,B,00,A,Y,A,Q,-84.5,165.0
2OC7,A,00,A,Y,A,Q,-146.3,156.8
2O8M,A,00,A,Y,A,Q,-147.5,150.9
3NOX,B,00,A,Y,A,Q,-88.8,143.5
5Y7J,C,00,A,Y,A,Q,-86.4,142.8
5VTA,A,00,A,Y,A,Q,-78.2,147.9
2AJC,C,00,A,Y,A,Q,-94.3,150.5
3C45,A,00,A,Y,A,Q,-95.4,147.3
3M5L,A,00,A,Y,A,Q,-87.8,131.2
4M2O,A,00,A,Y,A,Q,-63.2,-46.7
4MVN,B,00,A,Y,A,Q,-66.1,138.8
4INA,B,00,A,Y,A,Q,-60.5,-37.3
4G1F,A,00,A,Y,A,Q,-87.6,132.9
4PNZ,A,00,A,Y,A,Q,-92.5,148.6
3UIF,A,00,A,Y,A,Q,-64.9,-43.0
2FJP,A,00,A,Y,A,Q,-97.7,148.3
2OQI,B,00,A,Y,A,Q,-95.4,150.2
4GJI,A,00,A,Y,A,Q,-62.6,-39.1
5KNC,E,00,A,Y,A,Q,-67.5,-38.0
5FSD,C,00,A,Y,A,Q,-101.9,-29.6
1X0U,E,00,A,Y,A,Q,-169.5,161.9
6D1W,D,00,A,Y,A,Q,-56.3,-57.1
6FZA,A,00,A,Y,A,Q,-60.1,-47.7
2J7W,A,00,A,Y,A,Q,-45.8,-58.5
5CCV,F,00,A,Y,A,Q,-63.9,-46.5
3IUH,D,00,A,Y,A,Q,-63.6,-33.8
5Y34,A,00,A,Y,A,Q,-71.5,-42.3
5VOJ,A,00,A,Y,A,Q,-87.5,132.7
2HET,A,00,A,Y,A,Q,-55.1,-61.3
2CZL,A,00,A,Y,A,Q,-68.4,-34.4
4HI0,C,00,A,Y,A,Q,-66.9,-45.5
5A6J,C,00,A,Y,A,Q,-62.3,-41.1
3SUG,A,00,A,Y,A,Q,-81.2,134.5
1Q5R,E,00,A,Y,A,Q,-52.0,-59.8
1NU6,B,00,A,Y,A,Q,-97.6,152.0
6GFV,B,00,A,Y,A,Q,-61.9,-35.7
4QZV,A,00,A,Y,A,Q,-91.8,142.9
2HCV,C,00,A,Y,A,Q,-61.4,-41.1
3UC8,B,00,A,Y,A,Q,-56.6,-38.9
3KN2,A,00,A,Y,A,Q,-143.2,152.4
3SU6,A,00,A,Y,A,Q,-87.0,131.7
2VED,B,00,A,Y,A,Q,-54.3,-45.0
1KEH,A,00,A,Y,A,Q,-53.7,-52.6
3IQY,A,00,A,Y,A,Q,-168.5,121.6
3M0L,D,00,A,Y,A,Q,-63.2,-40.4
6NYY,E,00,A,Y,A,Q,-107.7,-28.0
5DTO,A,00,A,Y,A,Q,-71.8,-49.8
3HAJ,B,00,A,Y,A,Q,-62.7,-44.3
4E56,B,00,A,Y,A,Q,-66.5,-36.7
1PFQ,A,00,A,Y,A,Q,-92.8,141.2
2G63,A,00,A,Y,A,Q,-97.5,148.5
4ZUL,D,00,A,Y,A,Q,-65.0,-42.8
3CTM,A,00,A,Y,A,Q,-68.1,-37.8
1LA3,A,00,A,Y,A,Q,-111.8,-111.0
1LA3,A,01,A,Y,A,Q,-128.0,-127.7
1LA3,A,02,A,Y,A,Q,-104.0,-97.3
1LA3,A,03,A,Y,A,Q,-114.5,-89.5
1LA3,A,04,A,Y,A,Q,-136.6,-91.7
1LA3,A,05,A,Y,A,Q,-126.9,-121.9
1LA3,A,06,A,Y,A,Q,-120.5,-94.6
1LA3,A,07,A,Y,A,Q,-116.0,-142.4
1LA3,A,08,A,Y,A,Q,-124.4,-103.8
1LA3,A,09,A,Y,A,Q,-117.8,-89.1
1LA3,A,10,A,Y,A,Q,-117.0,-105.1
1LA3,A,11,A,Y,A,Q,-121.0,-126.9
1LA3,A,12,A,Y,A,Q,-106.7,176.4
1LA3,A,13,A,Y,A,Q,-108.7,-135.0
3G0D,C,00,A,Y,A,Q,-96.1,148.7
5VTA,B,00,A,Y,A,Q,-83.9,154.4
3ITV,C,00,A,Y,A,Q,-63.8,-38.7
1X0U,B,00,A,Y,A,Q,-169.0,155.8
4C11,A,00,A,Y,A,Q,-60.5,-43.3
5CCV,D,00,A,Y,A,Q,-65.0,-49.1
6CH3,B,00,A,Y,A,Q,-67.9,-46.7
3ABH,A,00,A,Y,A,Q,-61.7,-43.0
4C87,D,00,A,Y,A,Q,-58.3,-39.1
1Q5Q,A,00,A,Y,A,Q,-65.6,-44.5
2AJC,A,00,A,Y,A,Q,-94.5,149.3
2OLE,A,00,A,Y,A,Q,-95.5,148.2
4MTP,D,00,A,Y,A,Q,-63.9,-59.6
3SUD,A,00,A,Y,A,Q,-102.3,112.4
6FZ1,A,00,A,Y,A,Q,-59.7,-45.8
4FFW,A,00,A,Y,A,Q,-78.6,148.5
3VJM,B,00,A,Y,A,Q,-88.0,147.7
3G0C,B,00,A,Y,A,Q,-90.9,141.9
3M0Y,D,00,A,Y,A,Q,-62.3,-41.5
2BUM,B,00,A,Y,A,Q,-89.5,166.6
3EON,B,00,A,Y,A,Q,-64.5,-39.0
1Q5R,D,00,A,Y,A,Q,-53.0,-57.7
1ORW,C,00,A,Y,A,Q,-102.5,150.8
2G63,D,00,A,Y,A,Q,-93.2,150.2
1NU8,B,00,A,Y,A,Q,-93.9,147.1
4ZVW,F,00,A,Y,A,Q,-76.1,-38.0
3M0L,A,00,A,Y,A,Q,-62.8,-39.6
5ZEA,F,00,A,Y,A,Q,-68.9,-25.6
5V3S,A,00,A,Y,A,Q,-52.2,-29.8
6FZ8,A,00,A,Y,A,Q,-58.5,-50.5
3QBJ,B,00,A,Y,A,Q,-99.4,141.7
3JB9,W,00,A,Y,A,Q,-67.9,-25.8
4V0R,A,00,A,Y,A,Q,-62.3,-44.7
1KU0,A,00,A,Y,A,Q,-64.8,-42.5
3SF5,C,00,A,Y,A,Q,-58.3,-47.0
1N1M,B,00,A,Y,A,Q,-102.2,142.0
2QTB,B,00,A,Y,A,Q,-95.6,154.0
5Y34,C,00,A,Y,A,Q,-69.8,-42.4
3NOX,A,00,A,Y,A,Q,-92.5,145.9
2G63,C,00,A,Y,A,Q,-92.5,150.0
2RGU,B,00,A,Y,A,Q,-87.5,147.2
2I56,A,00,A,Y,A,Q,-64.0,-39.4
2UV8,B,00,A,Y,A,Q,-88.2,16.8
3VR6,E,00,A,Y,A,Q,-63.3,-48.3
3S8R,B,00,A,Y,A,Q,-48.4,-52.7
3ITL,A,00,A,Y,A,Q,-62.9,-40.0
3M0Y,A,00,A,Y,A,Q,-64.7,-37.3
5CCV,C,00,A,Y,A,Q,-63.7,-47.1
3GNC,C,00,A,Y,A,Q,-52.1,-51.5
3KL0,D,00,A,Y,A,Q,-61.8,-42.7
3W02,B,00,A,Y,A,Q,-65.5,-45.9
2GBC,B,00,A,Y,A,Q,-100.1,152.3
3JC6,E,00,A,Y,A,Q,-113.5,109.3
4ZUK,F,00,A,Y,A,Q,-81.4,-34.0
2I56,C,00,A,Y,A,Q,-59.1,-45.1
6NYY,B,00,A,Y,A,Q,-68.9,-31.2
3W01,B,00,A,Y,A,Q,-71.5,-40.6
2AJD,C,00,A,Y,A,Q,-101.8,150.5
2BGN,A,00,A,Y,A,Q,-89.9,152.2
3HAB,B,00,A,Y,A,Q,-94.2,147.3
3AYZ,C,00,A,Y,A,Q,-71.1,-43.0
3M5N,A,00,A,Y,A,Q,-90.0,132.4
6A12,A,00,A,Y,A,Q,-57.8,-44.1
2AJ8,C,00,A,Y,A,Q,-93.3,149.9
3Q8W,A,00,A,Y,A,Q,-118.5,128.2
1IGW,D,00,A,Y,A,Q,-61.1,-54.6
6D37,A,00,A,Y,A,Q,360.0,-50.3
6D37,A,01,A,Y,A,Q,360.0,-65.4
6D37,A,02,A,Y,A,Q,360.0,-68.5
6D37,A,03,A,Y,A,Q,360.0,-49.0
6D37,A,04,A,Y,A,Q,360.0,-49.1
6D37,A,05,A,Y,A,Q,360.0,-52.6
6D37,A,06,A,Y,A,Q,360.0,-50.4
6D37,A,07,A,Y,A,Q,360.0,-49.2
6D37,A,08,A,Y,A,Q,360.0,-52.3
6D37,A,09,A,Y,A,Q,360.0,-63.2
6D37,A,10,A,Y,A,Q,360.0,-69.4
6D37,A,11,A,Y,A,Q,360.0,-52.9
6D37,A,12,A,Y,A,Q,360.0,-46.5
6D37,A,13,A,Y,A,Q,360.0,-66.5
6D37,A,14,A,Y,A,Q,360.0,-50.6
6D37,A,15,A,Y,A,Q,360.0,-59.2
6D37,A,16,A,Y,A,Q,360.0,-64.2
6D37,A,17,A,Y,A,Q,360.0,-67.9
6D37,A,18,A,Y,A,Q,360.0,-66.3
6D37,A,19,A,Y,A,Q,360.0,-52.6
6D37,A,20,A,Y,A,Q,360.0,-63.9
6D37,A,21,A,Y,A,Q,360.0,-67.7
6D37,A,22,A,Y,A,Q,360.0,-52.8
6D37,A,23,A,Y,A,Q,360.0,-54.7
6D37,A,24,A,Y,A,Q,360.0,-59.8
6D37,A,25,A,Y,A,Q,360.0,-51.4
6D37,A,26,A,Y,A,Q,360.0,-68.8
6D37,A,27,A,Y,A,Q,360.0,-69.0
6D37,A,28,A,Y,A,Q,360.0,-58.8
6D37,A,29,A,Y,A,Q,360.0,-49.7
6D37,A,30,A,Y,A,Q,360.0,-49.0
6D37,A,31,A,Y,A,Q,360.0,-62.6
5A6B,C,00,A,Y,A,Q,-57.7,-36.5
2OQI,C,00,A,Y,A,Q,-97.4,150.6
5T4F,A,00,A,Y,A,Q,-95.2,146.9
5ZEA,K,00,A,Y,A,Q,-68.3,-36.1
3SYV,E,00,A,Y,A,Q,-52.7,-40.2
3KL0,A,00,A,Y,A,Q,-60.3,-37.3
2J6L,A,00,A,Y,A,Q,-60.9,-43.6
2XCN,A,00,A,Y,A,Q,-132.2,150.3
4MLW,A,00,A,Y,A,Q,-61.9,-44.8
2BUY,B,00,A,Y,A,Q,-86.9,165.9
2QOE,A,00,A,Y,A,Q,-89.4,147.1
5T4Y,B,00,A,Y,A,Q,-85.2,134.3
1EOB,B,00,A,Y,A,Q,-89.5,166.1
2BV0,B,00,A,Y,A,Q,-88.4,164.5
3SUD,B,00,A,Y,A,Q,-100.9,142.7
4Z9X,A,00,A,Y,A,Q,-60.4,-41.9
3UBP,C,00,A,Y,A,Q,-106.7,-33.5
4X0U,A,00,A,Y,A,Q,-77.1,-38.9
2VKZ,C,00,A,Y,A,Q,-87.9,17.0
3II9,C,00,A,Y,A,Q,-60.1,-42.9
3KL5,A,00,A,Y,A,Q,-73.7,-30.7
4DSA,A,00,A,Y,A,Q,-68.6,151.0
4N8D,A,00,A,Y,A,Q,-94.4,148.1
3OX4,B,00,A,Y,A,Q,-65.5,-46.8
5FIF,A,00,A,Y,A,Q,-67.3,-39.9
3G0G,D,00,A,Y,A,Q,-77.9,145.3
5Y7J,B,00,A,Y,A,Q,-95.1,129.7
2G5T,A,00,A,Y,A,Q,-94.7,145.3
4FSO,A,00,A,Y,A,Q,-133.3,149.5
1DYS,A,00,A,Y,A,Q,-64.4,-32.2
2W7U,C,00,A,Y,A,Q,-66.6,138.2
5LLS,B,00,A,Y,A,Q,-87.2,142.7
4C88,B,00,A,Y,A,Q,-51.7,-39.1
3SYV,H,00,A,Y,A,Q,-52.8,-57.1
2H6J,C,00,A,Y,A,Q,-44.1,-66.2
4MVN,A,00,A,Y,A,Q,-66.4,134.8
5LLS,D,00,A,Y,A,Q,-88.0,141.6
2AJD,B,00,A,Y,A,Q,-100.9,138.0
4X0T,C,00,A,Y,A,Q,-78.1,-42.3
4N8E,B,00,A,Y,A,Q,-94.1,145.0
1J2E,A,00,A,Y,A,Q,-111.4,151.6
2BGR,A,00,A,Y,A,Q,-89.9,151.3
5MKF,D,00,A,Y,A,Q,-51.5,-71.3
2UV8,A,00,A,Y,A,Q,-88.2,17.2
6D1W,A,00,A,Y,A,Q,-56.3,-57.2
4OEB,B,00,A,Y,A,Q,360.0,163.7
3CTM,H,00,A,Y,A,Q,-55.4,-47.8
2GBG,A,00,A,Y,A,Q,-94.1,150.3
2OAE,A,00,A,Y,A,Q,-95.1,155.4
2BUC,C,00,A,Y,A,Q,-97.0,142.3
2JI7,B,00,A,Y,A,Q,-64.9,-47.3
3VR4,F,00,A,Y,A,Q,-68.3,-37.2
2UV8,C,00,A,Y,A,Q,-88.0,17.2
3GNC,A,00,A,Y,A,Q,-61.0,-44.2
3CTM,G,00,A,Y,A,Q,-61.0,-45.2
3UMJ,A,00,A,Y,A,Q,-56.1,-46.2
2H6J,A,00,A,Y,A,Q,-38.4,-69.1
4QZV,C,00,A,Y,A,Q,-91.5,147.6
5HMY,A,00,A,Y,A,Q,-59.2,-46.5
3GTN,B,00,A,Y,A,Q,-61.7,-46.6
2JI6,B,00,A,Y,A,Q,-69.5,-45.9
1EWQ,B,00,A,Y,A,Q,-59.1,-44.4
6IGZ,B,00,A,Y,A,Q,-139.2,-56.2
3IUI,C,00,A,Y,A,Q,-62.3,-36.0
3SU3,A,00,A,Y,A,Q,-88.0,130.6
3ACO,A,00,A,Y,A,Q,-59.8,-51.2
2VKZ,A,00,A,Y,A,Q,-88.1,17.1
5ZE9,D,00,A,Y,A,Q,-64.0,-36.6
2W7S,D,00,A,Y,A,Q,-68.9,133.1
4G1F,C,00,A,Y,A,Q,-103.6,131.6
3D4L,A,00,A,Y,A,Q,-94.8,150.1
4C88,C,00,A,Y,A,Q,-59.8,-37.3
4X0T,A,00,A,Y,A,Q,-88.6,-31.1
6MYI,A,00,A,Y,A,Q,360.0,60.2
3LLL,A,00,A,Y,A,Q,-57.6,-32.3
5XPX,E,00,A,Y,A,Q,-58.8,-47.9
3KL5,B,00,A,Y,A,Q,-69.1,-28.6
2I78,D,00,A,Y,A,Q,-95.0,147.4
3M0X,B,00,A,Y,A,Q,-62.9,-41.3
3ITY,D,00,A,Y,A,Q,-63.3,-39.7
5FIF,E,00,A,Y,A,Q,-68.6,-38.9
3FIU,C,00,A,Y,A,Q,-58.6,-49.3
1VNI,A,00,A,Y,A,Q,-54.1,-51.5
2OAG,D,00,A,Y,A,Q,-97.1,148.8
3ITL,B,00,A,Y,A,Q,-61.6,-38.8
6DU8,A,00,A,Y,A,Q,-69.0,-45.6
3RC4,A,00,A,Y,A,Q,-84.2,135.2
3GQT,C,00,A,Y,A,Q,-61.3,-41.8
1IGW,C,00,A,Y,A,Q,-71.3,-46.5
3M0H,B,00,A,Y,A,Q,-63.2,-38.3
3SV7,A,00,A,Y,A,Q,-84.8,132.6
4FMP,A,00,A,Y,A,Q,-60.3,-43.6
1Q5Q,F,00,A,Y,A,Q,-66.0,-43.3
3KL3,A,00,A,Y,A,Q,-67.7,-35.1
2I57,B,00,A,Y,A,Q,-65.2,-35.6
3EON,D,00,A,Y,A,Q,-67.8,-36.2
3G0C,C,00,A,Y,A,Q,-95.0,140.7
5J3J,A,00,A,Y,A,Q,-91.9,142.4
1R9N,B,00,A,Y,A,Q,-88.8,140.0
2OBO,A,00,A,Y,A,Q,-156.0,150.4
5ETX,B,00,A,Y,A,Q,-69.6,138.3
3RC6,A,00,A,Y,A,Q,-89.3,133.3
6FZC,A,00,A,Y,A,Q,-69.0,-39.5
2C31,B,00,A,Y,A,Q,-65.4,-42.1
3UC7,C,00,A,Y,A,Q,-62.3,-43.0
3GQT,B,00,A,Y,A,Q,-59.8,-44.9
4FFW,B,00,A,Y,A,Q,-85.6,148.5
5ZE9,E,00,A,Y,A,Q,-71.4,-35.8
3M5M,A,00,A,Y,A,Q,-86.9,143.6
3GTN,A,00,A,Y,A,Q,-62.6,-51.7
2G5T,B,00,A,Y,A,Q,-96.9,145.9
3ITO,A,00,A,Y,A,Q,-64.1,-39.6
5T4D,B,00,A,Y,A,Q,-59.5,-52.3
4WH8,A,00,A,Y,A,Q,-97.4,131.9
2BGN,C,00,A,Y,A,Q,-89.7,152.0
3VR6,D,00,A,Y,A,Q,-65.9,-32.7
2XCF,A,00,A,Y,A,Q,-144.3,142.5
1OMV,A,00,A,Y,A,Q,-56.3,-44.0
1ORW,D,00,A,Y,A,Q,-77.2,145.6
3W2T,B,00,A,Y,A,Q,-89.9,151.8
5T4D,C,00,A,Y,A,Q,-59.6,-52.2
5FIF,C,00,A,Y,A,Q,-71.2,-38.7
3U3L,C,00,A,Y,A,Q,-151.9,152.3
3GNC,D,00,A,Y,A,Q,-59.1,-45.0
4FQY,H,00,A,Y,A,Q,-123.8,149.7
1KU0,B,00,A,Y,A,Q,-64.8,-39.8
1VNG,A,00,A,Y,A,Q,-55.2,-49.7
2IIV,B,00,A,Y,A,Q,-98.4,148.5
3ITL,C,00,A,Y,A,Q,-62.6,-42.0
6H80,A,00,A,Y,A,Q,-61.5,-44.1
1R9N,A,00,A,Y,A,Q,-93.9,144.6
2I78,A,00,A,Y,A,Q,-105.2,144.2
3G0D,B,00,A,Y,A,Q,-90.6,143.2
1X0U,D,00,A,Y,A,Q,-164.9,160.1
1WM1,A,00,A,Y,A,Q,-59.2,-45.8
3O1Q,A,00,A,Y,A,Q,-68.3,-40.8
5AC5,A,00,A,Y,A,Q,-66.9,-33.7
3O95,C,00,A,Y,A,Q,-83.7,151.2
4X0T,B,00,A,Y,A,Q,-75.0,-40.7
4GJI,D,00,A,Y,A,Q,-64.3,-36.7
4UBP,C,00,A,Y,A,Q,-100.8,-32.7
4PMV,B,00,A,Y,A,Q,-64.6,-43.8
4PMV,B,01,A,Y,A,Q,-63.2,-45.0
1EWR,B,00,A,Y,A,Q,-60.1,-13.3
4QAW,E,00,A,Y,A,Q,-62.9,-37.2
3SU4,A,00,A,Y,A,Q,-67.3,142.3
4M2P,A,00,A,Y,A,Q,-60.6,-46.2
3KL0,B,00,A,Y,A,Q,-62.9,-36.6
3IUH,B,00,A,Y,A,Q,-65.4,-41.2
3LG3,A,00,A,Y,A,Q,-73.5,-48.9
5T4D,A,00,A,Y,A,Q,-59.5,-52.3
5WDX,A,00,A,Y,A,Q,-133.5,147.8
2HET,C,00,A,Y,A,Q,-55.1,-61.2
1AZW,B,00,A,Y,A,Q,-55.5,-48.2
2G5P,B,00,A,Y,A,Q,-94.1,145.4
2I78,B,00,A,Y,A,Q,-89.7,143.5
5T4Y,A,00,A,Y,A,Q,-86.3,131.0
4CEU,C,00,A,Y,A,Q,-103.8,-28.8
4V0Q,A,00,A,Y,A,Q,-64.4,-40.8
4NWL,A,00,A,Y,A,Q,-85.1,122.4
1OR0,C,00,A,Y,A,Q,-59.7,-46.9
4A5S,B,00,A,Y,A,Q,-96.3,150.0
1WCY,A,00,A,Y,A,Q,-99.7,153.6
4ZUK,B,00,A,Y,A,Q,-85.8,-35.2
3U3N,C,00,A,Y,A,Q,-152.8,151.8
5OL4,C,00,A,Y,A,Q,-103.0,-29.5
4HDH,B,00,A,Y,A,Q,-54.8,-47.2
2BUX,B,00,A,Y,A,Q,-87.6,166.4
2OC1,A,00,A,Y,A,Q,-141.9,157.8
5U2P,A,00,A,Y,A,Q,-84.4,-18.3
6A70,G,00,A,Y,A,Q,-101.3,-27.4
3D6B,D,00,A,Y,A,Q,-60.7,-40.5
2AE3,A,00,A,Y,A,Q,-68.9,-46.7
5A6K,B,00,A,Y,A,Q,-62.0,-36.5
1R9M,A,00,A,Y,A,Q,-86.6,145.4
2QKY,D,00,A,Y,A,Q,-107.8,157.5
3M3W,B,00,A,Y,A,Q,-60.4,-43.4
4X0U,D,00,A,Y,A,Q,-79.9,-44.2
3VWS,A,00,A,Y,A,Q,-63.2,-46.9
3UC7,A,00,A,Y,A,Q,-66.4,-39.4
3GQT,D,00,A,Y,A,Q,-64.8,-40.6
6QCV,B,00,A,Y,A,Q,-96.6,-3.1
1J2E,B,00,A,Y,A,Q,-94.6,137.6
6BNX,A,00,A,Y,A,Q,-97.1,-60.2
5MKE,D,00,A,Y,A,Q,-51.0,-70.8
1UBP,C,00,A,Y,A,Q,-101.1,-37.0
1EO9,B,00,A,Y,A,Q,-86.3,164.4
3SUE,A,00,A,Y,A,Q,-98.1,128.4
3F8S,B,00,A,Y,A,Q,-90.4,144.8
4ZUK,A,00,A,Y,A,Q,-76.0,-39.1
5MKE,A,00,A,Y,A,Q,-51.0,-70.8
2BUV,B,00,A,Y,A,Q,-87.7,166.6
3ITX,D,00,A,Y,A,Q,-61.7,-42.7
2AJC,B,00,A,Y,A,Q,-90.5,149.1
2JI6,A,00,A,Y,A,Q,-66.4,-46.5
3M0V,D,00,A,Y,A,Q,-63.5,-40.7
4HDG,B,00,A,Y,A,Q,-57.8,-52.1
4ZUL,B,00,A,Y,A,Q,-67.0,-41.9
4GJJ,A,00,A,Y,A,Q,-64.5,-50.5
2I57,C,00,A,Y,A,Q,-61.4,-42.2
3LON,A,00,A,Y,A,Q,-148.2,156.6
4FQH,H,00,A,Y,A,Q,-135.7,151.3
6AH0,u,00,A,Y,A,Q,-65.2,-45.8
5YHP,A,00,A,Y,A,Q,-55.5,-49.0
3H0C,A,00,A,Y,A,Q,-89.0,137.2
6H8J,C,00,A,Y,A,Q,-102.4,-29.6
5K47,A,00,A,Y,A,Q,-68.5,-48.7
5HMX,A,00,A,Y,A,Q,-58.9,-47.4
2M7D,A,00,A,Y,A,Q,-137.8,-69.4
2M7D,A,01,A,Y,A,Q,-127.8,9.7
2M7D,A,02,A,Y,A,Q,-128.6,-53.7
2M7D,A,03,A,Y,A,Q,70.8,-74.6
2M7D,A,04,A,Y,A,Q,-64.9,-37.7
2M7D,A,05,A,Y,A,Q,-114.3,-0.5
2M7D,A,06,A,Y,A,Q,73.9,-69.9
2M7D,A,07,A,Y,A,Q,-141.9,-64.9
2M7D,A,08,A,Y,A,Q,-127.2,-64.8
2M7D,A,09,A,Y,A,Q,-124.0,31.1
2M7D,A,10,A,Y,A,Q,-120.1,-65.8
2M7D,A,11,A,Y,A,Q,-68.9,-36.8
2M7D,A,12,A,Y,A,Q,-124.6,-62.5
2M7D,A,13,A,Y,A,Q,-122.9,-67.8
2M7D,A,14,A,Y,A,Q,-157.8,-67.9
2M7D,A,15,A,Y,A,Q,-72.6,-40.7
2M7D,A,16,A,Y,A,Q,-100.1,-5.7
2M7D,A,17,A,Y,A,Q,-152.7,-66.4
2M7D,A,18,A,Y,A,Q,-131.2,-68.8
2M7D,A,19,A,Y,A,Q,-107.7,-40.5
2M7D,A,20,A,Y,A,Q,-148.7,-67.4
2M7D,A,21,A,Y,A,Q,-91.0,-19.7
2M7D,A,22,A,Y,A,Q,-109.0,9.1
2M7D,A,23,A,Y,A,Q,-107.4,-19.2
2M7D,A,24,A,Y,A,Q,74.3,-72.8
2M7D,A,25,A,Y,A,Q,-114.7,-32.9
2M7D,A,26,A,Y,A,Q,-79.1,-45.0
2M7D,A,27,A,Y,A,Q,-97.9,4.6
2M7D,A,28,A,Y,A,Q,67.8,-75.1
2M7D,A,29,A,Y,A,Q,69.0,-75.9
3UC8,A,00,A,Y,A,Q,-63.5,-42.1
5J1F,B,00,A,Y,A,Q,-66.6,-41.9
2GBC,A,00,A,Y,A,Q,-100.4,151.6
1RWQ,B,00,A,Y,A,Q,-94.9,157.4
5EQQ,A,00,A,Y,A,Q,-91.3,131.7
4FKB,A,00,A,Y,A,Q,-57.3,-42.8
3Q0T,B,00,A,Y,A,Q,-87.8,136.6
2QKY,B,00,A,Y,A,Q,-88.6,166.3
3D4L,B,00,A,Y,A,Q,-99.0,151.2
2M7C,A,00,A,Y,A,Q,-67.5,-29.7
2M7C,A,01,A,Y,A,Q,-69.3,-29.6
2M7C,A,02,A,Y,A,Q,-71.2,-29.2
2M7C,A,03,A,Y,A,Q,-68.9,-29.4
2M7C,A,04,A,Y,A,Q,-68.9,-29.2
2M7C,A,05,A,Y,A,Q,-68.2,-29.4
2M7C,A,06,A,Y,A,Q,-64.9,-29.9
2M7C,A,07,A,Y,A,Q,-67.9,-29.3
2M7C,A,08,A,Y,A,Q,-66.9,-30.3
2M7C,A,09,A,Y,A,Q,-67.8,-30.6
2M7C,A,10,A,Y,A,Q,-68.9,-29.1
2M7C,A,11,A,Y,A,Q,-66.5,-29.7
2M7C,A,12,A,Y,A,Q,-68.0,-30.5
2M7C,A,13,A,Y,A,Q,-70.0,-30.7
2M7C,A,14,A,Y,A,Q,-65.0,-30.2
2M7C,A,15,A,Y,A,Q,-68.6,-30.0
2M7C,A,16,A,Y,A,Q,-67.3,-30.0
2M7C,A,17,A,Y,A,Q,-68.8,-29.5
2M7C,A,18,A,Y,A,Q,-67.5,-30.3
2M7C,A,19,A,Y,A,Q,-68.1,-29.2
2M7C,A,20,A,Y,A,Q,-65.2,-31.0
2M7C,A,21,A,Y,A,Q,-67.6,-30.5
2M7C,A,22,A,Y,A,Q,-67.3,-30.6
2M7C,A,23,A,Y,A,Q,-64.6,-29.5
2M7C,A,24,A,Y,A,Q,-66.2,-29.6
2M7C,A,25,A,Y,A,Q,-65.2,-30.9
2M7C,A,26,A,Y,A,Q,-66.8,-31.0
2M7C,A,27,A,Y,A,Q,-67.1,-29.4
2M7C,A,28,A,Y,A,Q,-69.9,-29.0
2M7C,A,29,A,Y,A,Q,-66.8,-32.2
2M7C,A,30,A,Y,A,Q,-66.8,-30.7
2M7C,A,31,A,Y,A,Q,-66.9,-29.8
6BQJ,C,00,A,Y,A,Q,-66.1,145.0
6QCW,B,00,A,Y,A,Q,-109.1,6.4
3VJK,A,00,A,Y,A,Q,-96.4,145.9
5T4E,B,00,A,Y,A,Q,-96.3,148.9
3SU4,B,00,A,Y,A,Q,-70.6,144.9
2X3W,A,00,A,Y,A,Q,-61.6,-51.8
2W7S,A,00,A,Y,A,Q,-65.5,134.9
1ORV,B,00,A,Y,A,Q,-90.0,149.2
2OQI,D,00,A,Y,A,Q,-98.6,150.1
3M0V,A,00,A,Y,A,Q,-64.6,-37.9
3CTM,C,00,A,Y,A,Q,-58.7,-45.5
3G0C,A,00,A,Y,A,Q,-96.5,136.5
1R9M,C,00,A,Y,A,Q,-97.0,147.6
2RIP,A,00,A,Y,A,Q,-93.0,142.3
3OWO,C,00,A,Y,A,Q,-67.5,-53.7
3ITV,A,00,A,Y,A,Q,-63.0,-39.5
5KND,D,00,A,Y,A,Q,-66.9,-30.2
4PMU,C,00,A,Y,A,Q,-59.3,-36.0
4PMU,C,01,A,Y,A,Q,-54.0,-44.4
3W01,A,00,A,Y,A,Q,-66.9,-40.8
3QBJ,A,00,A,Y,A,Q,-99.6,141.1
6B1O,A,00,A,Y,A,Q,-95.1,148.7
4ZVW,G,00,A,Y,A,Q,-75.3,-37.3
5J1F,A,00,A,Y,A,Q,-64.0,-41.0
6QCS,B,00,A,Y,A,Q,-102.6,18.8
3O9V,D,00,A,Y,A,Q,-94.4,132.8
5J1H,B,00,A,Y,A,Q,360.0,-68.3
1EO2,B,00,A,Y,A,Q,-93.3,167.6
2GBI,B,00,A,Y,A,Q,-96.9,141.2
3VR3,E,00,A,Y,A,Q,-80.8,-57.7
6C2M,C,00,A,Y,A,Q,-91.4,132.3
6FZ7,A,00,A,Y,A,Q,-65.7,-38.5
2GBI,A,00,A,Y,A,Q,-97.0,141.0
2HHA,A,00,A,Y,A,Q,-98.3,146.0
3IUD,B,00,A,Y,A,Q,-58.7,-44.9
1N1L,A,00,A,Y,A,Q,-141.6,149.2
3EON,A,00,A,Y,A,Q,-57.9,-46.9
2OQI,A,00,A,Y,A,Q,-96.2,150.6
3M0L,B,00,A,Y,A,Q,-65.2,-39.0
5T3R,A,00,A,Y,A,Q,-83.0,151.9
5ESB,A,00,A,Y,A,Q,-86.4,125.4
2JG5,B,00,A,Y,A,Q,-52.5,-39.7
5U8S,E,00,A,Y,A,Q,-103.0,105.2
3M0X,D,00,A,Y,A,Q,-65.8,-40.8
3ITT,D,00,A,Y,A,Q,-63.8,-40.7
3II9,B,00,A,Y,A,Q,-56.1,-43.9
1VNH,A,00,A,Y,A,Q,-55.7,-49.4
5AC5,B,00,A,Y,A,Q,-60.4,-41.2
3G0D,A,00,A,Y,A,Q,-88.6,144.8
4J3J,A,00,A,Y,A,Q,-76.5,137.0
4ZUK,E,00,A,Y,A,Q,-76.0,-39.4
2HG4,A,00,A,Y,A,Q,-78.8,-45.9
3LOX,A,00,A,Y,A,Q,-142.8,158.8
6CVY,A,00,A,Y,A,Q,-87.1,134.1
4FFV,B,00,A,Y,A,Q,-98.2,148.4
1TK3,B,00,A,Y,A,Q,-96.2,150.1
3C43,A,00,A,Y,A,Q,-95.8,149.0
3Q8W,B,00,A,Y,A,Q,-119.8,127.8
2LQN,A,00,A,Y,A,Q,-70.6,-40.5
2LQN,A,01,A,Y,A,Q,58.1,25.4
2LQN,A,02,A,Y,A,Q,-99.6,-45.5
2LQN,A,03,A,Y,A,Q,-133.6,157.2
2LQN,A,04,A,Y,A,Q,-69.8,155.8
2LQN,A,05,A,Y,A,Q,-118.2,-6.0
2LQN,A,06,A,Y,A,Q,-140.0,-3.2
2LQN,A,07,A,Y,A,Q,-113.0,121.0
2LQN,A,08,A,Y,A,Q,-84.6,100.7
2LQN,A,09,A,Y,A,Q,-124.6,173.7
2LQN,A,10,A,Y,A,Q,-145.0,-70.7
2LQN,A,11,A,Y,A,Q,-86.6,112.2
2LQN,A,12,A,Y,A,Q,-141.5,112.7
2LQN,A,13,A,Y,A,Q,71.3,-54.8
2LQN,A,14,A,Y,A,Q,-149.0,157.8
2LQN,A,15,A,Y,A,Q,-72.1,106.7
2LQN,A,16,A,Y,A,Q,60.8,81.8
2LQN,A,17,A,Y,A,Q,-100.8,-65.4
2LQN,A,18,A,Y,A,Q,-146.7,147.4
2LQN,A,19,A,Y,A,Q,-111.3,113.9
4X0U,B,00,A,Y,A,Q,-67.8,-43.4
3GQT,A,00,A,Y,A,Q,-61.3,-43.7
2H6J,B,00,A,Y,A,Q,-45.5,-52.8
4E57,A,00,A,Y,A,Q,-67.5,-39.3
1W1I,C,00,A,Y,A,Q,-88.6,150.1
2QT9,A,00,A,Y,A,Q,-97.3,151.0
3VR2,E,00,A,Y,A,Q,-68.4,-35.4
5ND1,A,00,A,Y,A,Q,-62.7,-54.2
2A4Q,A,00,A,Y,A,Q,-151.6,152.0
1XYQ,A,00,A,Y,A,Q,-91.2,-28.8
1XYQ,A,01,A,Y,A,Q,-98.6,-39.3
1XYQ,A,02,A,Y,A,Q,-86.2,-32.0
1XYQ,A,03,A,Y,A,Q,-89.8,-34.2
1XYQ,A,04,A,Y,A,Q,-102.4,-23.3
1XYQ,A,05,A,Y,A,Q,-78.0,-45.5
1XYQ,A,06,A,Y,A,Q,-84.4,-41.7
1XYQ,A,07,A,Y,A,Q,-94.5,-36.4
1XYQ,A,08,A,Y,A,Q,-85.8,-36.4
1XYQ,A,09,A,Y,A,Q,-88.2,-31.2
1XYQ,A,10,A,Y,A,Q,-100.3,-30.5
1XYQ,A,11,A,Y,A,Q,-106.3,0.3
1XYQ,A,12,A,Y,A,Q,-92.1,-30.6
1XYQ,A,13,A,Y,A,Q,-90.9,-38.6
1XYQ,A,14,A,Y,A,Q,-107.5,-19.5
1XYQ,A,15,A,Y,A,Q,-114.6,-2.0
1XYQ,A,16,A,Y,A,Q,-107.5,-29.8
1XYQ,A,17,A,Y,A,Q,-82.6,-45.4
1XYQ,A,18,A,Y,A,Q,-94.2,-6.8
1XYQ,A,19,A,Y,A,Q,-81.2,-29.3
2BUA,D,00,A,Y,A,Q,-97.0,146.9
4ZUK,C,00,A,Y,A,Q,-86.3,-37.4
3ITO,D,00,A,Y,A,Q,-63.7,-41.8
2J6L,G,00,A,Y,A,Q,-63.9,-41.1
4ZVY,B,00,A,Y,A,Q,-66.6,-41.4
3IUH,A,00,A,Y,A,Q,-64.5,-42.2
3M5O,B,00,A,Y,A,Q,-107.1,133.1
4X7B,A,00,A,Y,A,Q,-62.8,-41.9
3JTR,A,00,A,Y,A,Q,-76.7,-33.3
4QAW,B,00,A,Y,A,Q,-59.0,-42.6
1AZW,A,00,A,Y,A,Q,-54.4,-49.0
3M0M,A,00,A,Y,A,Q,-62.6,-40.0
3KF2,B,00,A,Y,A,Q,-144.9,145.4
2MU3,A,00,A,Y,A,Q,-72.6,-23.7
2MU3,A,01,A,Y,A,Q,-67.8,-19.7
2MU3,A,02,A,Y,A,Q,-85.7,-21.6
2MU3,A,03,A,Y,A,Q,-78.1,-22.3
2MU3,A,04,A,Y,A,Q,-67.3,-21.3
2MU3,A,05,A,Y,A,Q,-70.2,-22.0
2MU3,A,06,A,Y,A,Q,-56.5,-22.0
2MU3,A,07,A,Y,A,Q,-77.6,-22.7
2MU3,A,08,A,Y,A,Q,-60.6,-20.1
2MU3,A,09,A,Y,A,Q,-47.2,-38.3
2MU3,A,10,A,Y,A,Q,-86.8,-21.7
2MU3,A,11,A,Y,A,Q,-69.4,-21.5
2MU3,A,12,A,Y,A,Q,-71.7,-21.3
2MU3,A,13,A,Y,A,Q,-60.0,-21.4
2MU3,A,14,A,Y,A,Q,-65.7,-20.8
2MU3,A,15,A,Y,A,Q,-73.9,-21.1
2MU3,A,16,A,Y,A,Q,-76.7,-21.3
2MU3,A,17,A,Y,A,Q,-68.2,-22.4
2MU3,A,18,A,Y,A,Q,-72.6,-21.1
2MU3,A,19,A,Y,A,Q,-58.8,-21.3
2JID,A,00,A,Y,A,Q,-106.6,147.4
6IJJ,B,00,A,Y,A,Q,-63.0,-23.9
1A1R,B,00,A,Y,A,Q,-148.5,154.3
3UC7,E,00,A,Y,A,Q,-60.0,-37.9
1EOA,B,00,A,Y,A,Q,-94.4,164.2
3SUF,D,00,A,Y,A,Q,-166.4,126.5
1ORV,D,00,A,Y,A,Q,-92.7,146.9
4PMV,A,00,A,Y,A,Q,-65.5,-32.7
4PMV,A,01,A,Y,A,Q,-57.7,-41.5
2D8N,A,00,A,Y,A,Q,-61.7,-41.0
1X2E,A,00,A,Y,A,Q,-63.6,-42.9
5K47,C,00,A,Y,A,Q,-68.5,-48.6
3SUE,D,00,A,Y,A,Q,-156.8,169.5
4MVN,D,00,A,Y,A,Q,-68.6,134.4
2IIT,B,00,A,Y,A,Q,-101.5,152.8
4AC7,C,00,A,Y,A,Q,-103.2,-28.0
3CCC,B,00,A,Y,A,Q,-101.1,139.4
2I78,C,00,A,Y,A,Q,-87.3,155.7
4X0T,D,00,A,Y,A,Q,-85.0,-31.6
3M0M,D,00,A,Y,A,Q,-62.5,-41.2
3Q0K,B,00,A,Y,A,Q,-68.5,-45.7
2Z1A,A,00,A,Y,A,Q,-66.7,-45.6
4ZVW,C,00,A,Y,A,Q,-75.5,-38.0
6DU8,C,00,A,Y,A,Q,-69.0,-45.6
6ITC,A,00,A,Y,A,Q,-94.5,-4.3
1Q5Q,E,00,A,Y,A,Q,-66.4,-45.0
3O1Q,B,00,A,Y,A,Q,-62.1,-39.8
4LKO,B,00,A,Y,A,Q,-86.8,151.7
2BGN,D,00,A,Y,A,Q,-88.9,152.1
3M0V,B,00,A,Y,A,Q,-62.9,-40.8
3VR3,D,00,A,Y,A,Q,-75.9,-42.9
3SU5,A,00,A,Y,A,Q,-87.1,132.3
3II9,A,00,A,Y,A,Q,-60.5,-41.8
3Q0K,C,00,A,Y,A,Q,-72.9,-39.4
4FDM,A,00,A,Y,A,Q,-62.1,-42.5
1Q5R,F,00,A,Y,A,Q,-51.3,-59.0
4C11,B,00,A,Y,A,Q,-60.4,-43.1
5JJS,A,00,A,Y,A,Q,-61.1,-46.3
1TF2,A,00,A,Y,A,Q,-94.4,154.6
3UC7,B,00,A,Y,A,Q,-57.0,-39.4
4QAW,G,00,A,Y,A,Q,-67.8,-41.5
2OLE,B,00,A,Y,A,Q,-95.6,146.4
1NNE,A,00,A,Y,A,Q,-56.5,-54.2
4C88,A,00,A,Y,A,Q,-57.3,-43.1
1ORW,B,00,A,Y,A,Q,-108.9,149.5
2JIB,B,00,A,Y,A,Q,-62.8,-50.6
4ZVW,A,00,A,Y,A,Q,-74.7,-37.7
3KNX,A,00,A,Y,A,Q,-156.7,159.5
1YDY,B,00,A,Y,A,Q,-59.5,-41.6
5ZMJ,H,00,A,Y,A,Q,-137.0,128.8
2VED,A,00,A,Y,A,Q,-50.5,-47.4
1N1M,A,00,A,Y,A,Q,-94.2,147.5
4ZVW,B,00,A,Y,A,Q,-74.8,-38.0
1TF5,A,00,A,Y,A,Q,-106.8,144.8
1RTL,A,00,A,Y,A,Q,-139.0,155.1
3EYD,A,00,A,Y,A,Q,-156.0,155.1
5UZP,B,00,A,Y,A,Q,-64.4,-38.9
2ONC,C,00,A,Y,A,Q,-104.9,143.7
3SV9,A,00,A,Y,A,Q,-83.7,134.9
3ITT,B,00,A,Y,A,Q,-67.1,-39.1
5KNB,F,00,A,Y,A,Q,-74.8,-45.9
4CEX,C,00,A,Y,A,Q,-102.7,-29.3
4E56,A,00,A,Y,A,Q,-70.1,-34.6
3FIU,B,00,A,Y,A,Q,-61.5,-47.9
2OGT,A,00,A,Y,A,Q,-53.7,-28.2
3KWF,A,00,A,Y,A,Q,-85.1,151.0
4LKO,A,00,A,Y,A,Q,-90.2,149.9
5EQR,A,00,A,Y,A,Q,-93.1,127.5
2H6J,D,00,A,Y,A,Q,-44.5,-73.8
6JO6,B,00,A,Y,A,Q,-68.0,-26.2
5ZEA,L,00,A,Y,A,Q,-75.9,-34.3
1PFQ,B,00,A,Y,A,Q,-90.3,147.1
6BNZ,A,00,A,Y,A,Q,-96.0,-60.6
4ZUK,G,00,A,Y,A,Q,-77.6,-41.4
3ITO,B,00,A,Y,A,Q,-65.2,-39.7
3ITL,D,00,A,Y,A,Q,-62.6,-41.0
2Z5G,B,00,A,Y,A,Q,-59.7,-44.8
4QAW,H,00,A,Y,A,Q,-61.1,-35.2
2C31,A,00,A,Y,A,Q,-68.0,-43.0
4C87,B,00,A,Y,A,Q,-58.9,-42.7
5FIF,D,00,A,Y,A,Q,-74.9,-30.6
2AJ8,A,00,A,Y,A,Q,-92.6,150.2
1IGW,A,00,A,Y,A,Q,-66.7,-48.4
3VR4,D,00,A,Y,A,Q,-66.9,-34.0
3II9,D,00,A,Y,A,Q,-57.3,-43.7
4JMP,A,00,A,Y,A,Q,-60.8,-41.5
2BUC,A,00,A,Y,A,Q,-94.1,145.0
2HHA,B,00,A,Y,A,Q,-100.2,153.5
3IUI,B,00,A,Y,A,Q,-59.1,-44.0
2BGR,B,00,A,Y,A,Q,-95.3,151.5
3M0H,C,00,A,Y,A,Q,-64.1,-40.2
3M0Y,B,00,A,Y,A,Q,-59.9,-40.9
5ETX,C,00,A,Y,A,Q,-72.5,140.7
1Q5R,B,00,A,Y,A,Q,-49.5,-60.0
4QAW,D,00,A,Y,A,Q,-65.6,-29.5
3G0C,D,00,A,Y,A,Q,-83.2,142.2
4JH0,A,00,A,Y,A,Q,-89.8,153.6
4OEB,A,00,A,Y,A,Q,360.0,161.4
2W7U,B,00,A,Y,A,Q,-70.9,136.4
2AJB,A,00,A,Y,A,Q,-92.1,143.2
3HAC,B,00,A,Y,A,Q,-93.2,148.9
3O95,B,00,A,Y,A,Q,-92.9,137.6
2HCV,D,00,A,Y,A,Q,-60.2,-39.5
3ITX,C,00,A,Y,A,Q,-62.6,-42.2
3SV8,A,00,A,Y,A,Q,-75.8,141.5
1T8Q,A,00,A,Y,A,Q,-62.6,-45.7
1VNS,A,00,A,Y,A,Q,-55.3,-51.6
4MVN,C,00,A,Y,A,Q,-67.0,137.9
3H0C,B,00,A,Y,A,Q,-96.3,135.9
2HET,D,00,A,Y,A,Q,-55.2,-61.2
2I94,A,00,A,Y,A,Q,-53.3,-38.0
2I94,A,01,A,Y,A,Q,-66.1,-50.0
2I94,A,02,A,Y,A,Q,-44.2,-47.8
2I94,A,03,A,Y,A,Q,-51.2,-40.1
2I94,A,04,A,Y,A,Q,-78.2,-47.9
2I94,A,05,A,Y,A,Q,-57.1,-43.1
2I94,A,06,A,Y,A,Q,-58.6,-47.9
2I94,A,07,A,Y,A,Q,-75.6,-43.9
2I94,A,08,A,Y,A,Q,-66.0,-36.3
2I94,A,09,A,Y,A,Q,-54.7,-43.2
3KWJ,B,00,A,Y,A,Q,-85.2,151.1
4PMU,D,00,A,Y,A,Q,-65.9,-34.2
4PMU,D,01,A,Y,A,Q,-59.3,-43.7
3SWW,B,00,A,Y,A,Q,-93.1,149.5
5ZID,A,00,A,Y,A,Q,-95.2,155.1
4QAW,C,00,A,Y,A,Q,-55.8,-44.2
2BUA,B,00,A,Y,A,Q,-98.3,145.9
6MYK,D,00,A,Y,A,Q,360.0,162.2
3SV6,A,00,A,Y,A,Q,-86.5,133.6
3SYV,C,00,A,Y,A,Q,-42.8,-56.7
3CTM,E,00,A,Y,A,Q,-59.3,-53.2
4K34,A,00,A,Y,A,Q,-63.6,-45.5
2W7U,A,00,A,Y,A,Q,-69.3,139.4
3WQH,A,00,A,Y,A,Q,-90.9,145.3
2J6L,F,00,A,Y,A,Q,-65.5,-41.1
3ITT,A,00,A,Y,A,Q,-61.7,-37.2
5CCV,G,00,A,Y,A,Q,-64.0,-44.5
4K6M,B,00,A,Y,A,Q,-50.9,-54.6
2Z5G,A,00,A,Y,A,Q,-63.5,-42.9
3CXN,A,00,A,Y,A,Q,-64.6,-40.3
2WGL,A,00,A,Y,A,Q,-70.8,-45.0
2AJB,D,00,A,Y,A,Q,-100.9,150.3
2QJR,A,00,A,Y,A,Q,-91.3,143.3
6A70,A,00,A,Y,A,Q,-101.3,-27.4
5KND,F,00,A,Y,A,Q,-70.2,-34.2
2HG4,E,00,A,Y,A,Q,-61.8,-56.0
3ABH,B,00,A,Y,A,Q,-62.8,-45.1
2DSN,B,00,A,Y,A,Q,-62.6,-41.5
3CXN,B,00,A,Y,A,Q,-66.1,-42.0
2JG5,A,00,A,Y,A,Q,-56.3,-37.1
4PPY,C,00,A,Y,A,Q,-67.0,-43.5
3HMJ,C,00,A,Y,A,Q,-87.9,17.0
3UC7,F,00,A,Y,A,Q,-64.7,-35.1
3SYV,G,00,A,Y,A,Q,-49.2,-44.1
3EIO,B,00,A,Y,A,Q,-100.6,146.6
4L72,A,00,A,Y,A,Q,-91.3,140.2
2HCV,A,00,A,Y,A,Q,-66.2,-37.5
3Q0K,D,00,A,Y,A,Q,-56.8,-51.7
1GK0,C,00,A,Y,A,Q,-56.0,-48.1
4N8E,A,00,A,Y,A,Q,-94.8,145.6
3SUF,C,00,A,Y,A,Q,-167.0,169.6
2AJC,D,00,A,Y,A,Q,-92.6,150.2
2BUA,C,00,A,Y,A,Q,-99.7,145.8
2QKY,A,00,A,Y,A,Q,-92.8,154.4
5KND,E,00,A,Y,A,Q,-72.1,-43.5
5I3P,A,00,A,Y,A,Q,-58.2,-44.0
2OBQ,A,00,A,Y,A,Q,-143.5,155.0
5VP9,A,00,A,Y,A,Q,-86.9,133.3
2X3X,B,00,A,Y,A,Q,-47.5,-49.6
5A6A,B,00,A,Y,A,Q,-57.2,-33.1
2BUC,D,00,A,Y,A,Q,-97.8,140.9
3FIU,A,00,A,Y,A,Q,-60.5,-46.1
2W7S,C,00,A,Y,A,Q,-59.8,130.0
3VR6,F,00,A,Y,A,Q,-69.0,-38.7
5MKE,B,00,A,Y,A,Q,-51.1,-70.8
5CCV,E,00,A,Y,A,Q,-65.6,-47.1
2A4G,A,00,A,Y,A,Q,-143.6,151.6
2FJP,B,00,A,Y,A,Q,-104.5,151.8
4HDG,A,00,A,Y,A,Q,-59.8,-43.6
3CTM,B,00,A,Y,A,Q,-50.8,-48.7
5ZEA,J,00,A,Y,A,Q,-72.8,-27.9
5T4D,D,00,A,Y,A,Q,-59.5,-52.3
2GVF,A,00,A,Y,A,Q,-145.5,155.5
5A69,A,00,A,Y,A,Q,-67.2,-36.3
1RWQ,A,00,A,Y,A,Q,-92.2,153.7
1W1I,B,00,A,Y,A,Q,-88.2,150.2
3BJM,A,00,A,Y,A,Q,-95.9,144.1
4PMU,A,00,A,Y,A,Q,-65.5,-35.3
4PMU,A,01,A,Y,A,Q,-59.2,-41.5
4X85,A,00,A,Y,A,Q,-60.6,-44.5
3OPM,D,00,A,Y,A,Q,-95.6,147.9
2IIT,A,00,A,Y,A,Q,-95.4,151.2
6F93,A,00,A,Y,A,Q,-66.2,-42.5
3KL3,D,00,A,Y,A,Q,-61.1,-29.6
5VTA,C,00,A,Y,A,Q,-79.2,145.0
4PV7,B,00,A,Y,A,Q,-81.4,131.2
5FSE,C,00,A,Y,A,Q,-104.1,-27.2
1OMR,A,00,A,Y,A,Q,-60.3,-44.1
4DSA,B,00,A,Y,A,Q,-67.1,149.3
2BUB,B,00,A,Y,A,Q,-85.8,129.6
3OX4,C,00,A,Y,A,Q,-64.3,-55.0
2HCV,B,00,A,Y,A,Q,-62.3,-38.9
1Q5R,C,00,A,Y,A,Q,-52.5,-57.7
2OGS,A,00,A,Y,A,Q,-61.2,-23.5
4PPY,A,00,A,Y,A,Q,-67.1,-44.1
3VR5,F,00,A,Y,A,Q,-66.9,-39.0
1VNE,A,00,A,Y,A,Q,-57.6,-52.7
4C89,D,00,A,Y,A,Q,-59.7,-40.7
4PMU,F,00,A,Y,A,Q,-64.3,-33.9
4PMU,F,01,A,Y,A,Q,-55.9,-45.6
5A6B,B,00,A,Y,A,Q,-54.5,-39.3
4ZVW,D,00,A,Y,A,Q,-74.7,-37.7
6C2O,A,00,A,Y,A,Q,-91.4,132.6
2P8S,A,00,A,Y,A,Q,-93.3,149.9
4ZVY,A,00,A,Y,A,Q,-65.7,-43.8
5KNC,D,00,A,Y,A,Q,-63.9,-38.2
1U8E,B,00,A,Y,A,Q,-100.8,145.3
1R9M,B,00,A,Y,A,Q,-91.8,145.9
2HG4,F,00,A,Y,A,Q,-65.3,-58.0
3SU1,A,00,A,Y,A,Q,-85.5,135.1
6CVW,A,00,A,Y,A,Q,-89.0,132.3
3QE6,A,00,A,Y,A,Q,-65.7,-44.1
5LLS,C,00,A,Y,A,Q,-88.8,141.6
1ORV,C,00,A,Y,A,Q,-92.7,147.9
2JI9,B,00,A,Y,A,Q,-69.8,-38.9
3IUH,C,00,A,Y,A,Q,-61.2,-43.5
2BUR,B,00,A,Y,A,Q,-84.7,165.1
1T8Q,C,00,A,Y,A,Q,-59.5,-45.4
3CCC,C,00,A,Y,A,Q,-95.9,138.0
1ORW,A,00,A,Y,A,Q,-87.5,149.9
1W1I,D,00,A,Y,A,Q,-88.2,151.8
5FIF,F,00,A,Y,A,Q,-69.0,-37.8
4WF8,A,00,A,Y,A,Q,-82.9,141.3
3EOM,A,00,A,Y,A,Q,-60.1,-46.1
6P3I,A,00,A,Y,A,Q,-91.9,-31.9
4K7R,A,00,A,Y,A,Q,-60.2,-46.3
5T4H,B,00,A,Y,A,Q,-93.3,141.7
4OEB,C,00,A,Y,A,Q,360.0,172.3
2X3V,A,00,A,Y,A,Q,-67.0,-49.0
6F5O,B,00,A,Y,A,Q,-107.8,3.8
4PPY,B,00,A,Y,A,Q,-67.0,-43.3
3ITV,D,00,A,Y,A,Q,-63.2,-38.8
3HAJ,A,00,A,Y,A,Q,-56.5,-43.3
5A6B,D,00,A,Y,A,Q,-68.6,-29.6
5EQS,A,00,A,Y,A,Q,-80.1,135.5
2X3W,B,00,A,Y,A,Q,-67.8,-35.4
2WGL,C,00,A,Y,A,Q,-66.2,-41.2
4KR0,A,00,A,Y,A,Q,-91.4,146.4
3AYX,C,00,A,Y,A,Q,-72.6,-42.6
3IQM,A,00,A,Y,A,Q,-166.0,82.7
3SUD,D,00,A,Y,A,Q,-71.9,151.1
1NU8,A,00,A,Y,A,Q,-99.7,146.6
2IIV,A,00,A,Y,A,Q,-95.0,147.7
6NYY,C,00,A,Y,A,Q,-116.9,-17.3
4MTP,C,00,A,Y,A,Q,-64.2,-59.8
2JI8,B,00,A,Y,A,Q,-71.4,-42.3
5EPY,A,00,A,Y,A,Q,-81.1,130.7
3Q0K,A,00,A,Y,A,Q,-75.3,-34.3
5A6J,A,00,A,Y,A,Q,-53.9,-39.4
2ONC,A,00,A,Y,A,Q,-99.2,141.5
4DSZ,B,00,A,Y,A,Q,-75.6,138.1
2H6J,E,00,A,Y,A,Q,-43.7,-61.1
3KL3,B,00,A,Y,A,Q,-63.1,-27.0
4HI0,A,00,A,Y,A,Q,-65.8,-47.0
2XNI,A,00,A,Y,A,Q,-129.7,156.1
3EOM,B,00,A,Y,A,Q,-55.5,-49.2
3SYV,D,00,A,Y,A,Q,-53.5,-38.0
2DSN,A,00,A,Y,A,Q,-62.0,-42.7
6OME,A,00,A,Y,A,Q,-66.1,-47.2
2RGU,A,00,A,Y,A,Q,-91.0,142.2
3M0M,B,00,A,Y,A,Q,-63.0,-40.0
6MYI,D,00,A,Y,A,Q,-115.9,22.8
3SUE,C,00,A,Y,A,Q,-96.8,142.4
4ABN,A,00,A,Y,A,Q,-66.7,-42.0
1FW6,B,00,A,Y,A,Q,-59.0,-45.5
3VR4,E,00,A,Y,A,Q,-70.7,-36.0
4NWK,A,00,A,Y,A,Q,-68.9,150.6
2X3V,B,00,A,Y,A,Q,-58.2,-47.3
3G0G,C,00,A,Y,A,Q,-98.7,140.9
4ZUL,H,00,A,Y,A,Q,-67.2,-40.5
3VR5,D,00,A,Y,A,Q,-66.4,-33.7
3O95,D,00,A,Y,A,Q,-94.8,142.4
6BNN,A,00,A,Y,A,Q,-96.6,-60.3
4ZUL,G,00,A,Y,A,Q,-66.0,-44.6
3IUI,A,00,A,Y,A,Q,-59.7,-39.7
5F3Z,A,00,A,Y,A,Q,-57.6,-47.4
4PMU,B,00,A,Y,A,Q,-70.1,-34.9
4PMU,B,01,A,Y,A,Q,-60.2,-37.5
6BQK,B,00,A,Y,A,Q,-88.1,121.5
5ZID,B,00,A,Y,A,Q,-106.5,150.8
2QKY,C,00,A,Y,A,Q,-110.2,132.1
3AYY,A,00,A,Y,A,Q,-74.7,-41.9
5MSG,B,00,A,Y,A,Q,-95.8,5.8
3JC7,c,00,A,Y,A,Q,-113.5,109.4
2J6L,E,00,A,Y,A,Q,-61.3,-46.4
5Z58,u,00,A,Y,A,Q,-65.1,-45.7
4JH0,B,00,A,Y,A,Q,-99.3,142.0
1YDY,A,00,A,Y,A,Q,-59.1,-43.0
3GNC,B,00,A,Y,A,Q,-71.2,-39.4
2OQV,B,00,A,Y,A,Q,-96.8,136.9
1X0U,F,00,A,Y,A,Q,-165.1,156.9
2GBF,B,00,A,Y,A,Q,-94.1,147.5
2I03,C,00,A,Y,A,Q,-99.7,154.2
3D6B,C,00,A,Y,A,Q,-57.3,-46.2
2J6L,C,00,A,Y,A,Q,-58.5,-45.1
2AE4,A,00,A,Y,A,Q,-71.3,-35.8
4ZUK,H,00,A,Y,A,Q,-81.0,-37.1
2I56,B,00,A,Y,A,Q,-64.0,-36.4
1T8Q,D,00,A,Y,A,Q,-66.1,-40.1
5YHP,B,00,A,Y,A,Q,-60.0,-49.5
1U8E,A,00,A,Y,A,Q,-89.4,150.0
5T4B,A,00,A,Y,A,Q,-93.6,147.6
5T4H,A,00,A,Y,A,Q,-93.6,136.3
5UZP,A,00,A,Y,A,Q,-63.7,-38.2
2AJ8,D,00,A,Y,A,Q,-93.5,151.1
5ISM,B,00,A,Y,A,Q,-95.5,147.0
3M0L,C,00,A,Y,A,Q,-65.3,-38.6
4ZUK,D,00,A,Y,A,Q,-78.2,-35.6
5KNB,E,00,A,Y,A,Q,-72.6,-37.2
6MYK,B,00,A,Y,A,Q,360.0,156.8
3CTM,F,00,A,Y,A,Q,-54.4,-45.4
4FQV,J,00,A,Y,A,Q,-123.7,149.7
3WQH,B,00,A,Y,A,Q,-103.8,152.7
2JI7,A,00,A,Y,A,Q,-64.3,-46.8
2OC0,A,00,A,Y,A,Q,-153.8,155.1
4RY0,A,00,A,Y,A,Q,-58.0,-43.4
4C89,A,00,A,Y,A,Q,-61.9,-37.7
3VR2,F,00,A,Y,A,Q,-73.5,-33.2
3HAC,A,00,A,Y,A,Q,-89.2,146.3
3O9V,B,00,A,Y,A,Q,-100.4,143.2
5G2V,A,00,A,Y,A,Q,-68.9,-32.5
2W22,A,00,A,Y,A,Q,-59.4,-44.3
1Q5Q,C,00,A,Y,A,Q,-67.4,-43.6
6NYY,F,00,A,Y,A,Q,-72.7,-14.9
2I3Z,B,00,A,Y,A,Q,-98.5,148.2
1X70,A,00,A,Y,A,Q,-92.4,151.2
2JID,B,00,A,Y,A,Q,-92.8,146.5
1UQW,A,00,A,Y,A,Q,-70.5,139.3
