3A3E,B,00,D,A,Y,A,-56.7,-33.5
1EB9,A,00,D,A,Y,A,-129.9,-13.6
3IJ6,A,00,D,A,Y,A,-141.1,82.7
2IBY,C,00,D,A,Y,A,-59.1,-48.7
1N22,B,00,D,A,Y,A,-68.2,-31.7
6GEN,X,00,D,A,Y,A,-101.6,23.5
4RSM,B,00,D,A,Y,A,-61.2,-42.4
3U7B,D,00,D,A,Y,A,-58.1,-43.9
4UNF,A,00,D,A,Y,A,-66.8,-41.7
4ZEB,B,00,D,A,Y,A,-48.2,-51.4
4Q73,A,00,D,A,Y,A,-61.5,-46.8
3U2T,A,00,D,A,Y,A,-63.5,-33.8
2HOZ,B,00,D,A,Y,A,-117.7,159.7
5UAO,A,00,D,A,Y,A,-62.9,-33.5
2W0B,A,00,D,A,Y,A,-58.7,-48.6
5VBA,B,00,D,A,Y,A,-109.3,7.3
2EB4,B,00,D,A,Y,A,-68.2,-31.0
5VJ1,E,00,D,A,Y,A,-43.9,-47.5
4B3H,D,00,D,A,Y,A,-66.4,-40.7
6GEN,V,00,D,A,Y,A,-101.6,23.6
1ZCT,A,00,D,A,Y,A,-64.0,-16.2
2EB6,A,00,D,A,Y,A,-67.1,-33.4
1QAY,B,00,D,A,Y,A,-78.4,-44.5
4L15,A,00,D,A,Y,A,-50.1,-42.4
2LL5,A,00,D,A,Y,A,-60.8,-38.5
2LL5,A,01,D,A,Y,A,-59.9,-38.3
2LL5,A,02,D,A,Y,A,-61.4,-35.6
2LL5,A,03,D,A,Y,A,-64.9,-34.9
2LL5,A,04,D,A,Y,A,-61.2,-39.0
2LL5,A,05,D,A,Y,A,-59.8,-39.1
2LL5,A,06,D,A,Y,A,-61.9,-34.9
2LL5,A,07,D,A,Y,A,-59.9,-38.0
2LL5,A,08,D,A,Y,A,-59.9,-36.7
2LL5,A,09,D,A,Y,A,-61.1,-37.1
2LL5,A,10,D,A,Y,A,-59.4,-38.0
2LL5,A,11,D,A,Y,A,-71.1,-37.6
2LL5,A,12,D,A,Y,A,-58.5,-37.1
2LL5,A,13,D,A,Y,A,-63.3,-38.9
2LL5,A,14,D,A,Y,A,-60.7,-38.2
2LL5,A,15,D,A,Y,A,-59.0,-36.4
2LL5,A,16,D,A,Y,A,-60.2,-35.3
2LL5,A,17,D,A,Y,A,-59.2,-39.4
2LL5,A,18,D,A,Y,A,-63.9,-36.3
2LL5,A,19,D,A,Y,A,-61.5,-35.6
2LL5,A,20,D,A,Y,A,-64.0,-36.6
2LL5,A,21,D,A,Y,A,-61.0,-33.3
2LL5,A,22,D,A,Y,A,-64.5,-33.9
2LL5,A,23,D,A,Y,A,-63.4,-38.1
2LL5,A,24,D,A,Y,A,-60.1,-39.3
2LL5,A,25,D,A,Y,A,-58.3,-39.3
2LL5,A,26,D,A,Y,A,-71.2,-32.2
2LL5,A,27,D,A,Y,A,-65.4,-36.3
2LL5,A,28,D,A,Y,A,-61.3,-36.4
2LL5,A,29,D,A,Y,A,-60.1,-37.9
2LL5,A,30,D,A,Y,A,-60.2,-37.9
2LL5,A,31,D,A,Y,A,-69.1,-38.1
2LL5,A,32,D,A,Y,A,-58.0,-37.1
1N1B,A,00,D,A,Y,A,-65.7,-36.8
6D97,D,00,D,A,Y,A,-125.2,-4.5
2V3D,A,00,D,A,Y,A,-65.6,-39.1
3U2V,A,00,D,A,Y,A,-64.5,-23.0
1UC6,A,00,D,A,Y,A,-79.3,131.4
1UC6,A,01,D,A,Y,A,-78.6,109.0
1UC6,A,02,D,A,Y,A,-71.9,123.6
1UC6,A,03,D,A,Y,A,-65.3,117.9
1UC6,A,04,D,A,Y,A,-74.0,108.9
1UC6,A,05,D,A,Y,A,-91.5,103.3
1UC6,A,06,D,A,Y,A,-84.7,108.5
1UC6,A,07,D,A,Y,A,-90.9,115.2
1UC6,A,08,D,A,Y,A,-90.8,130.7
1UC6,A,09,D,A,Y,A,-89.8,116.3
1UC6,A,10,D,A,Y,A,-82.6,119.8
1UC6,A,11,D,A,Y,A,-87.4,134.7
1UC6,A,12,D,A,Y,A,-90.3,108.3
1UC6,A,13,D,A,Y,A,-90.9,122.2
1UC6,A,14,D,A,Y,A,-81.1,114.9
1UC6,A,15,D,A,Y,A,-90.1,120.3
1UC6,A,16,D,A,Y,A,-90.4,104.9
1UC6,A,17,D,A,Y,A,-69.3,106.6
1UC6,A,18,D,A,Y,A,-92.2,125.1
1UC6,A,19,D,A,Y,A,-90.1,114.3
1UC6,A,20,D,A,Y,A,-91.8,132.0
2I5N,C,00,D,A,Y,A,-59.4,-42.9
1E1F,A,00,D,A,Y,A,45.1,54.5
2IJC,B,00,D,A,Y,A,-62.8,-45.4
4OK4,A,00,D,A,Y,A,-73.8,-41.4
5N5P,A,00,D,A,Y,A,-119.4,-73.0
4B3J,D,00,D,A,Y,A,-67.0,-43.7
4KTR,F,00,D,A,Y,A,67.4,35.3
4MVN,C,00,D,A,Y,A,-62.1,139.7
2IZP,A,00,D,A,Y,A,-60.4,-36.2
1T02,A,00,D,A,Y,A,-64.2,-49.8
2F61,B,00,D,A,Y,A,-69.6,-30.1
4I6A,A,00,D,A,Y,A,-69.1,-44.3
6GEJ,V,00,D,A,Y,A,-93.9,6.1
2J25,B,00,D,A,Y,A,-78.6,-18.4
3KEH,A,00,D,A,Y,A,-68.4,-14.5
3ZKB,C,00,D,A,Y,A,-130.8,106.7
3FKK,B,00,D,A,Y,A,-61.6,-45.6
5VPJ,L,00,D,A,Y,A,-121.2,43.1
1LL0,A,00,D,A,Y,A,-59.9,-27.7
3TWA,C,00,D,A,Y,A,-59.5,-51.3
3FKR,A,00,D,A,Y,A,-58.3,-49.4
4GOQ,B,00,D,A,Y,A,-59.5,-43.1
3TI8,A,00,D,A,Y,A,-151.0,144.2
7PRC,C,00,D,A,Y,A,-58.2,-52.5
1E8D,A,00,D,A,Y,A,-124.5,-0.7
3GXD,B,00,D,A,Y,A,-65.5,-28.6
1E4L,B,00,D,A,Y,A,48.8,52.6
3TWB,A,00,D,A,Y,A,-59.3,-53.9
6GEJ,X,00,D,A,Y,A,-93.8,5.8
1LL0,D,00,D,A,Y,A,-60.5,-26.9
2CIB,A,00,D,A,Y,A,-57.4,-49.9
4IIL,A,00,D,A,Y,A,-148.7,111.1
4MVN,D,00,D,A,Y,A,-57.9,138.9
1E1F,B,00,D,A,Y,A,48.8,58.3
1ZCU,A,00,D,A,Y,A,-72.3,-18.7
6QM8,Q,00,D,A,Y,A,-57.3,-42.6
5ZJG,D,00,D,A,Y,A,-65.2,-38.7
4OVP,A,00,D,A,Y,A,-59.7,-51.7
3UC7,C,00,D,A,Y,A,-63.8,-38.5
4CSH,D,00,D,A,Y,A,-57.7,-47.6
3U2X,B,00,D,A,Y,A,-68.2,-19.7
2NT1,C,00,D,A,Y,A,-65.0,-34.5
4I64,B,00,D,A,Y,A,-67.3,-49.0
5TNU,B,00,D,A,Y,A,-49.6,146.4
3QW4,C,00,D,A,Y,A,-66.9,-33.2
5LVX,C,00,D,A,Y,A,-65.6,-35.9
5LVX,D,00,D,A,Y,A,-64.9,-35.9
4IL3,A,00,D,A,Y,A,-68.5,-34.6
1JZS,A,00,D,A,Y,A,-82.5,155.0
3TWB,D,00,D,A,Y,A,-56.3,-53.9
3GXI,B,00,D,A,Y,A,-61.8,-38.6
2IB8,B,00,D,A,Y,A,-59.0,-46.3
5U2P,A,00,D,A,Y,A,-71.2,145.7
1ZDF,A,00,D,A,Y,A,-69.7,-19.0
3A3F,B,00,D,A,Y,A,-66.9,-49.5
4WB0,B,00,D,A,Y,A,-48.8,-50.7
2YOC,A,00,D,A,Y,A,-120.0,-32.9
3RIL,D,00,D,A,Y,A,-56.1,-37.2
5M7J,A,00,D,A,Y,A,-58.3,-48.2
1DWQ,B,00,D,A,Y,A,-124.3,9.0
2IBY,A,00,D,A,Y,A,-57.3,-48.4
6QKI,B,00,D,A,Y,A,-55.6,-46.7
1E89,A,00,D,A,Y,A,-125.5,-17.8
4I6W,A,00,D,A,Y,A,-63.7,-46.1
3Q4S,A,00,D,A,Y,A,-61.0,-26.0
2HP2,A,00,D,A,Y,A,-115.5,163.6
6EQJ,A,00,D,A,Y,A,-70.2,-20.0
4KVM,E,00,D,A,Y,A,-87.5,126.3
6Q6N,A,00,D,A,Y,A,-66.9,-34.2
1EA1,A,00,D,A,Y,A,-60.8,-42.6
4PMU,C,00,D,A,Y,A,-69.4,-37.6
3UC8,C,00,D,A,Y,A,-63.8,-38.1
4ZZ5,A,00,D,A,Y,A,-97.4,168.5
3UFA,B,00,D,A,Y,A,-52.3,134.9
1OGS,A,00,D,A,Y,A,-67.0,-32.5
4ZEK,A,00,D,A,Y,A,-52.7,-52.6
4HNY,B,00,D,A,Y,A,-88.0,113.6
4Q72,B,00,D,A,Y,A,-59.7,-49.9
2D4Y,B,00,D,A,Y,A,-64.3,-53.5
4RKD,B,00,D,A,Y,A,-48.2,-49.7
4I56,B,00,D,A,Y,A,-66.4,-47.9
5EDV,A,00,D,A,Y,A,-66.4,-30.2
3ZKD,A,00,D,A,Y,A,-127.3,113.7
1DYS,B,00,D,A,Y,A,-70.4,-37.4
4CT3,B,00,D,A,Y,A,-55.6,-49.3
3LB8,B,00,D,A,Y,A,-65.5,-42.4
3BB5,C,00,D,A,Y,A,-71.6,-44.6
2IBW,D,00,D,A,Y,A,-58.9,-45.9
3U7B,B,00,D,A,Y,A,-54.1,-47.8
5JJP,A,00,D,A,Y,A,-60.9,-44.9
5G2A,A,00,D,A,Y,A,-124.3,141.5
2PBL,A,00,D,A,Y,A,-92.3,4.8
6EQL,A,00,D,A,Y,A,-66.5,-18.8
4Y49,B,00,D,A,Y,A,-67.3,139.4
1EB8,B,00,D,A,Y,A,-124.8,-2.5
4ZE8,D,00,D,A,Y,A,-50.8,-45.8
2NSX,D,00,D,A,Y,A,-64.4,-36.3
4YK7,A,00,D,A,Y,A,-124.4,-19.6
4CT3,A,00,D,A,Y,A,-55.1,-49.8
5VPJ,K,00,D,A,Y,A,-122.0,33.0
4I4B,B,00,D,A,Y,A,-65.3,-46.2
6QKJ,A,00,D,A,Y,A,-52.6,-51.5
2IB8,A,00,D,A,Y,A,-58.1,-44.9
3FSL,C,00,D,A,Y,A,-82.8,127.3
3FSL,C,01,D,A,Y,A,-54.7,-55.3
4KTR,C,00,D,A,Y,A,60.8,37.6
5EVJ,A,00,D,A,Y,A,-63.9,-49.9
4RKD,F,00,D,A,Y,A,-57.0,-55.0
2PBL,C,00,D,A,Y,A,-99.6,7.1
5VPJ,B,00,D,A,Y,A,-119.4,29.2
4B3J,C,00,D,A,Y,A,-60.5,-45.7
5FM6,A,00,D,A,Y,A,-90.5,3.6
2J9T,B,00,D,A,Y,A,-67.8,-40.2
2ZMF,B,00,D,A,Y,A,-63.8,-21.4
4I6W,B,00,D,A,Y,A,-66.1,-45.8
4QKX,A,00,D,A,Y,A,-111.2,-22.0
3KTN,A,00,D,A,Y,A,-64.8,-48.4
4ZEB,A,00,D,A,Y,A,-46.8,-51.4
3HIU,C,00,D,A,Y,A,-61.9,-40.4
6F03,C,00,D,A,Y,A,-65.5,-40.5
3FKK,A,00,D,A,Y,A,-60.5,-44.1
4GSA,A,00,D,A,Y,A,-121.4,165.8
2DGA,A,00,D,A,Y,A,49.6,41.8
3GXI,C,00,D,A,Y,A,-60.7,-35.1
3FSL,F,00,D,A,Y,A,-68.1,132.8
3FSL,F,01,D,A,Y,A,-40.3,-57.7
2EB4,D,00,D,A,Y,A,-69.0,-31.1
5JJP,C,00,D,A,Y,A,-63.4,-42.7
1N23,B,00,D,A,Y,A,-67.0,-40.0
3U2V,B,00,D,A,Y,A,-65.5,-23.0
4NX1,B,00,D,A,Y,A,-67.6,-47.2
6Q6L,B,00,D,A,Y,A,-62.4,-40.2
5LWE,B,00,D,A,Y,A,-97.6,-47.4
3IJ6,B,00,D,A,Y,A,-141.3,86.3
2HOZ,A,00,D,A,Y,A,-119.8,161.3
1Q1W,A,00,D,A,Y,A,-62.4,-45.9
3HIU,D,00,D,A,Y,A,-57.4,-33.2
2IJC,I,00,D,A,Y,A,-56.1,-46.8
4BHY,A,00,D,A,Y,A,-111.7,156.4
6O07,B,00,D,A,Y,A,-143.0,83.6
6MOZ,B,00,D,A,Y,A,-63.0,-35.6
4HNW,B,00,D,A,Y,A,-99.2,114.4
3GXM,C,00,D,A,Y,A,-65.5,-27.8
2IB9,C,00,D,A,Y,A,-62.0,-44.7
5XNZ,A,00,D,A,Y,A,-65.0,-33.2
3AIQ,A,00,D,A,Y,A,48.5,42.8
3HIU,B,00,D,A,Y,A,-53.5,-40.5
4LDL,A,00,D,A,Y,A,-124.1,-15.7
2NT0,B,00,D,A,Y,A,-57.3,-40.8
4OK2,A,00,D,A,Y,A,-50.8,-47.3
3X3H,G,00,D,A,Y,A,-123.7,-14.6
1DYS,A,00,D,A,Y,A,-69.3,-42.6
3A3D,A,00,D,A,Y,A,-64.5,-44.4
2BZ9,A,00,D,A,Y,A,-55.1,-55.1
4BHY,D,00,D,A,Y,A,-111.8,156.1
3AIS,A,00,D,A,Y,A,48.7,44.3
1V02,C,00,D,A,Y,A,52.2,48.7
2V3F,A,00,D,A,Y,A,-65.6,-37.2
4I64,A,00,D,A,Y,A,-70.6,-47.8
3FQ7,A,00,D,A,Y,A,-116.2,160.2
3WSY,A,00,D,A,Y,A,-112.6,-52.9
4RZ3,B,00,D,A,Y,A,-61.2,-48.1
2EB6,C,00,D,A,Y,A,-66.8,-31.0
6D97,B,00,D,A,Y,A,-126.2,-9.0
2V3E,B,00,D,A,Y,A,-62.3,-38.1
4N80,A,00,D,A,Y,A,-54.4,-53.0
5VIT,E,00,D,A,Y,A,-50.7,-52.5
5VIT,T,00,D,A,Y,A,-51.5,-51.0
4KVX,B,00,D,A,Y,A,-82.1,131.9
3RKS,A,00,D,A,Y,A,-122.2,-3.4
4ZE8,C,00,D,A,Y,A,-52.2,-46.4
1Q1R,A,00,D,A,Y,A,-62.0,-47.1
1JZQ,A,00,D,A,Y,A,-91.1,162.8
4XNH,B,00,D,A,Y,A,-91.0,135.4
3GXF,C,00,D,A,Y,A,-65.4,-34.5
4YK7,B,00,D,A,Y,A,-122.8,-10.5
3AMJ,A,00,D,A,Y,A,-59.4,-41.9
2Z1Q,B,00,D,A,Y,A,-54.9,-46.7
3FSL,D,00,D,A,Y,A,-83.0,121.2
3FSL,D,01,D,A,Y,A,-45.9,-59.3
3CER,C,00,D,A,Y,A,-62.5,-41.3
3RKS,B,00,D,A,Y,A,-132.1,-2.0
3AMI,B,00,D,A,Y,A,-65.7,-37.4
6Q6K,B,00,D,A,Y,A,-60.7,-39.9
2WKL,B,00,D,A,Y,A,-58.8,-34.9
3TW9,D,00,D,A,Y,A,-54.3,-54.0
2NSX,C,00,D,A,Y,A,-59.1,-32.2
4RKD,D,00,D,A,Y,A,-51.9,-57.6
3RMW,A,00,D,A,Y,A,-67.5,-25.3
3ZKD,E,00,D,A,Y,A,-127.2,138.0
2FBT,A,00,D,A,Y,A,-61.9,-43.1
3SAN,A,00,D,A,Y,A,-149.9,146.0
4I6Y,B,00,D,A,Y,A,-65.2,-45.7
1E89,B,00,D,A,Y,A,-125.9,-3.9
1E8D,B,00,D,A,Y,A,-119.1,6.4
1E56,B,00,D,A,Y,A,47.7,49.9
1N63,B,00,D,A,Y,A,-88.0,-5.6
1R31,A,00,D,A,Y,A,-64.8,-45.0
3WA5,A,00,D,A,Y,A,-62.3,-45.2
4MVN,B,00,D,A,Y,A,-55.5,134.1
4M60,A,00,D,A,Y,A,-101.9,2.4
4KVM,H,00,D,A,Y,A,-88.8,125.8
2IBU,A,00,D,A,Y,A,-58.9,-47.7
4ZE9,A,00,D,A,Y,A,-56.2,-52.3
3FQ7,B,00,D,A,Y,A,-116.4,161.3
2IB9,D,00,D,A,Y,A,-57.3,-47.6
2CI0,A,00,D,A,Y,A,-57.1,-51.5
1HXJ,B,00,D,A,Y,A,47.7,56.1
2IJC,G,00,D,A,Y,A,-55.0,-48.5
2W7U,D,00,D,A,Y,A,-67.2,132.1
2NT0,A,00,D,A,Y,A,-64.0,-36.3
2NT0,D,00,D,A,Y,A,-62.0,-39.2
4PMV,B,00,D,A,Y,A,-69.0,-32.0
1N61,B,00,D,A,Y,A,-92.3,-2.8
1F2H,A,00,D,A,Y,A,-70.7,-9.4
2EB5,A,00,D,A,Y,A,-65.1,-31.8
4OVJ,A,00,D,A,Y,A,-63.1,-40.7
2NT1,D,00,D,A,Y,A,-62.5,-41.1
2IB7,A,00,D,A,Y,A,-56.5,-46.7
4CAS,A,00,D,A,Y,A,-62.0,-44.2
4H51,A,00,D,A,Y,A,-50.7,-49.3
1X8V,A,00,D,A,Y,A,-58.3,-48.0
3USF,A,00,D,A,Y,A,-121.1,160.4
2NSX,B,00,D,A,Y,A,-74.2,-33.8
3RIL,B,00,D,A,Y,A,-67.2,-39.5
2X5V,C,00,D,A,Y,A,-43.9,-49.1
1N21,A,00,D,A,Y,A,-70.9,-44.9
3TAT,B,00,D,A,Y,A,-92.5,150.9
3TAT,B,01,D,A,Y,A,-32.1,-58.3
2C7B,A,00,D,A,Y,A,-62.1,-40.0
4Q34,A,00,D,A,Y,A,-67.7,-34.3
3TWA,E,00,D,A,Y,A,-61.4,-46.3
3ZKB,K,00,D,A,Y,A,-122.3,113.4
4KVX,A,00,D,A,Y,A,-83.1,131.0
6A9E,A,00,D,A,Y,A,-82.7,-17.5
1V02,E,00,D,A,Y,A,48.7,49.9
3O6Q,A,00,D,A,Y,A,-52.4,-50.3
1Q1W,B,00,D,A,Y,A,-62.2,-37.1
2IB9,B,00,D,A,Y,A,-60.7,-47.8
1QAY,A,00,D,A,Y,A,-78.5,-44.9
6PRC,C,00,D,A,Y,A,-59.5,-45.9
1LL0,B,00,D,A,Y,A,-60.9,-27.2
4PMU,E,00,D,A,Y,A,-72.4,-33.2
2GSA,A,00,D,A,Y,A,-117.6,166.4
4WVY,A,00,D,A,Y,A,-105.9,47.7
6BSN,A,00,D,A,Y,A,-58.9,-49.2
6D97,C,00,D,A,Y,A,-125.5,-6.1
3IBJ,A,00,D,A,Y,A,-73.8,-31.5
1N62,E,00,D,A,Y,A,-91.2,-0.5
3A3I,A,00,D,A,Y,A,-64.0,-48.3
3GXI,A,00,D,A,Y,A,-67.7,-37.3
3CER,D,00,D,A,Y,A,-65.8,-36.8
4ZR8,B,00,D,A,Y,A,-117.2,8.6
4M5E,A,00,D,A,Y,A,-62.5,-45.1
4KVO,G,00,D,A,Y,A,-76.9,129.4
3SVK,A,00,D,A,Y,A,-60.4,-42.2
3TW9,A,00,D,A,Y,A,-53.3,-55.5
3TWB,B,00,D,A,Y,A,-57.8,-54.6
3BB5,F,00,D,A,Y,A,-61.2,-48.9
6A9J,B,00,D,A,Y,A,-85.4,-24.6
4ZED,A,00,D,A,Y,A,-52.1,-46.4
1N5W,B,00,D,A,Y,A,-88.9,-6.3
1DWP,B,00,D,A,Y,A,-121.7,9.7
1LL0,H,00,D,A,Y,A,-60.4,-28.1
3JUW,C,00,D,A,Y,A,-126.9,-10.5
6GEJ,T,00,D,A,Y,A,-78.2,-4.1
2PRC,C,00,D,A,Y,A,-63.5,-35.8
1N22,A,00,D,A,Y,A,-67.7,-31.6
3UC7,E,00,D,A,Y,A,-65.3,-36.9
3U2W,A,00,D,A,Y,A,-67.7,-23.9
3RMV,A,00,D,A,Y,A,-66.2,-23.7
2FBV,A,00,D,A,Y,A,-56.0,-51.6
3TAT,E,00,D,A,Y,A,-92.4,150.9
3TAT,E,01,D,A,Y,A,-32.2,-58.3
2J9T,A,00,D,A,Y,A,-66.2,-40.8
2V3F,B,00,D,A,Y,A,-64.6,-39.8
5UAO,D,00,D,A,Y,A,-59.8,-38.5
2EB6,B,00,D,A,Y,A,-66.4,-32.2
3ZKB,L,00,D,A,Y,A,-129.9,119.8
3X3H,D,00,D,A,Y,A,-124.0,-15.5
2D4Y,A,00,D,A,Y,A,-68.2,-50.6
2EB4,C,00,D,A,Y,A,-69.6,-30.8
6HD5,u,00,D,A,Y,A,-114.6,118.5
2WCG,A,00,D,A,Y,A,-72.0,-36.2
4PMU,F,00,D,A,Y,A,-71.8,-45.0
1V08,A,00,D,A,Y,A,51.7,48.1
3T7N,A,00,D,A,Y,A,-58.7,-21.8
1VRN,C,00,D,A,Y,A,-63.5,-46.6
2WJN,C,00,D,A,Y,A,-63.8,-40.6
4PMV,A,00,D,A,Y,A,-67.0,-42.7
2X5U,C,00,D,A,Y,A,-55.3,-48.0
2EB5,D,00,D,A,Y,A,-66.1,-30.7
1ILE,A,00,D,A,Y,A,-97.9,160.9
4RZ2,B,00,D,A,Y,A,-62.7,-52.0
2IB7,C,00,D,A,Y,A,-59.1,-47.7
1EB9,B,00,D,A,Y,A,-121.4,4.7
2GWO,B,00,D,A,Y,A,-63.7,-48.5
2GWO,C,00,D,A,Y,A,-63.7,-46.2
2IB7,D,00,D,A,Y,A,-55.7,-50.2
2V3D,B,00,D,A,Y,A,-67.2,-38.1
3USR,A,00,D,A,Y,A,-72.1,-23.3
5B2N,A,00,D,A,Y,A,-129.3,151.5
5VIT,Z,00,D,A,Y,A,-52.2,-49.9
2W7S,C,00,D,A,Y,A,-54.9,135.4
4PMU,B,00,D,A,Y,A,-72.3,-33.9
1QAX,B,00,D,A,Y,A,-64.8,-48.8
3T7O,A,00,D,A,Y,A,-69.8,-18.7
2HOY,B,00,D,A,Y,A,-115.8,163.3
3ZKB,A,00,D,A,Y,A,-130.4,106.1
2IB8,D,00,D,A,Y,A,-59.9,-51.0
2IBY,B,00,D,A,Y,A,-59.3,-44.7
2NSX,A,00,D,A,Y,A,-58.0,-34.7
2IYA,A,00,D,A,Y,A,-97.7,8.4
3ZKD,B,00,D,A,Y,A,-130.9,116.5
4LDE,A,00,D,A,Y,A,-118.7,-17.9
3FQ8,B,00,D,A,Y,A,-119.1,159.1
3JUW,B,00,D,A,Y,A,-121.5,-7.1
3A3I,B,00,D,A,Y,A,-63.7,-49.3
5VIT,M,00,D,A,Y,A,-50.1,-50.6
5NJ4,C,00,D,A,Y,A,-55.1,-43.3
1LL0,E,00,D,A,Y,A,-59.1,-27.7
5C9A,B,00,D,A,Y,A,-67.9,-11.2
3ZKB,D,00,D,A,Y,A,-130.3,102.2
4I6A,B,00,D,A,Y,A,-59.3,-50.2
3UC7,B,00,D,A,Y,A,-67.9,-35.1
3RIL,A,00,D,A,Y,A,-68.6,-31.8
5VJ1,M,00,D,A,Y,A,-45.9,-50.2
3UFA,A,00,D,A,Y,A,-60.2,136.7
2Z1Q,A,00,D,A,Y,A,-58.7,-45.9
3X3H,F,00,D,A,Y,A,-125.4,-13.8
3QW3,A,00,D,A,Y,A,-59.4,-41.6
3ZKB,G,00,D,A,Y,A,-136.6,111.6
1H49,A,00,D,A,Y,A,52.8,47.7
6I7W,A,00,D,A,Y,A,-48.4,-49.3
5J1J,B,00,D,A,Y,A,-62.0,-43.5
3USQ,A,00,D,A,Y,A,-70.1,-25.9
3P1U,A,00,D,A,Y,A,-103.9,32.8
1N61,E,00,D,A,Y,A,-91.3,-2.3
2IJC,E,00,D,A,Y,A,-62.4,-42.2
2JG5,A,00,D,A,Y,A,-59.9,-46.7
4RZ3,A,00,D,A,Y,A,-56.6,-51.1
3D38,C,00,D,A,Y,A,-44.8,-51.8
3U2X,A,00,D,A,Y,A,-65.5,-19.6
1N20,B,00,D,A,Y,A,-70.0,-42.7
4Q71,A,00,D,A,Y,A,-59.0,-45.6
1N62,B,00,D,A,Y,A,-90.0,-0.8
1Y7V,A,00,D,A,Y,A,-65.9,-29.9
3GXF,A,00,D,A,Y,A,-64.0,-33.6
6D97,A,00,D,A,Y,A,-128.3,-11.8
4CT3,C,00,D,A,Y,A,-54.9,-49.9
1E4L,A,00,D,A,Y,A,46.7,62.7
4N88,A,00,D,A,Y,A,-63.4,-52.6
5UAO,B,00,D,A,Y,A,-67.7,-36.1
2M7D,A,00,D,A,Y,A,-69.3,-51.3
2M7D,A,01,D,A,Y,A,-70.7,-54.2
2M7D,A,02,D,A,Y,A,-63.2,-47.3
2M7D,A,03,D,A,Y,A,-68.5,-52.3
2M7D,A,04,D,A,Y,A,-61.5,-45.9
2M7D,A,05,D,A,Y,A,-67.5,-52.2
2M7D,A,06,D,A,Y,A,-66.8,-49.6
2M7D,A,07,D,A,Y,A,-67.3,-50.4
2M7D,A,08,D,A,Y,A,-66.6,-50.7
2M7D,A,09,D,A,Y,A,-70.3,-54.3
2M7D,A,10,D,A,Y,A,-67.1,-49.8
2M7D,A,11,D,A,Y,A,-62.0,-46.6
2M7D,A,12,D,A,Y,A,-66.6,-50.5
2M7D,A,13,D,A,Y,A,-68.6,-51.3
2M7D,A,14,D,A,Y,A,-67.4,-50.6
2M7D,A,15,D,A,Y,A,-62.0,-46.6
2M7D,A,16,D,A,Y,A,-66.6,-50.3
2M7D,A,17,D,A,Y,A,-67.6,-50.4
2M7D,A,18,D,A,Y,A,-68.5,-51.3
2M7D,A,19,D,A,Y,A,-61.4,-46.1
2M7D,A,20,D,A,Y,A,-67.7,-51.2
2M7D,A,21,D,A,Y,A,-63.3,-47.8
2M7D,A,22,D,A,Y,A,-69.8,-53.3
2M7D,A,23,D,A,Y,A,-63.9,-48.5
2M7D,A,24,D,A,Y,A,-69.0,-52.6
2M7D,A,25,D,A,Y,A,-61.8,-46.9
2M7D,A,26,D,A,Y,A,-61.3,-46.9
2M7D,A,27,D,A,Y,A,-68.6,-52.1
2M7D,A,28,D,A,Y,A,-67.8,-50.4
2M7D,A,29,D,A,Y,A,-68.6,-51.6
2W7S,A,00,D,A,Y,A,-61.3,134.5
2E6L,A,00,D,A,Y,A,-59.6,-46.7
2XWD,B,00,D,A,Y,A,-72.0,-37.1
3HAZ,A,00,D,A,Y,A,-59.3,-47.5
3FKR,B,00,D,A,Y,A,-55.5,-48.2
1E1E,B,00,D,A,Y,A,38.3,59.7
4CSH,C,00,D,A,Y,A,-60.4,-45.6
2PQ5,D,00,D,A,Y,A,-59.1,-55.1
1E56,A,00,D,A,Y,A,50.7,53.8
3U2W,B,00,D,A,Y,A,-66.0,-26.9
4NEI,B,00,D,A,Y,A,-70.4,-44.2
4F62,A,00,D,A,Y,A,-57.7,-50.3
4L16,A,00,D,A,Y,A,-91.4,-52.1
4OLK,B,00,D,A,Y,A,-61.8,-51.0
5JJP,D,00,D,A,Y,A,-62.5,-44.3
5G2D,A,00,D,A,Y,A,-123.4,150.1
2YOC,B,00,D,A,Y,A,-119.8,-33.5
1E4N,A,00,D,A,Y,A,54.1,51.8
1F3V,A,00,D,A,Y,A,-77.7,-52.3
3GXM,B,00,D,A,Y,A,-72.7,-30.6
3KE0,B,00,D,A,Y,A,-68.2,-30.4
5J1J,A,00,D,A,Y,A,-61.6,-41.9
1RW1,A,00,D,A,Y,A,-60.7,-45.1
1YAA,C,00,D,A,Y,A,-52.3,-48.6
1E55,A,00,D,A,Y,A,48.7,60.3
2PBL,B,00,D,A,Y,A,-96.4,6.3
3GXI,D,00,D,A,Y,A,-61.2,-39.4
1ZXI,B,00,D,A,Y,A,-90.5,-4.3
1LL0,G,00,D,A,Y,A,-59.3,-26.5
4GOQ,A,00,D,A,Y,A,-60.7,-45.3
3ZKB,M,00,D,A,Y,A,-127.9,103.6
4HNX,B,00,D,A,Y,A,-87.9,132.6
3TAT,D,00,D,A,Y,A,-92.4,150.9
3TAT,D,01,D,A,Y,A,-32.2,-58.3
6A9J,A,00,D,A,Y,A,-84.6,-21.7
4B3H,C,00,D,A,Y,A,-62.0,-41.5
2IBW,B,00,D,A,Y,A,-64.5,-44.3
2WCG,B,00,D,A,Y,A,-74.6,-35.0
6F03,B,00,D,A,Y,A,-66.9,-40.3
4Y49,H,00,D,A,Y,A,-71.3,135.7
3X3H,E,00,D,A,Y,A,-124.7,-14.9
4ZOH,A,00,D,A,Y,A,-110.5,134.3
1ZXI,E,00,D,A,Y,A,-92.2,-0.4
4CT3,D,00,D,A,Y,A,-55.7,-50.3
2EB6,E,00,D,A,Y,A,-67.6,-32.1
4Y49,N,00,D,A,Y,A,-63.7,144.9
4I56,A,00,D,A,Y,A,-64.1,-48.0
1V08,B,00,D,A,Y,A,51.4,53.7
3FWN,B,00,D,A,Y,A,-73.1,-29.1
3GSB,A,00,D,A,Y,A,-113.8,164.2
6QM7,Q,00,D,A,Y,A,-63.1,-40.1
5VPJ,E,00,D,A,Y,A,-134.4,17.1
4BHY,B,00,D,A,Y,A,-111.6,156.1
3ZKD,D,00,D,A,Y,A,-118.5,121.3
4YXA,C,00,D,A,Y,A,-115.9,4.7
2FC0,A,00,D,A,Y,A,-58.4,-42.0
3HIU,A,00,D,A,Y,A,-65.2,-44.0
3SAL,A,00,D,A,Y,A,-150.0,145.5
4KVM,F,00,D,A,Y,A,-86.7,126.7
2IBU,D,00,D,A,Y,A,-57.5,-46.2
4YXA,F,00,D,A,Y,A,-112.5,11.5
3RKS,D,00,D,A,Y,A,-124.1,-9.1
1EB8,A,00,D,A,Y,A,-127.9,-19.1
2IJC,C,00,D,A,Y,A,-56.0,-47.0
2NTO,A,00,D,A,Y,A,-62.1,-49.6
3U7B,C,00,D,A,Y,A,-54.7,-46.4
1E55,B,00,D,A,Y,A,47.8,56.2
4KTR,G,00,D,A,Y,A,65.0,34.9
3BB5,A,00,D,A,Y,A,-69.6,-46.0
3CER,A,00,D,A,Y,A,-64.9,-40.2
3UC7,D,00,D,A,Y,A,-61.6,-42.3
3AGR,B,00,D,A,Y,A,-119.8,-26.4
6FHS,C,00,D,A,Y,A,-100.0,32.8
3U7B,E,00,D,A,Y,A,-60.4,-39.7
2IJC,D,00,D,A,Y,A,-67.1,-42.3
2IB9,A,00,D,A,Y,A,-59.0,-47.3
3RIK,B,00,D,A,Y,A,-67.3,-39.6
4RKC,A,00,D,A,Y,A,-54.6,-44.5
4GBR,B,00,D,A,Y,A,-98.3,-7.6
3FDU,C,00,D,A,Y,A,-72.3,-39.8
3FDU,E,00,D,A,Y,A,-67.2,-38.9
3T6E,C,00,D,A,Y,A,-65.2,-38.2
3T7O,B,00,D,A,Y,A,-70.8,-20.0
6QKI,C,00,D,A,Y,A,-55.9,-47.0
1V02,F,00,D,A,Y,A,54.5,49.7
4KTR,A,00,D,A,Y,A,55.8,37.3
5VPJ,A,00,D,A,Y,A,-121.1,28.3
5TNU,A,00,D,A,Y,A,-50.9,147.6
5VPJ,G,00,D,A,Y,A,-119.7,33.7
1HXJ,A,00,D,A,Y,A,46.8,58.0
4OK4,B,00,D,A,Y,A,-58.6,-48.4
4M7P,A,00,D,A,Y,A,-107.0,6.4
3GXM,D,00,D,A,Y,A,-72.2,-35.4
3ZKB,H,00,D,A,Y,A,-123.4,108.7
3ZKB,N,00,D,A,Y,A,-133.7,109.3
4B3I,D,00,D,A,Y,A,-64.9,-42.2
3ZKD,C,00,D,A,Y,A,-132.5,119.1
5LWE,A,00,D,A,Y,A,-97.0,-42.4
2BZ9,B,00,D,A,Y,A,-57.4,-51.8
3A3D,B,00,D,A,Y,A,-65.7,-46.6
5VPJ,J,00,D,A,Y,A,-120.0,26.4
4KVM,G,00,D,A,Y,A,-89.2,126.5
5XNY,A,00,D,A,Y,A,-69.5,-34.2
3UC7,A,00,D,A,Y,A,-59.3,-43.8
4ZZ5,B,00,D,A,Y,A,-94.8,165.9
3AIR,A,00,D,A,Y,A,53.2,39.3
3ZKB,B,00,D,A,Y,A,-133.7,94.6
3ORY,A,00,D,A,Y,A,-74.9,-39.9
4F62,B,00,D,A,Y,A,-62.6,-51.2
3TWB,C,00,D,A,Y,A,-61.6,-50.8
3IJ6,D,00,D,A,Y,A,-141.5,73.4
6EQL,B,00,D,A,Y,A,-69.6,-20.4
1Y7V,B,00,D,A,Y,A,-67.8,-30.3
5ABJ,D,00,D,A,Y,A,-64.1,-14.0
3FDU,B,00,D,A,Y,A,-64.5,-39.8
1N1Z,B,00,D,A,Y,A,-86.1,-26.5
3FSL,B,00,D,A,Y,A,-85.4,119.7
3FSL,B,01,D,A,Y,A,-47.4,-53.8
3BB5,E,00,D,A,Y,A,-58.9,-46.6
4Q71,B,00,D,A,Y,A,-59.6,-46.3
3V91,A,00,D,A,Y,A,-69.8,-24.6
2V3E,A,00,D,A,Y,A,-64.8,-33.3
4NX1,A,00,D,A,Y,A,-65.8,-48.3
3AIW,A,00,D,A,Y,A,53.0,44.1
6QM8,C,00,D,A,Y,A,-59.2,-38.8
5VIP,A,00,D,A,Y,A,-58.9,-47.2
4M83,B,00,D,A,Y,A,-68.1,9.0
4KVO,F,00,D,A,Y,A,-77.3,129.5
6A9E,B,00,D,A,Y,A,-83.5,-19.9
2JBL,C,00,D,A,Y,A,-61.2,-48.6
3FSL,A,00,D,A,Y,A,-83.2,119.6
3FSL,A,01,D,A,Y,A,-44.6,-53.4
3V90,A,00,D,A,Y,A,-72.4,-24.1
2PQ5,A,00,D,A,Y,A,-54.9,-57.9
1DWP,A,00,D,A,Y,A,-122.6,-6.5
2F2S,B,00,D,A,Y,A,-57.1,-43.7
3FDU,A,00,D,A,Y,A,-73.9,-41.1
3T7N,B,00,D,A,Y,A,-68.0,-30.1
3ZKB,O,00,D,A,Y,A,-129.2,98.2
5UX2,A,00,D,A,Y,A,-64.8,-47.6
6N48,A,00,D,A,Y,A,-111.8,-25.1
2FBX,A,00,D,A,Y,A,-61.3,-48.2
2JOF,A,00,D,A,Y,A,-63.1,-38.5
2JOF,A,01,D,A,Y,A,-63.7,-37.3
2JOF,A,02,D,A,Y,A,-65.0,-38.8
2JOF,A,03,D,A,Y,A,-58.6,-33.6
2JOF,A,04,D,A,Y,A,-58.1,-38.1
2JOF,A,05,D,A,Y,A,-60.4,-32.1
2JOF,A,06,D,A,Y,A,-63.3,-32.8
2JOF,A,07,D,A,Y,A,-63.9,-36.6
2JOF,A,08,D,A,Y,A,-58.3,-35.0
2JOF,A,09,D,A,Y,A,-59.6,-34.9
2JOF,A,10,D,A,Y,A,-64.1,-37.6
2JOF,A,11,D,A,Y,A,-64.3,-34.6
2JOF,A,12,D,A,Y,A,-60.7,-34.0
2JOF,A,13,D,A,Y,A,-65.2,-38.8
2JOF,A,14,D,A,Y,A,-58.7,-32.5
2JOF,A,15,D,A,Y,A,-61.2,-39.9
2JOF,A,16,D,A,Y,A,-56.5,-42.1
2JOF,A,17,D,A,Y,A,-72.7,-34.7
2JOF,A,18,D,A,Y,A,-57.9,-43.0
2JOF,A,19,D,A,Y,A,-63.0,-36.8
2JOF,A,20,D,A,Y,A,-68.3,-39.6
2JOF,A,21,D,A,Y,A,-59.0,-35.4
2JOF,A,22,D,A,Y,A,-63.8,-37.5
2JOF,A,23,D,A,Y,A,-66.4,-37.6
2JOF,A,24,D,A,Y,A,-62.1,-37.6
2JOF,A,25,D,A,Y,A,-58.3,-35.4
2JOF,A,26,D,A,Y,A,-61.0,-38.8
2JOF,A,27,D,A,Y,A,-61.2,-41.4
2HP1,B,00,D,A,Y,A,-115.4,161.7
5VIP,C,00,D,A,Y,A,-59.8,-44.3
3FSL,E,00,D,A,Y,A,-91.8,114.6
3FSL,E,01,D,A,Y,A,-38.2,-50.5
2JG5,B,00,D,A,Y,A,-63.8,-41.4
4KVO,E,00,D,A,Y,A,-77.1,128.2
2E6M,A,00,D,A,Y,A,-65.7,-43.5
3A3F,A,00,D,A,Y,A,-64.4,-47.5
3X3H,B,00,D,A,Y,A,-124.3,-15.5
1ZCV,A,00,D,A,Y,A,-70.9,-20.3
5G2C,A,00,D,A,Y,A,-124.8,158.4
1H49,B,00,D,A,Y,A,54.6,47.8
4N7S,C,00,D,A,Y,A,-55.7,-45.8
4IL3,B,00,D,A,Y,A,-68.3,-35.0
3QW4,B,00,D,A,Y,A,-76.9,-39.2
2IBY,D,00,D,A,Y,A,-57.9,-45.1
4RA1,A,00,D,A,Y,A,-50.6,-48.5
4ZZ8,A,00,D,A,Y,A,-98.4,167.7
6MOZ,A,00,D,A,Y,A,-66.4,-36.4
3X3H,A,00,D,A,Y,A,-123.6,-14.6
3ZKB,E,00,D,A,Y,A,-121.9,112.6
2XWE,A,00,D,A,Y,A,-70.2,-40.4
1V02,A,00,D,A,Y,A,50.5,49.8
3KHI,A,00,D,A,Y,A,-56.0,-33.9
2IB7,B,00,D,A,Y,A,-59.8,-48.8
3FDU,D,00,D,A,Y,A,-63.2,-46.2
4YX7,C,00,D,A,Y,A,-108.4,-1.4
1LL0,F,00,D,A,Y,A,-60.9,-27.6
5JVF,A,00,D,A,Y,A,-57.6,-46.1
2PQ5,B,00,D,A,Y,A,-64.8,-54.6
5VPJ,D,00,D,A,Y,A,-128.6,39.8
5VPJ,F,00,D,A,Y,A,-116.1,36.4
3X3H,H,00,D,A,Y,A,-124.3,-15.2
2N6E,A,00,D,A,Y,A,-58.2,-44.1
2N6E,A,01,D,A,Y,A,-55.6,-49.4
2N6E,A,02,D,A,Y,A,-52.9,-46.0
2N6E,A,03,D,A,Y,A,-55.7,-44.3
2N6E,A,04,D,A,Y,A,-57.3,-51.1
2N6E,A,05,D,A,Y,A,-58.6,-48.9
2N6E,A,06,D,A,Y,A,-59.2,-48.0
2N6E,A,07,D,A,Y,A,-60.9,-49.4
2N6E,A,08,D,A,Y,A,-56.6,-41.4
2N6E,A,09,D,A,Y,A,-55.1,-54.0
2N6E,A,10,D,A,Y,A,-56.7,-53.3
2N6E,A,11,D,A,Y,A,-57.9,-47.9
2N6E,A,12,D,A,Y,A,-59.0,-44.9
2N6E,A,13,D,A,Y,A,-60.2,-49.4
2N6E,A,14,D,A,Y,A,-61.3,-44.8
2N6E,A,15,D,A,Y,A,-56.3,-48.3
2N6E,A,16,D,A,Y,A,-53.9,-52.8
2N6E,A,17,D,A,Y,A,-62.8,-52.0
2N6E,A,18,D,A,Y,A,-56.9,-50.4
2N6E,A,19,D,A,Y,A,-56.5,-52.1
2XWD,A,00,D,A,Y,A,-65.9,-40.6
4KTP,B,00,D,A,Y,A,55.9,39.4
4GOQ,E,00,D,A,Y,A,-67.4,-42.0
1N24,B,00,D,A,Y,A,-64.8,-37.2
1YAA,A,00,D,A,Y,A,-51.6,-55.9
1R31,B,00,D,A,Y,A,-64.1,-45.6
4YK7,C,00,D,A,Y,A,-126.1,-21.7
1R7I,B,00,D,A,Y,A,-66.5,-45.0
6QM7,C,00,D,A,Y,A,-60.9,-42.0
4QN5,A,00,D,A,Y,A,-151.4,147.1
1ZCY,A,00,D,A,Y,A,-72.6,-19.4
4QN5,B,00,D,A,Y,A,-150.4,149.2
4YX7,F,00,D,A,Y,A,-103.3,0.3
2NT1,A,00,D,A,Y,A,-68.0,-30.0
3V8Z,A,00,D,A,Y,A,-73.6,-21.4
1LL0,I,00,D,A,Y,A,-58.2,-29.2
3G7F,C,00,D,A,Y,A,-62.7,-40.2
4XZ6,B,00,D,A,Y,A,-63.1,-51.9
6QKJ,B,00,D,A,Y,A,-52.2,-51.8
3C7J,B,00,D,A,Y,A,-66.8,-40.3
2F2S,C,00,D,A,Y,A,-54.3,-51.1
4RSM,A,00,D,A,Y,A,-63.5,-39.6
4KTR,E,00,D,A,Y,A,62.1,33.4
1X6A,A,00,D,A,Y,A,-94.4,170.0
1X6A,A,01,D,A,Y,A,-137.4,157.0
1X6A,A,02,D,A,Y,A,-87.9,174.2
1X6A,A,03,D,A,Y,A,-135.7,171.1
1X6A,A,04,D,A,Y,A,-84.4,-172.4
1X6A,A,05,D,A,Y,A,-133.4,163.2
1X6A,A,06,D,A,Y,A,-95.7,164.7
1X6A,A,07,D,A,Y,A,-85.7,-173.5
1X6A,A,08,D,A,Y,A,-136.4,169.3
1X6A,A,09,D,A,Y,A,-78.9,169.9
1X6A,A,10,D,A,Y,A,-76.7,169.0
1X6A,A,11,D,A,Y,A,-144.6,166.7
1X6A,A,12,D,A,Y,A,-143.1,168.2
1X6A,A,13,D,A,Y,A,-117.9,172.8
1X6A,A,14,D,A,Y,A,-108.7,170.2
1X6A,A,15,D,A,Y,A,-129.9,162.3
1X6A,A,16,D,A,Y,A,-71.0,-179.7
1X6A,A,17,D,A,Y,A,-120.2,-178.6
1X6A,A,18,D,A,Y,A,-142.9,166.5
1X6A,A,19,D,A,Y,A,-138.0,-177.3
4RKD,H,00,D,A,Y,A,-60.1,-50.2
1E1E,A,00,D,A,Y,A,28.2,55.1
4B3I,C,00,D,A,Y,A,-64.2,-46.0
2IXR,A,00,D,A,Y,A,-73.2,-41.0
3NFT,A,00,D,A,Y,A,-67.8,-36.4
3KEH,B,00,D,A,Y,A,-71.2,-20.8
2W09,A,00,D,A,Y,A,-56.4,-47.0
3O6Q,C,00,D,A,Y,A,-51.5,-49.8
2GSA,B,00,D,A,Y,A,-120.9,168.5
3TWA,B,00,D,A,Y,A,-56.5,-52.2
1V03,A,00,D,A,Y,A,50.4,48.1
2PBL,D,00,D,A,Y,A,-95.9,3.3
2W7U,C,00,D,A,Y,A,-60.1,135.4
3X3H,C,00,D,A,Y,A,-123.6,-15.6
2IYA,B,00,D,A,Y,A,-102.8,-2.6
3RIK,D,00,D,A,Y,A,-67.3,-36.9
4PMU,D,00,D,A,Y,A,-73.9,-45.0
1YAA,B,00,D,A,Y,A,-62.6,-43.8
6BJA,A,00,D,A,Y,A,-61.6,-44.4
4XPD,B,00,D,A,Y,A,-88.2,128.6
3CER,E,00,D,A,Y,A,-58.9,-46.0
4OK2,B,00,D,A,Y,A,-52.9,-55.0
5C4W,D,00,D,A,Y,A,-64.8,-11.8
3BTP,A,00,D,A,Y,A,-106.5,15.1
5M7K,A,00,D,A,Y,A,-57.7,-49.2
1LL0,C,00,D,A,Y,A,-61.6,-26.9
3QVB,A,00,D,A,Y,A,-60.9,-27.7
4NEI,A,00,D,A,Y,A,-72.7,-44.1
4WB0,A,00,D,A,Y,A,-51.0,-50.1
4I6Y,A,00,D,A,Y,A,-61.8,-49.9
3A3E,A,00,D,A,Y,A,-48.5,-51.9
3UC8,A,00,D,A,Y,A,-62.0,-41.8
2HP1,A,00,D,A,Y,A,-117.9,158.4
4M83,A,00,D,A,Y,A,-101.6,-3.4
4LUQ,B,00,D,A,Y,A,-68.2,-39.7
4ZR8,A,00,D,A,Y,A,-113.5,6.7
3C7J,A,00,D,A,Y,A,-70.5,-34.3
5EWX,A,00,D,A,Y,A,-115.1,4.8
4RKD,E,00,D,A,Y,A,-53.5,-64.0
4PMU,A,00,D,A,Y,A,-79.4,-51.2
4H51,B,00,D,A,Y,A,-53.3,-45.6
4OLK,A,00,D,A,Y,A,-59.7,-52.7
2EB6,D,00,D,A,Y,A,-66.6,-32.1
3GXF,D,00,D,A,Y,A,-56.6,-38.5
3RIL,C,00,D,A,Y,A,-69.5,-27.8
4AC5,C,00,D,A,Y,A,-64.1,-48.5
3IJ6,C,00,D,A,Y,A,-138.7,83.0
3ZKB,J,00,D,A,Y,A,-131.6,114.4
3FWN,A,00,D,A,Y,A,-74.1,-29.6
4N7S,A,00,D,A,Y,A,-62.5,-44.9
4LDO,A,00,D,A,Y,A,-117.8,-13.8
4WW4,A,00,D,A,Y,A,-105.3,-2.0
4RKC,B,00,D,A,Y,A,-50.3,-54.1
3FQA,A,00,D,A,Y,A,-114.6,163.7
3BB5,D,00,D,A,Y,A,-71.3,-42.1
2ZMF,A,00,D,A,Y,A,-71.9,-23.2
5M7L,A,00,D,A,Y,A,-56.0,-54.2
4OVP,B,00,D,A,Y,A,-65.4,-49.1
4RKD,A,00,D,A,Y,A,-52.2,-49.8
2IJC,H,00,D,A,Y,A,-55.6,-48.8
3SAN,B,00,D,A,Y,A,-149.3,148.6
3GXM,A,00,D,A,Y,A,-67.1,-36.1
4KTR,H,00,D,A,Y,A,54.0,31.0
2W0A,A,00,D,A,Y,A,-59.3,-47.9
1H5Z,A,00,D,A,Y,A,-60.9,-51.2
1PBY,A,00,D,A,Y,A,-53.9,134.0
2RVA,A,00,D,A,Y,A,-85.7,116.8
2RVA,A,01,D,A,Y,A,-79.5,143.2
2RVA,A,02,D,A,Y,A,-87.6,119.4
2RVA,A,03,D,A,Y,A,-76.2,119.9
2RVA,A,04,D,A,Y,A,-95.2,165.4
2RVA,A,05,D,A,Y,A,-105.4,133.8
2RVA,A,06,D,A,Y,A,-77.9,116.9
2RVA,A,07,D,A,Y,A,-92.5,124.1
2RVA,A,08,D,A,Y,A,-106.5,130.8
2RVA,A,09,D,A,Y,A,-134.4,118.1
1C92,A,00,D,A,Y,A,75.2,-2.8
5UAO,C,00,D,A,Y,A,-66.1,-35.4
1ZDG,A,00,D,A,Y,A,-66.4,-21.3
2IJC,A,00,D,A,Y,A,-58.8,-47.6
5XSD,L,00,D,A,Y,A,-65.1,-32.1
3DL1,A,00,D,A,Y,A,-74.2,-42.4
4BLF,A,00,D,A,Y,A,-106.7,15.1
4YK7,D,00,D,A,Y,A,-126.2,-10.7
6QKI,D,00,D,A,Y,A,-56.5,-45.9
1LL2,A,00,D,A,Y,A,-71.5,-17.6
2IJC,F,00,D,A,Y,A,-58.5,-46.5
2W7S,B,00,D,A,Y,A,-59.4,132.6
1N1B,B,00,D,A,Y,A,-63.6,-43.5
1E9X,A,00,D,A,Y,A,-60.1,-47.9
1PRC,C,00,D,A,Y,A,-61.8,-40.3
3AIV,A,00,D,A,Y,A,51.4,43.3
2IYF,A,00,D,A,Y,A,-97.3,-2.4
5XSJ,L,00,D,A,Y,A,-60.8,-41.0
4HNY,D,00,D,A,Y,A,-87.9,119.7
1N23,A,00,D,A,Y,A,-66.9,-39.4
2IZP,B,00,D,A,Y,A,-49.2,-40.8
3TWB,E,00,D,A,Y,A,-59.1,-50.6
6C9M,D,00,D,A,Y,A,-100.6,126.8
2EB5,C,00,D,A,Y,A,-65.6,-32.2
6GEN,T,00,D,A,Y,A,-101.6,23.6
3RIK,A,00,D,A,Y,A,-66.8,-28.9
1N5W,E,00,D,A,Y,A,-90.4,-3.5
2ZYG,A,00,D,A,Y,A,-76.6,-30.7
1Q1R,B,00,D,A,Y,A,-63.4,-43.8
1N24,A,00,D,A,Y,A,-65.0,-36.7
4GGB,A,00,D,A,Y,A,-55.2,-50.8
1T02,B,00,D,A,Y,A,-64.9,-50.6
2J25,A,00,D,A,Y,A,-76.5,-17.0
4ZEC,A,00,D,A,Y,A,-62.1,-51.4
2O4D,A,00,D,A,Y,A,-65.4,-46.2
3P1U,B,00,D,A,Y,A,-106.8,34.7
2F2S,D,00,D,A,Y,A,-61.0,-51.6
4ZEI,A,00,D,A,Y,A,-56.6,-45.5
5VPJ,C,00,D,A,Y,A,-118.7,25.0
6C95,B,00,D,A,Y,A,-81.3,130.8
6FML,A,00,D,A,Y,A,-104.4,25.1
5EDV,B,00,D,A,Y,A,-65.9,-30.6
3AIU,A,00,D,A,Y,A,49.5,46.1
2GWO,D,00,D,A,Y,A,-56.7,-48.9
2IBU,B,00,D,A,Y,A,-60.7,-44.6
6Q6L,A,00,D,A,Y,A,-64.2,-37.8
3GSB,B,00,D,A,Y,A,-120.2,164.0
5JQH,A,00,D,A,Y,A,-94.0,-25.0
4RZ2,A,00,D,A,Y,A,-66.0,-48.6
5EVJ,B,00,D,A,Y,A,-42.4,-54.4
5PRC,C,00,D,A,Y,A,-55.5,-52.2
3GXD,D,00,D,A,Y,A,-53.8,-42.8
3U7B,A,00,D,A,Y,A,-62.0,-45.7
1ZCT,B,00,D,A,Y,A,-63.6,-19.8
2EB4,E,00,D,A,Y,A,-68.1,-31.8
5FJG,A,00,D,A,Y,A,-127.4,145.3
5EWX,B,00,D,A,Y,A,-114.0,6.7
3LB8,A,00,D,A,Y,A,-67.0,-45.6
2NT1,B,00,D,A,Y,A,-51.8,-44.5
1V02,D,00,D,A,Y,A,49.3,49.0
1LL3,A,00,D,A,Y,A,-72.5,-17.1
5LVX,B,00,D,A,Y,A,-65.0,-36.1
5O4C,C,00,D,A,Y,A,-54.2,-46.8
1R7I,A,00,D,A,Y,A,-66.9,-45.1
3U2U,A,00,D,A,Y,A,-65.9,-20.9
2PVQ,A,00,D,A,Y,A,-65.4,-48.6
1U13,A,00,D,A,Y,A,-60.2,-48.9
1E4N,B,00,D,A,Y,A,53.6,54.1
5ZTK,A,00,D,A,Y,A,-121.4,146.7
3QW3,B,00,D,A,Y,A,-61.4,-42.0
2VT0,A,00,D,A,Y,A,-64.4,-37.2
3GXF,B,00,D,A,Y,A,-64.6,-39.1
1V02,B,00,D,A,Y,A,48.8,50.7
1N60,E,00,D,A,Y,A,-93.2,0.6
6MXT,A,00,D,A,Y,A,-106.9,15.3
2XWE,B,00,D,A,Y,A,-71.7,-33.5
1MC0,A,00,D,A,Y,A,-45.1,-48.5
3AMJ,C,00,D,A,Y,A,-61.1,-29.9
5JQH,B,00,D,A,Y,A,-93.4,-26.5
2W7U,B,00,D,A,Y,A,-65.1,127.9
6FML,B,00,D,A,Y,A,-96.2,29.0
5VBA,A,00,D,A,Y,A,-107.9,6.8
4CSH,A,00,D,A,Y,A,-53.7,-50.8
5VPJ,H,00,D,A,Y,A,-126.5,22.7
6Q6K,A,00,D,A,Y,A,-64.6,-37.3
3TAT,F,00,D,A,Y,A,-92.4,150.9
3TAT,F,01,D,A,Y,A,-32.2,-58.3
2IBW,A,00,D,A,Y,A,-60.9,-43.2
1N20,A,00,D,A,Y,A,-59.0,-39.9
3GXD,C,00,D,A,Y,A,-68.3,-31.1
2FBY,A,00,D,A,Y,A,-63.0,-40.0
2VKU,A,00,D,A,Y,A,-55.5,-52.5
6QKI,A,00,D,A,Y,A,-57.9,-45.1
4LUQ,A,00,D,A,Y,A,-64.5,-45.2
4BHY,C,00,D,A,Y,A,-111.9,156.0
4ZZ8,B,00,D,A,Y,A,-95.6,169.1
3WSZ,A,00,D,A,Y,A,-106.4,-39.2
6F03,D,00,D,A,Y,A,-69.0,-41.1
1LL0,J,00,D,A,Y,A,-62.6,-26.3
2HP2,B,00,D,A,Y,A,-113.1,164.0
3TW9,C,00,D,A,Y,A,-57.6,-51.6
5FM7,A,00,D,A,Y,A,-108.7,8.7
2VT0,B,00,D,A,Y,A,-70.9,-32.2
3KE0,A,00,D,A,Y,A,-68.0,-27.2
5ZJG,B,00,D,A,Y,A,-59.9,-40.3
4GSA,B,00,D,A,Y,A,-116.9,172.6
6F03,A,00,D,A,Y,A,-65.8,-39.2
3TWA,A,00,D,A,Y,A,-60.0,-51.3
1OGS,B,00,D,A,Y,A,-70.4,-32.7
3UC7,F,00,D,A,Y,A,-66.9,-38.0
5JJP,B,00,D,A,Y,A,-64.5,-40.5
2IYF,B,00,D,A,Y,A,-98.5,3.1
4RKD,C,00,D,A,Y,A,-55.0,-60.2
3U2U,B,00,D,A,Y,A,-63.4,-22.7
4XZ6,A,00,D,A,Y,A,-65.5,-40.4
3CER,B,00,D,A,Y,A,-61.1,-35.5
4I4B,A,00,D,A,Y,A,-61.9,-46.7
3AMI,A,00,D,A,Y,A,-60.2,-39.9
3T7M,A,00,D,A,Y,A,-64.6,-18.4
4RSM,D,00,D,A,Y,A,-60.3,-46.6
4RSM,C,00,D,A,Y,A,-64.7,-40.1
1DXR,C,00,D,A,Y,A,-57.1,-46.8
4OJZ,B,00,D,A,Y,A,-61.2,-46.4
3FQA,B,00,D,A,Y,A,-115.3,163.8
2ZYG,B,00,D,A,Y,A,-75.7,-33.2
3TWA,D,00,D,A,Y,A,-60.3,-51.8
4Q72,A,00,D,A,Y,A,-59.9,-49.0
2WKL,A,00,D,A,Y,A,-62.4,-41.1
4ZE8,B,00,D,A,Y,A,-49.7,-47.3
4MVN,A,00,D,A,Y,A,-56.5,134.9
2F2S,A,00,D,A,Y,A,-51.5,-46.1
3HAZ,B,00,D,A,Y,A,-56.3,-49.6
5N5P,C,00,D,A,Y,A,-120.0,-74.4
3ZKD,F,00,D,A,Y,A,-150.1,129.5
6FML,C,00,D,A,Y,A,-100.1,32.8
2PQ5,C,00,D,A,Y,A,-63.9,-58.9
4GOQ,D,00,D,A,Y,A,-63.5,-46.0
6FHS,B,00,D,A,Y,A,-96.2,28.9
2WJM,C,00,D,A,Y,A,-60.7,-41.6
5O64,C,00,D,A,Y,A,-59.9,-50.0
4HPN,A,00,D,A,Y,A,-57.2,-46.5
3V8Y,A,00,D,A,Y,A,-77.1,-21.6
5UX2,B,00,D,A,Y,A,-77.0,-52.4
2IB8,C,00,D,A,Y,A,-61.1,-46.6
2IBW,C,00,D,A,Y,A,-61.4,-47.7
1YAA,D,00,D,A,Y,A,-49.4,-59.5
3ZKB,I,00,D,A,Y,A,-130.3,98.4
3BB5,B,00,D,A,Y,A,-63.5,-49.7
3AGR,A,00,D,A,Y,A,-128.4,-23.1
3PRC,C,00,D,A,Y,A,-63.2,-39.1
3SAL,B,00,D,A,Y,A,-148.2,146.9
2W7S,D,00,D,A,Y,A,-45.6,126.5
4GOQ,C,00,D,A,Y,A,-60.9,-43.1
1DWO,B,00,D,A,Y,A,-131.6,-5.6
1DWO,A,00,D,A,Y,A,-128.6,-10.1
5G28,A,00,D,A,Y,A,-121.2,142.1
3ZKB,F,00,D,A,Y,A,-136.4,105.8
3TAT,A,00,D,A,Y,A,-92.4,150.9
3TAT,A,01,D,A,Y,A,-32.2,-58.3
6C9M,B,00,D,A,Y,A,-90.7,140.5
3GXD,A,00,D,A,Y,A,-71.8,-31.7
1N60,B,00,D,A,Y,A,-90.7,-0.4
3FDU,F,00,D,A,Y,A,-70.8,-25.2
4M5F,A,00,D,A,Y,A,-54.2,-42.8
2GWO,A,00,D,A,Y,A,-66.4,-42.2
2EB5,E,00,D,A,Y,A,-64.1,-35.4
2C7B,B,00,D,A,Y,A,-72.4,-47.3
2W7U,A,00,D,A,Y,A,-65.9,130.8
3TAT,C,00,D,A,Y,A,-92.5,150.9
3TAT,C,01,D,A,Y,A,-32.1,-58.3
6EPB,A,00,D,A,Y,A,-62.0,-47.1
3UC8,B,00,D,A,Y,A,-65.7,-37.3
4KTR,B,00,D,A,Y,A,68.3,29.7
3ZKD,H,00,D,A,Y,A,-138.0,112.1
1DWQ,A,00,D,A,Y,A,-124.6,-13.9
5VPJ,I,00,D,A,Y,A,-118.9,40.4
2NT0,C,00,D,A,Y,A,-59.9,-34.6
3RIK,C,00,D,A,Y,A,-62.2,-30.4
4KTP,A,00,D,A,Y,A,56.9,37.6
2XLH,A,00,D,A,Y,A,-129.3,-5.2
3SVK,B,00,D,A,Y,A,-60.6,-45.9
4CSH,B,00,D,A,Y,A,-57.8,-44.6
1R2C,C,00,D,A,Y,A,-63.6,-52.4
3TW9,B,00,D,A,Y,A,-55.8,-53.7
4KVO,H,00,D,A,Y,A,-76.9,127.8
2IBU,C,00,D,A,Y,A,-58.2,-49.1
2XL6,A,00,D,A,Y,A,-120.1,-6.2
6BSN,B,00,D,A,Y,A,-59.5,-50.5
3FQ8,A,00,D,A,Y,A,-118.7,160.1
3TI8,B,00,D,A,Y,A,-150.2,147.0
1JJU,A,00,D,A,Y,A,-73.7,113.7
3RKS,C,00,D,A,Y,A,-128.7,-6.3
3JUW,A,00,D,A,Y,A,-121.2,-6.5
2EB4,A,00,D,A,Y,A,-68.9,-28.6
3ZKB,P,00,D,A,Y,A,-126.7,116.4
1N1Z,A,00,D,A,Y,A,-64.3,-35.3
6Q6N,B,00,D,A,Y,A,-63.9,-39.9
6FHS,A,00,D,A,Y,A,-104.5,25.1
4Q73,B,00,D,A,Y,A,-61.9,-46.5
2F61,A,00,D,A,Y,A,-71.4,-35.1
5G54,A,00,D,A,Y,A,-128.3,143.2
4ZE8,A,00,D,A,Y,A,-50.7,-46.5
3T7M,B,00,D,A,Y,A,-67.1,-20.0
4OJZ,A,00,D,A,Y,A,-57.6,-50.1
2EB5,B,00,D,A,Y,A,-69.8,-30.0
5ZTL,A,00,D,A,Y,A,-113.2,142.0
2HOY,A,00,D,A,Y,A,-118.9,161.8
3T6D,C,00,D,A,Y,A,-68.4,-35.6
5LVX,A,00,D,A,Y,A,-64.7,-36.1
4N88,C,00,D,A,Y,A,-64.8,-46.5
1N63,E,00,D,A,Y,A,-90.6,-2.3
5C8C,B,00,D,A,Y,A,-69.8,-13.8
4RKD,G,00,D,A,Y,A,-51.6,-58.0
1QAX,A,00,D,A,Y,A,-70.2,-53.0
3USF,B,00,D,A,Y,A,-113.7,168.3
3WSX,A,00,D,A,Y,A,-109.7,-58.1
6ET5,C,00,D,A,Y,A,-53.3,-37.2
4KTR,D,00,D,A,Y,A,61.7,32.3
3ZKD,G,00,D,A,Y,A,-141.7,125.2
3BJM,B,00,A,Y,A,Q,-151.4,158.5
5Y7K,B,00,A,Y,A,Q,-136.8,157.9
5MKE,C,00,A,Y,A,Q,-50.6,-47.7
2J7U,A,00,A,Y,A,Q,-61.3,-46.1
4E55,B,00,A,Y,A,Q,-57.8,-50.8
6OZV,A,00,A,Y,A,Q,-67.6,-46.1
6F93,B,00,A,Y,A,Q,-66.0,-46.4
3M0X,A,00,A,Y,A,Q,-60.7,-49.7
5JJR,A,00,A,Y,A,Q,-69.8,-38.5
3KL0,C,00,A,Y,A,Q,-69.1,-45.6
6BQK,A,00,A,Y,A,Q,-141.6,157.3
1IDQ,A,00,A,Y,A,Q,-59.0,-41.5
3OX4,D,00,A,Y,A,Q,-67.9,-45.7
4FQV,I,00,A,Y,A,Q,-132.9,142.3
3O9V,A,00,A,Y,A,Q,-145.2,155.5
5FIF,B,00,A,Y,A,Q,-63.0,-38.9
5Y7J,D,00,A,Y,A,Q,-137.3,155.6
3IUI,D,00,A,Y,A,Q,-60.7,-55.9
4NUA,A,00,A,Y,A,Q,-73.2,-62.6
3M3W,A,00,A,Y,A,Q,-67.2,-37.4
3KL5,C,00,A,Y,A,Q,-82.1,-39.4
5AC4,B,00,A,Y,A,Q,-65.9,-46.4
3OC0,B,00,A,Y,A,Q,-152.1,149.7
5EPN,A,00,A,Y,A,Q,-156.8,151.1
1GHD,A,00,A,Y,A,Q,-61.0,-41.1
2ADV,A,00,A,Y,A,Q,-56.1,-45.6
3UFA,A,00,A,Y,A,Q,-60.2,136.7
3SX4,A,00,A,Y,A,Q,-133.1,160.6
5Y7K,D,00,A,Y,A,Q,-140.2,160.1
1UQW,B,00,A,Y,A,Q,67.0,20.1
1X0U,A,00,A,Y,A,Q,-134.9,146.3
1X0U,C,00,A,Y,A,Q,-135.8,154.3
1Q5Q,G,00,A,Y,A,Q,-60.9,-40.1
5A6A,A,00,A,Y,A,Q,-73.2,-39.5
3CCC,D,00,A,Y,A,Q,-161.7,158.1
2FM2,A,00,A,Y,A,Q,-139.6,150.5
1Q5R,A,00,A,Y,A,Q,-54.9,-44.3
3SX4,B,00,A,Y,A,Q,-146.4,148.1
2BGN,B,00,A,Y,A,Q,-158.9,157.3
4G1F,B,00,A,Y,A,Q,-148.2,162.2
3ITY,C,00,A,Y,A,Q,-59.5,-51.1
5FMZ,B,00,A,Y,A,Q,-85.4,77.9
1FM2,A,00,A,Y,A,Q,-62.2,-46.5
3G0B,D,00,A,Y,A,Q,-152.6,152.7
3F8S,A,00,A,Y,A,Q,-151.6,169.4
3CCB,B,00,A,Y,A,Q,-149.6,157.3
2BUZ,B,00,A,Y,A,Q,-67.7,147.2
3SU2,A,00,A,Y,A,Q,-155.0,148.7
5Y7H,B,00,A,Y,A,Q,-150.3,165.7
6B1E,A,00,A,Y,A,Q,-151.8,154.9
3G0B,B,00,A,Y,A,Q,-155.3,149.9
3OX4,A,00,A,Y,A,Q,-60.9,-49.2
5F3T,A,00,A,Y,A,Q,-63.5,-44.6
4MTP,B,00,A,Y,A,Q,-58.9,-45.3
2VKZ,B,00,A,Y,A,Q,-118.0,-13.8
4WH8,B,00,A,Y,A,Q,-155.2,148.9
2X3X,A,00,A,Y,A,Q,-36.3,-60.2
4QAW,F,00,A,Y,A,Q,-53.2,-39.7
2AJL,J,00,A,Y,A,Q,-149.1,156.9
6B1O,B,00,A,Y,A,Q,-153.6,153.0
3SUE,B,00,A,Y,A,Q,-148.9,138.0
3CZX,C,00,A,Y,A,Q,-64.8,-43.7
3IUD,C,00,A,Y,A,Q,-60.3,-51.5
4GJJ,C,00,A,Y,A,Q,-55.4,-51.7
2W7S,B,00,A,Y,A,Q,-59.4,132.6
3CCB,D,00,A,Y,A,Q,-157.8,151.9
1R9M,D,00,A,Y,A,Q,-156.2,155.3
2AJD,D,00,A,Y,A,Q,-168.0,154.7
5CJS,H,00,A,Y,A,Q,-131.8,144.5
1ORV,A,00,A,Y,A,Q,-152.3,158.9
2IBM,B,00,A,Y,A,Q,42.3,23.5
1M6N,A,00,A,Y,A,Q,-72.9,-6.8
3CCB,C,00,A,Y,A,Q,-155.0,156.4
1M06,F,00,A,Y,A,Q,-64.6,-49.9
5Z1W,B,00,A,Y,A,Q,-66.5,-42.0
4FQI,H,00,A,Y,A,Q,-134.7,142.5
3VJL,A,00,A,Y,A,Q,-158.0,156.7
4ZUL,A,00,A,Y,A,Q,-57.4,-38.3
3M0H,D,00,A,Y,A,Q,-64.4,-47.9
2X3V,C,00,A,Y,A,Q,-55.1,-45.1
5VTA,D,00,A,Y,A,Q,-158.5,159.0
2OAG,B,00,A,Y,A,Q,-159.6,161.7
3IUD,D,00,A,Y,A,Q,-65.1,-44.1
5HN0,A,00,A,Y,A,Q,-60.5,-46.5
6MYK,C,00,A,Y,A,Q,-66.4,-20.1
3SU0,A,00,A,Y,A,Q,-153.1,146.2
3G0B,A,00,A,Y,A,Q,-148.7,153.3
3JC5,c,00,A,Y,A,Q,49.0,-147.4
3M0X,C,00,A,Y,A,Q,-61.3,-51.1
3UC7,D,00,A,Y,A,Q,-61.6,-42.3
4GJJ,D,00,A,Y,A,Q,-58.1,-49.3
1EOC,B,00,A,Y,A,Q,-72.6,147.7
3EOM,C,00,A,Y,A,Q,-59.1,-55.1
2V4X,A,00,A,Y,A,Q,-67.0,-35.8
4PNZ,B,00,A,Y,A,Q,-157.3,156.5
3HMJ,A,00,A,Y,A,Q,-118.9,-12.8
4WSA,B,00,A,Y,A,Q,-80.3,81.0
3ITO,C,00,A,Y,A,Q,-64.3,-49.4
3LG3,B,00,A,Y,A,Q,-60.0,-39.9
3VR5,E,00,A,Y,A,Q,-68.3,-39.3
5A6T,C,00,A,Y,A,Q,-148.4,142.3
2F9V,A,00,A,Y,A,Q,-136.7,152.7
3EOM,D,00,A,Y,A,Q,-63.3,-49.3
1QTR,A,00,A,Y,A,Q,-80.1,-43.0
2QT9,B,00,A,Y,A,Q,-161.5,158.7
2JOF,A,00,A,Y,A,Q,-63.1,-38.5
2JOF,A,01,A,Y,A,Q,-63.7,-37.3
2JOF,A,02,A,Y,A,Q,-65.0,-38.8
2JOF,A,03,A,Y,A,Q,-58.6,-33.6
2JOF,A,04,A,Y,A,Q,-58.1,-38.1
2JOF,A,05,A,Y,A,Q,-60.4,-32.1
2JOF,A,06,A,Y,A,Q,-63.3,-32.8
2JOF,A,07,A,Y,A,Q,-63.9,-36.6
2JOF,A,08,A,Y,A,Q,-58.3,-35.0
2JOF,A,09,A,Y,A,Q,-59.6,-34.9
2JOF,A,10,A,Y,A,Q,-64.1,-37.6
2JOF,A,11,A,Y,A,Q,-64.3,-34.6
2JOF,A,12,A,Y,A,Q,-60.7,-34.0
2JOF,A,13,A,Y,A,Q,-65.2,-38.8
2JOF,A,14,A,Y,A,Q,-58.7,-32.5
2JOF,A,15,A,Y,A,Q,-61.2,-39.9
2JOF,A,16,A,Y,A,Q,-56.5,-42.1
2JOF,A,17,A,Y,A,Q,-72.7,-34.7
2JOF,A,18,A,Y,A,Q,-57.9,-43.0
2JOF,A,19,A,Y,A,Q,-63.0,-36.8
2JOF,A,20,A,Y,A,Q,-68.3,-39.6
2JOF,A,21,A,Y,A,Q,-59.0,-35.4
2JOF,A,22,A,Y,A,Q,-63.8,-37.5
2JOF,A,23,A,Y,A,Q,-66.4,-37.6
2JOF,A,24,A,Y,A,Q,-62.1,-37.6
2JOF,A,25,A,Y,A,Q,-58.3,-35.4
2JOF,A,26,A,Y,A,Q,-61.0,-38.8
2JOF,A,27,A,Y,A,Q,-61.2,-41.4
3O1Q,C,00,A,Y,A,Q,-58.0,-44.8
2BUC,B,00,A,Y,A,Q,-149.3,153.3
2OQV,A,00,A,Y,A,Q,-145.2,155.3
3HAB,A,00,A,Y,A,Q,-152.5,155.0
3CZX,D,00,A,Y,A,Q,-63.4,-43.7
3CZX,B,00,A,Y,A,Q,-62.6,-47.0
6P4U,A,00,A,Y,A,Q,-80.2,-2.0
4NZP,A,00,A,Y,A,Q,-65.6,-47.4
2AJB,B,00,A,Y,A,Q,-147.1,168.8
3VJK,B,00,A,Y,A,Q,-146.7,158.9
3OWO,D,00,A,Y,A,Q,-67.0,-45.2
5CCV,B,00,A,Y,A,Q,-69.9,-32.8
5CE5,A,00,A,Y,A,Q,-56.0,-48.7
5A6J,D,00,A,Y,A,Q,-65.9,-43.4
5Y7H,A,00,A,Y,A,Q,-155.6,160.2
4ZUL,F,00,A,Y,A,Q,-60.4,-44.1
5KBY,A,00,A,Y,A,Q,-153.2,150.4
1W1I,A,00,A,Y,A,Q,-156.0,159.0
2I03,B,00,A,Y,A,Q,-149.5,167.2
6MYJ,D,00,A,Y,A,Q,-141.3,175.7
2JYA,A,00,A,Y,A,Q,-61.3,-60.3
2JYA,A,01,A,Y,A,Q,-66.7,-49.3
2JYA,A,02,A,Y,A,Q,-63.4,-60.6
2JYA,A,03,A,Y,A,Q,-65.6,-59.3
2JYA,A,04,A,Y,A,Q,-62.7,-57.1
2JYA,A,05,A,Y,A,Q,-63.8,-57.1
2JYA,A,06,A,Y,A,Q,-64.4,-53.4
2JYA,A,07,A,Y,A,Q,-62.2,-58.4
2JYA,A,08,A,Y,A,Q,-64.7,-60.0
2JYA,A,09,A,Y,A,Q,-66.6,-55.9
2JYA,A,10,A,Y,A,Q,-64.1,-54.7
2JYA,A,11,A,Y,A,Q,-65.8,-51.3
2JYA,A,12,A,Y,A,Q,-67.1,-58.8
2JYA,A,13,A,Y,A,Q,-66.9,-56.6
2JYA,A,14,A,Y,A,Q,-65.3,-59.8
2JYA,A,15,A,Y,A,Q,-64.6,-58.3
2JYA,A,16,A,Y,A,Q,-66.1,-56.6
2JYA,A,17,A,Y,A,Q,-65.4,-52.4
2JYA,A,18,A,Y,A,Q,-64.2,-54.3
2JYA,A,19,A,Y,A,Q,-63.3,-59.1
4X71,A,00,A,Y,A,Q,-62.3,-42.9
1VNF,A,00,A,Y,A,Q,-60.1,-41.0
3BB0,A,00,A,Y,A,Q,-61.3,-39.4
4X0U,C,00,A,Y,A,Q,-57.1,-37.2
1DYS,B,00,A,Y,A,Q,-70.4,-37.4
3M0Y,C,00,A,Y,A,Q,-61.7,-47.2
3OPM,C,00,A,Y,A,Q,-155.9,155.8
3KWF,B,00,A,Y,A,Q,-160.7,150.8
4J3J,B,00,A,Y,A,Q,-147.2,156.5
2OGZ,A,00,A,Y,A,Q,-157.0,158.1
3VJM,A,00,A,Y,A,Q,-156.7,156.3
5CCV,H,00,A,Y,A,Q,-67.0,-28.7
3WSY,A,00,A,Y,A,Q,-112.6,-52.9
4K7K,A,00,A,Y,A,Q,-52.0,-39.8
2GBG,B,00,A,Y,A,Q,-154.3,157.3
6B1E,B,00,A,Y,A,Q,-155.5,156.1
2ZYG,A,00,A,Y,A,Q,-76.6,-30.7
4C87,C,00,A,Y,A,Q,-59.9,-51.1
5IQ6,A,00,A,Y,A,Q,-60.2,-46.6
1S3T,C,00,A,Y,A,Q,-154.2,140.5
1X2B,A,00,A,Y,A,Q,-65.9,-54.1
2ONC,D,00,A,Y,A,Q,-161.3,159.1
3G0B,C,00,A,Y,A,Q,-148.6,157.6
5Y7J,A,00,A,Y,A,Q,-151.2,162.8
4Q51,A,00,A,Y,A,Q,-83.6,135.3
6C2N,A,00,A,Y,A,Q,-155.8,148.8
3PIK,A,00,A,Y,A,Q,-50.1,-48.3
2QJR,B,00,A,Y,A,Q,-149.0,153.7
3VR3,F,00,A,Y,A,Q,-70.4,-34.0
5ZE9,F,00,A,Y,A,Q,-64.3,-38.2
3SUD,C,00,A,Y,A,Q,-142.0,148.3
3M0H,A,00,A,Y,A,Q,-63.3,-48.2
5Z1W,A,00,A,Y,A,Q,-66.6,-42.0
3AYX,A,00,A,Y,A,Q,-55.7,-54.0
2X3X,C,00,A,Y,A,Q,-71.4,-46.7
6FZD,A,00,A,Y,A,Q,-50.2,-58.3
6BQJ,B,00,A,Y,A,Q,-143.0,147.2
2AJ8,B,00,A,Y,A,Q,-156.9,155.1
2I03,D,00,A,Y,A,Q,-154.2,153.0
4C88,D,00,A,Y,A,Q,-65.3,-50.3
5I3Q,A,00,A,Y,A,Q,-61.9,-45.9
4NZT,H,00,A,Y,A,Q,-127.5,146.6
3CXN,C,00,A,Y,A,Q,-56.9,-47.2
2A4R,A,00,A,Y,A,Q,-137.1,151.8
5MB4,A,00,A,Y,A,Q,-60.9,-38.0
4C87,A,00,A,Y,A,Q,-65.0,-48.0
2HG4,B,00,A,Y,A,Q,-61.5,-44.3
2HET,B,00,A,Y,A,Q,-49.3,-50.6
3CCB,A,00,A,Y,A,Q,-148.1,164.5
2G5P,A,00,A,Y,A,Q,-153.7,157.0
2I57,A,00,A,Y,A,Q,-64.7,-45.8
1OR0,A,00,A,Y,A,Q,-58.4,-47.5
2OPH,A,00,A,Y,A,Q,-148.5,159.5
3KWJ,A,00,A,Y,A,Q,-154.9,145.6
5HMZ,A,00,A,Y,A,Q,-62.4,-44.4
4NWL,B,00,A,Y,A,Q,-143.9,154.4
3FIU,D,00,A,Y,A,Q,-64.2,-48.5
5Y7K,A,00,A,Y,A,Q,-153.8,160.5
2I57,D,00,A,Y,A,Q,-61.0,-48.6
3WSX,A,00,A,Y,A,Q,-109.7,-58.1
2AE5,A,00,A,Y,A,Q,-59.2,-48.2
4A5S,A,00,A,Y,A,Q,-153.6,155.9
5ZEA,D,00,A,Y,A,Q,-69.3,-24.3
1GK0,A,00,A,Y,A,Q,-57.1,-50.4
3SF5,A,00,A,Y,A,Q,-57.4,-48.6
3G0G,A,00,A,Y,A,Q,-147.5,156.3
2OIN,B,00,A,Y,A,Q,-134.2,149.8
3EON,C,00,A,Y,A,Q,-62.5,-47.3
3SYV,B,00,A,Y,A,Q,-51.2,-50.4
4FMP,B,00,A,Y,A,Q,-39.1,-59.0
2H6J,G,00,A,Y,A,Q,-44.2,-47.9
2AJD,A,00,A,Y,A,Q,-148.1,162.9
3ACO,B,00,A,Y,A,Q,-62.3,-47.4
4G1F,D,00,A,Y,A,Q,-144.4,156.4
2AJL,I,00,A,Y,A,Q,-164.2,165.9
2P8S,B,00,A,Y,A,Q,-162.7,161.9
5HMW,A,00,A,Y,A,Q,-63.3,-38.2
5UZR,A,00,A,Y,A,Q,-62.3,-45.2
3SWW,A,00,A,Y,A,Q,-160.0,149.0
5ISM,A,00,A,Y,A,Q,-156.1,155.6
6A70,F,00,A,Y,A,Q,-70.6,-31.7
2J6L,B,00,A,Y,A,Q,-59.6,-37.5
5KNC,F,00,A,Y,A,Q,-71.4,-37.1
6C2M,D,00,A,Y,A,Q,-150.3,152.4
4PV7,A,00,A,Y,A,Q,-138.5,164.1
2BUA,A,00,A,Y,A,Q,-154.2,159.1
3W2T,A,00,A,Y,A,Q,-158.5,155.2
4C89,C,00,A,Y,A,Q,-70.8,-45.9
5Z1W,C,00,A,Y,A,Q,-66.5,-42.0
5MKF,B,00,A,Y,A,Q,-49.6,-39.9
5MKF,C,00,A,Y,A,Q,-49.6,-39.9
2OC8,A,00,A,Y,A,Q,-138.7,153.9
4EOW,H,00,A,Y,A,Q,-108.1,139.1
6QCT,B,00,A,Y,A,Q,-88.0,87.7
5KBY,C,00,A,Y,A,Q,-152.9,149.3
5LLS,A,00,A,Y,A,Q,-150.6,158.2
3AUK,A,00,A,Y,A,Q,-55.7,-49.8
3W02,A,00,A,Y,A,Q,-57.2,-48.8
3SYV,F,00,A,Y,A,Q,-59.7,-50.6
4N8D,B,00,A,Y,A,Q,-155.4,155.2
5KNB,D,00,A,Y,A,Q,-67.5,-50.1
1EWR,A,00,A,Y,A,Q,-88.3,-48.0
3JTQ,A,00,A,Y,A,Q,-57.1,-50.2
4E22,A,00,A,Y,A,Q,-60.6,-46.4
3HMJ,B,00,A,Y,A,Q,-118.0,-13.8
5UZQ,A,00,A,Y,A,Q,-55.9,-45.4
1IGW,B,00,A,Y,A,Q,-62.0,-40.0
6G48,C,00,A,Y,A,Q,-154.3,137.0
4HDH,A,00,A,Y,A,Q,-59.1,-48.1
5ETX,A,00,A,Y,A,Q,-151.3,136.3
3O9V,C,00,A,Y,A,Q,-158.8,161.5
5U8T,E,00,A,Y,A,Q,46.5,-141.0
4OEB,D,00,A,Y,A,Q,-62.1,-21.0
6CNV,H,00,A,Y,A,Q,-134.6,142.6
2G63,B,00,A,Y,A,Q,-155.8,158.7
3M0V,C,00,A,Y,A,Q,-65.2,-50.0
4FQH,A,00,A,Y,A,Q,-128.7,151.0
3C43,B,00,A,Y,A,Q,-167.4,161.6
4C89,B,00,A,Y,A,Q,-64.6,-46.7
4GJJ,B,00,A,Y,A,Q,-54.6,-52.1
6DU8,B,00,A,Y,A,Q,-64.2,-33.5
5M3J,B,00,A,Y,A,Q,-83.0,84.7
2QOE,B,00,A,Y,A,Q,-157.0,157.3
6NYY,D,00,A,Y,A,Q,-64.6,-37.7
3U3U,C,00,A,Y,A,Q,-82.7,133.3
4DTC,A,00,A,Y,A,Q,-153.7,156.5
3ITT,C,00,A,Y,A,Q,-65.0,-47.8
6C2M,A,00,A,Y,A,Q,-139.7,152.1
3OWO,B,00,A,Y,A,Q,-68.5,-39.3
3ITX,A,00,A,Y,A,Q,-62.5,-45.6
2IBM,A,00,A,Y,A,Q,-108.8,148.1
2HG4,D,00,A,Y,A,Q,-58.8,-47.1
2F9U,A,00,A,Y,A,Q,-146.8,153.1
4ZVX,B,00,A,Y,A,Q,-59.5,-38.2
2UBP,C,00,A,Y,A,Q,-148.7,139.5
3OWO,A,00,A,Y,A,Q,-63.8,-46.4
2J6L,H,00,A,Y,A,Q,-56.3,-41.6
3IUD,A,00,A,Y,A,Q,-64.2,-50.1
3BFV,A,00,A,Y,A,Q,-59.5,-48.7
1VNC,A,00,A,Y,A,Q,-59.3,-42.7
5A6J,B,00,A,Y,A,Q,-68.7,-41.9
1NU6,A,00,A,Y,A,Q,-156.5,159.7
2BUB,A,00,A,Y,A,Q,-168.0,156.1
2H6J,F,00,A,Y,A,Q,-51.9,-43.6
2OGZ,B,00,A,Y,A,Q,-156.1,160.8
6MYK,A,00,A,Y,A,Q,-65.0,-21.4
5T4B,B,00,A,Y,A,Q,-157.7,158.2
5Y7K,C,00,A,Y,A,Q,-152.7,163.3
2JIB,A,00,A,Y,A,Q,-58.4,-34.1
1EWQ,A,00,A,Y,A,Q,-66.5,-52.4
1IDU,A,00,A,Y,A,Q,-61.2,-40.2
5KBY,D,00,A,Y,A,Q,-157.6,151.9
3ITV,B,00,A,Y,A,Q,-62.0,-49.1
3M5M,B,00,A,Y,A,Q,-151.0,143.9
3M5N,C,00,A,Y,A,Q,-149.4,150.7
3M5N,B,00,A,Y,A,Q,-153.1,151.3
1JSA,A,00,A,Y,A,Q,-90.4,-14.0
1JSA,A,01,A,Y,A,Q,-76.1,-28.6
1JSA,A,02,A,Y,A,Q,-75.6,-49.7
1JSA,A,03,A,Y,A,Q,-85.6,-27.7
1JSA,A,04,A,Y,A,Q,-90.1,-21.5
1JSA,A,05,A,Y,A,Q,-87.1,-16.3
1JSA,A,06,A,Y,A,Q,-90.1,-30.0
1JSA,A,07,A,Y,A,Q,-81.5,-20.6
1JSA,A,08,A,Y,A,Q,-89.6,-25.6
1JSA,A,09,A,Y,A,Q,-81.7,-37.9
1JSA,A,10,A,Y,A,Q,-90.1,-27.2
1JSA,A,11,A,Y,A,Q,-79.6,-24.7
1JSA,A,12,A,Y,A,Q,-90.1,-22.9
1JSA,A,13,A,Y,A,Q,-89.8,-35.4
1JSA,A,14,A,Y,A,Q,-85.3,-15.2
1JSA,A,15,A,Y,A,Q,-76.1,-28.6
1JSA,A,16,A,Y,A,Q,-90.4,-19.1
1JSA,A,17,A,Y,A,Q,-72.7,-33.2
1JSA,A,18,A,Y,A,Q,-90.1,-21.2
1JSA,A,19,A,Y,A,Q,-89.0,-29.5
1JSA,A,20,A,Y,A,Q,-89.9,-20.8
1JSA,A,21,A,Y,A,Q,-87.1,-30.2
1JSA,A,22,A,Y,A,Q,-71.6,-16.1
1JSA,A,23,A,Y,A,Q,-90.0,-20.3
4QAW,A,00,A,Y,A,Q,-62.1,-39.7
3RC5,A,00,A,Y,A,Q,-155.6,147.7
3QE6,B,00,A,Y,A,Q,-63.9,-43.6
6QCX,B,00,A,Y,A,Q,-82.4,70.0
3O95,A,00,A,Y,A,Q,-148.6,163.0
4ZVW,H,00,A,Y,A,Q,-59.4,-34.5
4K7K,B,00,A,Y,A,Q,-54.5,-48.3
4FFV,A,00,A,Y,A,Q,-156.6,152.1
1IE7,C,00,A,Y,A,Q,-150.7,140.8
3D6B,A,00,A,Y,A,Q,-68.0,-52.4
6HV9,G,00,A,Y,A,Q,-7.9,-108.8
5ZWU,A,00,A,Y,A,Q,-73.7,-49.7
3ITY,B,00,A,Y,A,Q,-60.2,-49.7
4GJI,C,00,A,Y,A,Q,-62.9,-50.1
5XPX,A,00,A,Y,A,Q,-65.0,-52.4
3BFV,B,00,A,Y,A,Q,-60.4,-48.9
3UFA,B,00,A,Y,A,Q,-52.3,134.9
4DTC,B,00,A,Y,A,Q,-153.3,154.7
6D1W,C,00,A,Y,A,Q,-49.8,-47.8
1NNE,B,00,A,Y,A,Q,-66.8,-50.9
5LX8,A,00,A,Y,A,Q,-117.8,143.3
2OAG,C,00,A,Y,A,Q,-157.8,154.1
3DL8,B,00,A,Y,A,Q,-112.0,130.9
2LL5,A,00,A,Y,A,Q,-60.8,-38.5
2LL5,A,01,A,Y,A,Q,-59.9,-38.3
2LL5,A,02,A,Y,A,Q,-61.4,-35.6
2LL5,A,03,A,Y,A,Q,-64.9,-34.9
2LL5,A,04,A,Y,A,Q,-61.2,-39.0
2LL5,A,05,A,Y,A,Q,-59.8,-39.1
2LL5,A,06,A,Y,A,Q,-61.9,-34.9
2LL5,A,07,A,Y,A,Q,-59.9,-38.0
2LL5,A,08,A,Y,A,Q,-59.9,-36.7
2LL5,A,09,A,Y,A,Q,-61.1,-37.1
2LL5,A,10,A,Y,A,Q,-59.4,-38.0
2LL5,A,11,A,Y,A,Q,-71.1,-37.6
2LL5,A,12,A,Y,A,Q,-58.5,-37.1
2LL5,A,13,A,Y,A,Q,-63.3,-38.9
2LL5,A,14,A,Y,A,Q,-60.7,-38.2
2LL5,A,15,A,Y,A,Q,-59.0,-36.4
2LL5,A,16,A,Y,A,Q,-60.2,-35.3
2LL5,A,17,A,Y,A,Q,-59.2,-39.4
2LL5,A,18,A,Y,A,Q,-63.9,-36.3
2LL5,A,19,A,Y,A,Q,-61.5,-35.6
2LL5,A,20,A,Y,A,Q,-64.0,-36.6
2LL5,A,21,A,Y,A,Q,-61.0,-33.3
2LL5,A,22,A,Y,A,Q,-64.5,-33.9
2LL5,A,23,A,Y,A,Q,-63.4,-38.1
2LL5,A,24,A,Y,A,Q,-60.1,-39.3
2LL5,A,25,A,Y,A,Q,-58.3,-39.3
2LL5,A,26,A,Y,A,Q,-71.2,-32.2
2LL5,A,27,A,Y,A,Q,-65.4,-36.3
2LL5,A,28,A,Y,A,Q,-61.3,-36.4
2LL5,A,29,A,Y,A,Q,-60.1,-37.9
2LL5,A,30,A,Y,A,Q,-60.2,-37.9
2LL5,A,31,A,Y,A,Q,-69.1,-38.1
2LL5,A,32,A,Y,A,Q,-58.0,-37.1
6CVX,A,00,A,Y,A,Q,-153.6,148.6
5CJQ,H,00,A,Y,A,Q,-131.4,144.9
4FKB,B,00,A,Y,A,Q,-54.6,-52.5
4E55,A,00,A,Y,A,Q,-59.2,-50.4
3JV2,A,00,A,Y,A,Q,71.1,21.9
2BUW,B,00,A,Y,A,Q,-68.9,149.6
5V3S,B,00,A,Y,A,Q,-77.5,-11.9
4X6U,A,00,A,Y,A,Q,-50.2,-52.5
5AC4,A,00,A,Y,A,Q,-65.9,-43.3
2I3Z,A,00,A,Y,A,Q,-161.6,153.1
5MKF,A,00,A,Y,A,Q,-49.6,-39.9
4MTP,A,00,A,Y,A,Q,-58.7,-45.5
2BUQ,B,00,A,Y,A,Q,-69.0,149.9
6C2M,B,00,A,Y,A,Q,-142.0,155.1
3S8R,A,00,A,Y,A,Q,-61.3,-46.4
3G0G,B,00,A,Y,A,Q,-147.7,157.5
4GJI,B,00,A,Y,A,Q,-60.6,-48.5
3KL5,D,00,A,Y,A,Q,-103.0,-31.3
1TKR,A,00,A,Y,A,Q,-154.7,155.6
3VAB,B,00,A,Y,A,Q,-58.7,-43.4
2I56,D,00,A,Y,A,Q,-61.2,-50.2
3CZX,A,00,A,Y,A,Q,-65.4,-45.2
4DSZ,A,00,A,Y,A,Q,-154.8,151.7
4FSO,B,00,A,Y,A,Q,-121.3,131.7
1FW6,A,00,A,Y,A,Q,-58.9,-59.9
4Q51,B,00,A,Y,A,Q,-84.5,128.1
4PMU,E,00,A,Y,A,Q,-104.4,-1.5
4PMU,E,01,A,Y,A,Q,-58.9,-42.0
1IKU,A,00,A,Y,A,Q,-91.8,-69.4
1IKU,A,01,A,Y,A,Q,-92.2,-71.1
1IKU,A,02,A,Y,A,Q,-90.4,-65.8
1IKU,A,03,A,Y,A,Q,-92.4,-69.6
1IKU,A,04,A,Y,A,Q,-76.5,-66.8
1IKU,A,05,A,Y,A,Q,-90.3,-66.2
1IKU,A,06,A,Y,A,Q,-84.6,-54.9
1IKU,A,07,A,Y,A,Q,-78.8,-65.3
1IKU,A,08,A,Y,A,Q,-93.3,-68.6
1IKU,A,09,A,Y,A,Q,-82.4,-64.3
1IKU,A,10,A,Y,A,Q,-94.2,-71.5
1IKU,A,11,A,Y,A,Q,-91.8,-71.0
1IKU,A,12,A,Y,A,Q,-84.9,-59.2
1IKU,A,13,A,Y,A,Q,-91.1,-70.5
1IKU,A,14,A,Y,A,Q,-72.3,-54.5
1IKU,A,15,A,Y,A,Q,-90.6,-67.2
1IKU,A,16,A,Y,A,Q,-90.5,-66.7
1IKU,A,17,A,Y,A,Q,-89.5,-67.6
1IKU,A,18,A,Y,A,Q,-90.2,-48.7
1IKU,A,19,A,Y,A,Q,-93.6,-72.0
1IKU,A,20,A,Y,A,Q,-91.2,-71.1
1IKU,A,21,A,Y,A,Q,-90.5,-67.1
5T4F,B,00,A,Y,A,Q,-155.9,156.3
3AYY,C,00,A,Y,A,Q,-60.7,-50.2
5D7Z,A,00,A,Y,A,Q,-65.0,130.9
6IJO,B,00,A,Y,A,Q,-78.3,-4.7
4ZVW,E,00,A,Y,A,Q,-58.4,-33.6
3SUF,A,00,A,Y,A,Q,-155.9,145.8
3D6B,B,00,A,Y,A,Q,-62.2,-53.2
3A3U,A,00,A,Y,A,Q,-58.6,-38.1
1Q5R,G,00,A,Y,A,Q,-55.8,-46.2
2ONC,B,00,A,Y,A,Q,-149.5,155.4
3VR2,D,00,A,Y,A,Q,-56.7,-43.8
6OYF,A,00,A,Y,A,Q,-76.7,-26.0
2AJB,C,00,A,Y,A,Q,-152.3,162.1
5IBQ,A,00,A,Y,A,Q,-65.5,-48.6
4ZUL,E,00,A,Y,A,Q,-62.3,-39.6
2P59,B,00,A,Y,A,Q,-133.9,153.7
2X3W,C,00,A,Y,A,Q,-53.8,-47.6
1GK1,C,00,A,Y,A,Q,-55.3,-52.4
4ABN,B,00,A,Y,A,Q,-67.1,-38.8
2ZYG,B,00,A,Y,A,Q,-75.7,-33.2
2OAE,B,00,A,Y,A,Q,-162.3,162.7
2QTB,A,00,A,Y,A,Q,-156.4,156.6
5T4E,A,00,A,Y,A,Q,-153.4,154.1
1RGQ,B,00,A,Y,A,Q,-131.3,159.0
6BQJ,A,00,A,Y,A,Q,-140.4,141.8
1T8Q,B,00,A,Y,A,Q,-59.4,-46.5
3CCC,A,00,A,Y,A,Q,-143.6,152.8
3OPM,A,00,A,Y,A,Q,-147.5,159.4
3OPM,B,00,A,Y,A,Q,-154.0,149.4
5ZEA,E,00,A,Y,A,Q,-83.9,-29.5
6NYY,A,00,A,Y,A,Q,-65.4,-49.0
4K6M,A,00,A,Y,A,Q,-65.6,-45.5
3M5N,D,00,A,Y,A,Q,-156.4,152.4
1GK1,A,00,A,Y,A,Q,-55.4,-48.1
3EIO,A,00,A,Y,A,Q,-157.9,163.4
5I7U,B,00,A,Y,A,Q,-155.2,158.2
4HHJ,A,00,A,Y,A,Q,-63.7,-44.8
5J1H,A,00,A,Y,A,Q,-70.4,-26.3
3KL3,C,00,A,Y,A,Q,-70.2,-40.5
3C45,B,00,A,Y,A,Q,-160.9,160.1
5K47,D,00,A,Y,A,Q,-54.9,-44.4
5F41,A,00,A,Y,A,Q,-61.8,-46.0
6FZ9,A,00,A,Y,A,Q,-58.8,-51.0
3DL8,A,00,A,Y,A,Q,-111.9,130.9
1Q5Q,D,00,A,Y,A,Q,-61.0,-42.3
5UZR,D,00,A,Y,A,Q,-62.1,-44.8
3M5O,A,00,A,Y,A,Q,-155.5,147.6
5A6K,A,00,A,Y,A,Q,-66.8,-45.0
6I9Y,C,00,A,Y,A,Q,-149.3,141.5
5CCV,A,00,A,Y,A,Q,-63.7,-34.1
3JV2,B,00,A,Y,A,Q,-94.1,112.8
3UC8,C,00,A,Y,A,Q,-63.8,-38.1
2BUT,B,00,A,Y,A,Q,-71.6,147.2
3M0M,C,00,A,Y,A,Q,-63.8,-49.1
6DU8,D,00,A,Y,A,Q,-64.2,-33.5
1M74,A,00,A,Y,A,Q,-87.2,-4.7
4M2Q,A,00,A,Y,A,Q,-60.3,-48.7
3WSZ,A,00,A,Y,A,Q,-106.4,-39.2
2OPH,B,00,A,Y,A,Q,-160.1,164.7
3VJL,B,00,A,Y,A,Q,-159.0,156.9
6D1W,B,00,A,Y,A,Q,-49.9,-47.7
3SYV,A,00,A,Y,A,Q,-61.9,-57.9
4E57,B,00,A,Y,A,Q,-59.3,-49.2
4ZUL,C,00,A,Y,A,Q,-61.8,-37.2
2JI8,A,00,A,Y,A,Q,-50.3,-34.4
3CTM,D,00,A,Y,A,Q,-54.3,-41.8
4FQV,H,00,A,Y,A,Q,-132.5,141.8
4K34,B,00,A,Y,A,Q,-53.3,-40.2
5A6B,A,00,A,Y,A,Q,-71.1,-41.5
6GFV,A,00,A,Y,A,Q,-65.5,-47.7
5J3J,B,00,A,Y,A,Q,-147.5,151.9
1TK3,A,00,A,Y,A,Q,-155.0,158.8
4ZVX,A,00,A,Y,A,Q,-55.6,-35.6
3ITY,A,00,A,Y,A,Q,-63.0,-48.8
5G4H,C,00,A,Y,A,Q,-150.2,140.5
5CJS,F,00,A,Y,A,Q,-131.3,145.2
2WGL,B,00,A,Y,A,Q,-53.7,-46.5
1R9N,C,00,A,Y,A,Q,-151.6,154.6
1WCY,B,00,A,Y,A,Q,-158.0,160.5
5K47,B,00,A,Y,A,Q,-55.0,-44.4
2HG4,C,00,A,Y,A,Q,-47.1,-60.5
2QV1,B,00,A,Y,A,Q,-132.8,158.4
1JVZ,A,00,A,Y,A,Q,-58.2,-44.9
2GBF,A,00,A,Y,A,Q,-155.3,157.2
2JI9,A,00,A,Y,A,Q,-58.0,-32.9
5Z1W,D,00,A,Y,A,Q,-66.6,-42.0
3SUF,B,00,A,Y,A,Q,-142.0,149.9
3UMJ,B,00,A,Y,A,Q,-53.1,-51.6
1X70,B,00,A,Y,A,Q,-158.6,157.6
1RB8,F,00,A,Y,A,Q,-61.8,-53.8
3AYZ,A,00,A,Y,A,Q,-53.7,-52.4
3LLL,B,00,A,Y,A,Q,-72.1,-49.3
2W7U,D,00,A,Y,A,Q,-67.2,132.1
3G0D,D,00,A,Y,A,Q,-154.9,161.0
3Q0T,A,00,A,Y,A,Q,-154.2,156.6
1TKR,B,00,A,Y,A,Q,-152.7,152.5
4WH6,A,00,A,Y,A,Q,-156.8,148.4
4YI8,A,00,A,Y,A,Q,-56.8,-48.4
3VAB,A,00,A,Y,A,Q,-59.0,-43.0
2J6L,D,00,A,Y,A,Q,-59.0,-45.6
6A70,B,00,A,Y,A,Q,-72.6,-19.2
5I7U,A,00,A,Y,A,Q,-155.0,155.0
6H9R,A,00,A,Y,A,Q,-59.7,-49.9
1REC,A,00,A,Y,A,Q,-60.9,-53.1
4WRT,B,00,A,Y,A,Q,-82.0,65.7
4INA,A,00,A,Y,A,Q,-70.4,-52.4
2I03,A,00,A,Y,A,Q,-149.4,165.8
2OAG,A,00,A,Y,A,Q,-159.2,161.6
1R9N,D,00,A,Y,A,Q,-157.0,155.3
5KBY,B,00,A,Y,A,Q,-152.6,154.4
6JO5,B,00,A,Y,A,Q,-92.3,-5.7
4YI9,A,00,A,Y,A,Q,-55.7,-49.5
5FMZ,E,00,A,Y,A,Q,-85.4,78.1
1Q5Q,B,00,A,Y,A,Q,-62.0,-42.9
1JW0,A,00,A,Y,A,Q,-58.8,-46.5
3OC0,A,00,A,Y,A,Q,-145.0,151.7
3ITX,B,00,A,Y,A,Q,-64.0,-49.9
2BUU,B,00,A,Y,A,Q,-66.8,150.9
2OC7,A,00,A,Y,A,Q,-141.1,148.6
2O8M,A,00,A,Y,A,Q,-133.7,152.3
3NOX,B,00,A,Y,A,Q,-152.4,156.2
5Y7J,C,00,A,Y,A,Q,-149.7,159.5
5VTA,A,00,A,Y,A,Q,-161.4,155.5
2AJC,C,00,A,Y,A,Q,-154.4,160.6
3C45,A,00,A,Y,A,Q,-154.6,156.9
3M5L,A,00,A,Y,A,Q,-152.3,147.6
4M2O,A,00,A,Y,A,Q,-55.3,-50.4
4MVN,B,00,A,Y,A,Q,-55.5,134.1
4INA,B,00,A,Y,A,Q,-66.5,-39.0
4G1F,A,00,A,Y,A,Q,-145.7,151.7
4PNZ,A,00,A,Y,A,Q,-155.4,154.7
3UIF,A,00,A,Y,A,Q,-68.7,-36.9
2FJP,A,00,A,Y,A,Q,-156.3,160.1
2OQI,B,00,A,Y,A,Q,-155.9,159.6
4GJI,A,00,A,Y,A,Q,-62.7,-49.3
5KNC,E,00,A,Y,A,Q,-67.5,-34.3
5FSD,C,00,A,Y,A,Q,-150.2,140.6
1X0U,E,00,A,Y,A,Q,-136.2,156.3
6D1W,D,00,A,Y,A,Q,-49.9,-47.7
6FZA,A,00,A,Y,A,Q,-56.0,-53.0
2J7W,A,00,A,Y,A,Q,-57.3,-43.9
5CCV,F,00,A,Y,A,Q,-66.4,-32.0
3IUH,D,00,A,Y,A,Q,-66.4,-47.8
5Y34,A,00,A,Y,A,Q,-58.2,-49.1
5VOJ,A,00,A,Y,A,Q,-153.5,147.4
2HET,A,00,A,Y,A,Q,-49.3,-50.6
2CZL,A,00,A,Y,A,Q,-57.0,-35.4
4HI0,C,00,A,Y,A,Q,-55.0,-50.5
5A6J,C,00,A,Y,A,Q,-62.3,-43.1
3SUG,A,00,A,Y,A,Q,-155.4,149.6
1Q5R,E,00,A,Y,A,Q,-53.2,-46.1
1NU6,B,00,A,Y,A,Q,-158.2,157.1
6GFV,B,00,A,Y,A,Q,-68.1,-41.7
4QZV,A,00,A,Y,A,Q,-152.8,147.6
2HCV,C,00,A,Y,A,Q,-62.5,-49.5
3UC8,B,00,A,Y,A,Q,-65.7,-37.3
3KN2,A,00,A,Y,A,Q,-135.5,150.2
3SU6,A,00,A,Y,A,Q,-153.3,149.0
2VED,B,00,A,Y,A,Q,-62.2,-36.8
1KEH,A,00,A,Y,A,Q,-53.7,-44.3
3IQY,A,00,A,Y,A,Q,-138.9,-18.9
3M0L,D,00,A,Y,A,Q,-63.3,-46.7
6NYY,E,00,A,Y,A,Q,-76.0,-35.7
5DTO,A,00,A,Y,A,Q,-57.8,-44.1
3HAJ,B,00,A,Y,A,Q,-62.5,-29.2
4E56,B,00,A,Y,A,Q,-62.3,-49.8
1PFQ,A,00,A,Y,A,Q,-147.3,155.3
2G63,A,00,A,Y,A,Q,-155.1,158.5
4ZUL,D,00,A,Y,A,Q,-59.9,-34.2
3CTM,A,00,A,Y,A,Q,-66.6,-33.0
1LA3,A,00,A,Y,A,Q,-66.1,-90.7
1LA3,A,01,A,Y,A,Q,-43.3,-92.6
1LA3,A,02,A,Y,A,Q,-95.0,-80.1
1LA3,A,03,A,Y,A,Q,-91.6,-89.9
1LA3,A,04,A,Y,A,Q,-84.2,-90.2
1LA3,A,05,A,Y,A,Q,-52.1,-92.3
1LA3,A,06,A,Y,A,Q,-85.0,-83.4
1LA3,A,07,A,Y,A,Q,-36.0,-92.2
1LA3,A,08,A,Y,A,Q,-74.4,-91.0
1LA3,A,09,A,Y,A,Q,-90.1,-87.8
1LA3,A,10,A,Y,A,Q,-74.7,-91.7
1LA3,A,11,A,Y,A,Q,-58.1,-90.6
1LA3,A,12,A,Y,A,Q,-41.7,-42.0
1LA3,A,13,A,Y,A,Q,-47.7,-90.6
3G0D,C,00,A,Y,A,Q,-156.8,156.6
5VTA,B,00,A,Y,A,Q,-163.1,166.0
3ITV,C,00,A,Y,A,Q,-63.6,-49.1
1X0U,B,00,A,Y,A,Q,-130.1,151.5
4C11,A,00,A,Y,A,Q,-66.8,-46.4
5CCV,D,00,A,Y,A,Q,-63.0,-38.2
6CH3,B,00,A,Y,A,Q,-65.4,-38.5
3ABH,A,00,A,Y,A,Q,-64.3,-39.6
4C87,D,00,A,Y,A,Q,-63.6,-51.8
1Q5Q,A,00,A,Y,A,Q,-61.6,-40.9
2AJC,A,00,A,Y,A,Q,-154.4,162.2
2OLE,A,00,A,Y,A,Q,-154.4,159.5
4MTP,D,00,A,Y,A,Q,-59.1,-45.4
3SUD,A,00,A,Y,A,Q,-154.7,146.7
6FZ1,A,00,A,Y,A,Q,-54.3,-52.7
4FFW,A,00,A,Y,A,Q,-158.9,153.3
3VJM,B,00,A,Y,A,Q,-154.4,158.9
3G0C,B,00,A,Y,A,Q,-148.9,162.3
3M0Y,D,00,A,Y,A,Q,-60.3,-49.3
2BUM,B,00,A,Y,A,Q,-71.4,144.1
3EON,B,00,A,Y,A,Q,-61.9,-52.2
1Q5R,D,00,A,Y,A,Q,-55.6,-46.3
1ORW,C,00,A,Y,A,Q,-154.3,165.5
2G63,D,00,A,Y,A,Q,-159.7,154.2
1NU8,B,00,A,Y,A,Q,-159.6,150.4
4ZVW,F,00,A,Y,A,Q,-58.7,-34.0
3M0L,A,00,A,Y,A,Q,-63.0,-50.6
5ZEA,F,00,A,Y,A,Q,-75.7,-47.5
5V3S,A,00,A,Y,A,Q,-83.1,-10.3
6FZ8,A,00,A,Y,A,Q,-52.6,-50.9
3QBJ,B,00,A,Y,A,Q,-148.5,155.4
3JB9,W,00,A,Y,A,Q,-93.9,-43.7
4V0R,A,00,A,Y,A,Q,-61.7,-36.1
1KU0,A,00,A,Y,A,Q,-56.2,-50.5
3SF5,C,00,A,Y,A,Q,-61.2,-44.1
1N1M,B,00,A,Y,A,Q,-152.0,160.9
2QTB,B,00,A,Y,A,Q,-163.9,157.7
5Y34,C,00,A,Y,A,Q,-60.4,-47.6
3NOX,A,00,A,Y,A,Q,-154.6,158.2
2G63,C,00,A,Y,A,Q,-159.6,154.3
2RGU,B,00,A,Y,A,Q,-154.5,155.6
2I56,A,00,A,Y,A,Q,-62.5,-48.7
2UV8,B,00,A,Y,A,Q,-118.1,-13.8
3VR6,E,00,A,Y,A,Q,-58.7,-38.2
3S8R,B,00,A,Y,A,Q,-58.2,-46.5
3ITL,A,00,A,Y,A,Q,-62.8,-48.1
3M0Y,A,00,A,Y,A,Q,-64.3,-48.4
5CCV,C,00,A,Y,A,Q,-65.9,-32.0
3GNC,C,00,A,Y,A,Q,-56.5,-58.3
3KL0,D,00,A,Y,A,Q,-63.4,-45.5
3W02,B,00,A,Y,A,Q,-55.7,-45.9
2GBC,B,00,A,Y,A,Q,-161.3,157.8
3JC6,E,00,A,Y,A,Q,49.0,-147.4
4ZUK,F,00,A,Y,A,Q,-59.1,-35.6
2I56,C,00,A,Y,A,Q,-57.0,-54.7
6NYY,B,00,A,Y,A,Q,-66.4,-45.2
3W01,B,00,A,Y,A,Q,-64.9,-36.2
2AJD,C,00,A,Y,A,Q,-158.4,164.2
2BGN,A,00,A,Y,A,Q,-160.3,157.7
3HAB,B,00,A,Y,A,Q,-156.1,154.0
3AYZ,C,00,A,Y,A,Q,-58.1,-50.5
3M5N,A,00,A,Y,A,Q,-160.5,147.3
6A12,A,00,A,Y,A,Q,-58.7,-50.1
2AJ8,C,00,A,Y,A,Q,-155.2,159.2
3Q8W,A,00,A,Y,A,Q,-116.1,172.1
1IGW,D,00,A,Y,A,Q,-51.5,-37.5
6D37,A,00,A,Y,A,Q,-66.8,-41.6
6D37,A,01,A,Y,A,Q,-64.4,-39.4
6D37,A,02,A,Y,A,Q,-64.3,-40.2
6D37,A,03,A,Y,A,Q,-66.5,-41.2
6D37,A,04,A,Y,A,Q,-63.8,-41.4
6D37,A,05,A,Y,A,Q,-65.4,-40.6
6D37,A,06,A,Y,A,Q,-64.6,-40.2
6D37,A,07,A,Y,A,Q,-64.3,-40.0
6D37,A,08,A,Y,A,Q,-64.5,-39.9
6D37,A,09,A,Y,A,Q,-61.7,-40.4
6D37,A,10,A,Y,A,Q,-68.6,-41.8
6D37,A,11,A,Y,A,Q,-64.5,-39.0
6D37,A,12,A,Y,A,Q,-62.8,-40.9
6D37,A,13,A,Y,A,Q,-67.4,-41.2
6D37,A,14,A,Y,A,Q,-64.8,-40.0
6D37,A,15,A,Y,A,Q,-68.2,-41.9
6D37,A,16,A,Y,A,Q,-63.2,-41.0
6D37,A,17,A,Y,A,Q,-65.4,-40.7
6D37,A,18,A,Y,A,Q,-66.7,-42.2
6D37,A,19,A,Y,A,Q,-63.7,-40.2
6D37,A,20,A,Y,A,Q,-64.5,-40.5
6D37,A,21,A,Y,A,Q,-64.7,-40.4
6D37,A,22,A,Y,A,Q,-64.0,-40.3
6D37,A,23,A,Y,A,Q,-65.5,-39.9
6D37,A,24,A,Y,A,Q,-67.8,-40.5
6D37,A,25,A,Y,A,Q,-65.1,-40.5
6D37,A,26,A,Y,A,Q,-69.1,-40.7
6D37,A,27,A,Y,A,Q,-63.8,-40.9
6D37,A,28,A,Y,A,Q,-67.5,-40.1
6D37,A,29,A,Y,A,Q,-63.9,-41.1
6D37,A,30,A,Y,A,Q,-66.4,-40.4
6D37,A,31,A,Y,A,Q,-61.2,-40.7
5A6B,C,00,A,Y,A,Q,-67.6,-43.9
2OQI,C,00,A,Y,A,Q,-157.9,154.8
5T4F,A,00,A,Y,A,Q,-152.3,154.2
5ZEA,K,00,A,Y,A,Q,-69.6,-29.8
3SYV,E,00,A,Y,A,Q,-69.4,-58.4
3KL0,A,00,A,Y,A,Q,-69.4,-43.5
2J6L,A,00,A,Y,A,Q,-60.3,-39.5
2XCN,A,00,A,Y,A,Q,-133.3,165.9
4MLW,A,00,A,Y,A,Q,-58.6,-50.5
2BUY,B,00,A,Y,A,Q,-71.2,151.3
2QOE,A,00,A,Y,A,Q,-156.2,152.2
5T4Y,B,00,A,Y,A,Q,-131.6,148.8
1EOB,B,00,A,Y,A,Q,-72.9,149.2
2BV0,B,00,A,Y,A,Q,-69.2,150.9
3SUD,B,00,A,Y,A,Q,-154.5,150.5
4Z9X,A,00,A,Y,A,Q,-64.2,-41.0
3UBP,C,00,A,Y,A,Q,-144.5,136.5
4X0U,A,00,A,Y,A,Q,-55.7,-36.2
2VKZ,C,00,A,Y,A,Q,-118.4,-13.9
3II9,C,00,A,Y,A,Q,-67.3,-50.4
3KL5,A,00,A,Y,A,Q,-75.3,-39.9
4DSA,A,00,A,Y,A,Q,-165.1,157.5
4N8D,A,00,A,Y,A,Q,-154.9,155.1
3OX4,B,00,A,Y,A,Q,-64.7,-43.3
5FIF,A,00,A,Y,A,Q,-65.8,-33.5
3G0G,D,00,A,Y,A,Q,-154.4,161.0
5Y7J,B,00,A,Y,A,Q,-140.3,158.5
2G5T,A,00,A,Y,A,Q,-153.2,159.1
4FSO,A,00,A,Y,A,Q,-127.4,125.0
1DYS,A,00,A,Y,A,Q,-69.3,-42.6
2W7U,C,00,A,Y,A,Q,-60.1,135.4
5LLS,B,00,A,Y,A,Q,-151.5,153.7
4C88,B,00,A,Y,A,Q,-67.2,-48.6
3SYV,H,00,A,Y,A,Q,-55.8,-43.5
2H6J,C,00,A,Y,A,Q,-49.5,-40.8
4MVN,A,00,A,Y,A,Q,-56.5,134.9
5LLS,D,00,A,Y,A,Q,-151.4,156.5
2AJD,B,00,A,Y,A,Q,-144.8,161.9
4X0T,C,00,A,Y,A,Q,-57.3,-34.6
4N8E,B,00,A,Y,A,Q,-154.8,157.4
1J2E,A,00,A,Y,A,Q,-154.7,164.2
2BGR,A,00,A,Y,A,Q,-156.2,154.2
5MKF,D,00,A,Y,A,Q,-49.6,-39.9
2UV8,A,00,A,Y,A,Q,-118.9,-12.9
6D1W,A,00,A,Y,A,Q,-49.9,-47.7
4OEB,B,00,A,Y,A,Q,-64.9,-22.2
3CTM,H,00,A,Y,A,Q,-65.7,-35.4
2GBG,A,00,A,Y,A,Q,-156.3,157.2
2OAE,A,00,A,Y,A,Q,-162.9,161.0
2BUC,C,00,A,Y,A,Q,-149.3,159.2
2JI7,B,00,A,Y,A,Q,-54.8,-35.2
3VR4,F,00,A,Y,A,Q,-70.5,-41.5
2UV8,C,00,A,Y,A,Q,-118.5,-13.8
3GNC,A,00,A,Y,A,Q,-62.4,-52.6
3CTM,G,00,A,Y,A,Q,-63.6,-37.4
3UMJ,A,00,A,Y,A,Q,-56.1,-49.9
2H6J,A,00,A,Y,A,Q,-47.5,-44.0
4QZV,C,00,A,Y,A,Q,-155.5,156.5
5HMY,A,00,A,Y,A,Q,-61.4,-45.3
3GTN,B,00,A,Y,A,Q,-51.7,-48.4
2JI6,B,00,A,Y,A,Q,-54.9,-35.5
1EWQ,B,00,A,Y,A,Q,-67.4,-45.7
6IGZ,B,00,A,Y,A,Q,-48.0,-32.5
3IUI,C,00,A,Y,A,Q,-65.3,-40.7
3SU3,A,00,A,Y,A,Q,-152.5,148.1
3ACO,A,00,A,Y,A,Q,-55.5,-50.4
2VKZ,A,00,A,Y,A,Q,-118.9,-12.8
5ZE9,D,00,A,Y,A,Q,-69.4,-40.7
2W7S,D,00,A,Y,A,Q,-45.6,126.5
4G1F,C,00,A,Y,A,Q,-136.6,161.2
3D4L,A,00,A,Y,A,Q,-156.3,159.3
4C88,C,00,A,Y,A,Q,-68.5,-46.3
4X0T,A,00,A,Y,A,Q,-63.8,-27.5
6MYI,A,00,A,Y,A,Q,-147.3,179.0
3LLL,A,00,A,Y,A,Q,-71.1,-35.0
5XPX,E,00,A,Y,A,Q,-49.1,-49.4
3KL5,B,00,A,Y,A,Q,-82.4,-35.4
2I78,D,00,A,Y,A,Q,-154.9,153.3
3M0X,B,00,A,Y,A,Q,-63.1,-45.8
3ITY,D,00,A,Y,A,Q,-60.9,-48.8
5FIF,E,00,A,Y,A,Q,-66.8,-37.3
3FIU,C,00,A,Y,A,Q,-64.1,-46.4
1VNI,A,00,A,Y,A,Q,-61.3,-40.1
2OAG,D,00,A,Y,A,Q,-158.0,154.3
3ITL,B,00,A,Y,A,Q,-64.0,-47.8
6DU8,A,00,A,Y,A,Q,-64.2,-33.5
3RC4,A,00,A,Y,A,Q,-155.8,148.3
3GQT,C,00,A,Y,A,Q,-62.1,-54.3
1IGW,C,00,A,Y,A,Q,-54.0,-47.7
3M0H,B,00,A,Y,A,Q,-63.7,-48.8
3SV7,A,00,A,Y,A,Q,-157.6,147.2
4FMP,A,00,A,Y,A,Q,-56.2,-51.8
1Q5Q,F,00,A,Y,A,Q,-62.6,-42.6
3KL3,A,00,A,Y,A,Q,-65.6,-45.6
2I57,B,00,A,Y,A,Q,-64.5,-46.7
3EON,D,00,A,Y,A,Q,-67.3,-55.6
3G0C,C,00,A,Y,A,Q,-146.7,150.5
5J3J,A,00,A,Y,A,Q,-151.1,146.1
1R9N,B,00,A,Y,A,Q,-145.6,154.2
2OBO,A,00,A,Y,A,Q,-130.4,161.8
5ETX,B,00,A,Y,A,Q,-146.7,135.7
3RC6,A,00,A,Y,A,Q,-153.3,150.0
6FZC,A,00,A,Y,A,Q,-65.5,-46.0
2C31,B,00,A,Y,A,Q,-58.9,-44.2
3UC7,C,00,A,Y,A,Q,-63.8,-38.5
3GQT,B,00,A,Y,A,Q,-63.0,-51.5
4FFW,B,00,A,Y,A,Q,-158.8,155.2
5ZE9,E,00,A,Y,A,Q,-69.1,-40.3
3M5M,A,00,A,Y,A,Q,-159.8,146.6
3GTN,A,00,A,Y,A,Q,-48.5,-45.3
2G5T,B,00,A,Y,A,Q,-154.2,158.3
3ITO,A,00,A,Y,A,Q,-61.3,-48.6
5T4D,B,00,A,Y,A,Q,-55.6,-46.7
4WH8,A,00,A,Y,A,Q,-155.4,148.6
2BGN,C,00,A,Y,A,Q,-160.7,157.3
3VR6,D,00,A,Y,A,Q,-72.3,-40.8
2XCF,A,00,A,Y,A,Q,-130.1,154.4
1OMV,A,00,A,Y,A,Q,-58.9,-54.3
1ORW,D,00,A,Y,A,Q,-158.0,148.3
3W2T,B,00,A,Y,A,Q,-161.9,153.0
5T4D,C,00,A,Y,A,Q,-55.6,-46.7
5FIF,C,00,A,Y,A,Q,-65.9,-38.2
3U3L,C,00,A,Y,A,Q,-81.6,134.6
3GNC,D,00,A,Y,A,Q,-62.6,-54.8
4FQY,H,00,A,Y,A,Q,-132.6,142.3
1KU0,B,00,A,Y,A,Q,-58.6,-51.2
1VNG,A,00,A,Y,A,Q,-62.4,-39.8
2IIV,B,00,A,Y,A,Q,-157.5,161.9
3ITL,C,00,A,Y,A,Q,-62.2,-47.8
6H80,A,00,A,Y,A,Q,-64.1,-42.9
1R9N,A,00,A,Y,A,Q,-155.0,154.8
2I78,A,00,A,Y,A,Q,-156.6,155.9
3G0D,B,00,A,Y,A,Q,-150.1,156.0
1X0U,D,00,A,Y,A,Q,-135.7,143.7
1WM1,A,00,A,Y,A,Q,-62.0,-58.0
3O1Q,A,00,A,Y,A,Q,-55.9,-48.6
5AC5,A,00,A,Y,A,Q,-65.3,-41.5
3O95,C,00,A,Y,A,Q,-160.3,152.1
4X0T,B,00,A,Y,A,Q,-58.4,-33.0
4GJI,D,00,A,Y,A,Q,-64.8,-47.7
4UBP,C,00,A,Y,A,Q,-148.4,137.3
4PMV,B,00,A,Y,A,Q,-99.6,24.2
4PMV,B,01,A,Y,A,Q,-60.4,-33.6
1EWR,B,00,A,Y,A,Q,-96.3,-32.3
4QAW,E,00,A,Y,A,Q,-65.4,-37.0
3SU4,A,00,A,Y,A,Q,-143.9,150.1
4M2P,A,00,A,Y,A,Q,-56.6,-51.1
3KL0,B,00,A,Y,A,Q,-69.3,-45.4
3IUH,B,00,A,Y,A,Q,-59.3,-47.9
3LG3,A,00,A,Y,A,Q,-54.9,-43.4
5T4D,A,00,A,Y,A,Q,-55.6,-46.7
5WDX,A,00,A,Y,A,Q,-136.3,129.5
2HET,C,00,A,Y,A,Q,-49.3,-50.6
1AZW,B,00,A,Y,A,Q,-59.7,-53.0
2G5P,B,00,A,Y,A,Q,-154.1,157.6
2I78,B,00,A,Y,A,Q,-153.2,153.2
5T4Y,A,00,A,Y,A,Q,-127.9,138.5
4CEU,C,00,A,Y,A,Q,-148.9,141.0
4V0Q,A,00,A,Y,A,Q,-67.6,-31.9
4NWL,A,00,A,Y,A,Q,-142.1,150.9
1OR0,C,00,A,Y,A,Q,-58.0,-47.5
4A5S,B,00,A,Y,A,Q,-155.8,156.5
1WCY,A,00,A,Y,A,Q,-160.1,159.8
4ZUK,B,00,A,Y,A,Q,-59.8,-36.7
3U3N,C,00,A,Y,A,Q,-81.3,132.7
5OL4,C,00,A,Y,A,Q,-148.9,142.1
4HDH,B,00,A,Y,A,Q,-62.7,-44.7
2BUX,B,00,A,Y,A,Q,-71.9,145.0
2OC1,A,00,A,Y,A,Q,-141.1,161.2
5U2P,A,00,A,Y,A,Q,-71.2,145.7
6A70,G,00,A,Y,A,Q,-70.6,-31.7
3D6B,D,00,A,Y,A,Q,-65.1,-54.2
2AE3,A,00,A,Y,A,Q,-53.2,-51.5
5A6K,B,00,A,Y,A,Q,-63.6,-43.9
1R9M,A,00,A,Y,A,Q,-152.6,156.1
2QKY,D,00,A,Y,A,Q,-157.5,-177.8
3M3W,B,00,A,Y,A,Q,-61.8,-49.4
4X0U,D,00,A,Y,A,Q,-55.8,-37.6
3VWS,A,00,A,Y,A,Q,-59.6,-46.0
3UC7,A,00,A,Y,A,Q,-59.3,-43.8
3GQT,D,00,A,Y,A,Q,-64.0,-51.0
6QCV,B,00,A,Y,A,Q,-78.3,73.1
1J2E,B,00,A,Y,A,Q,-149.6,157.0
6BNX,A,00,A,Y,A,Q,-71.0,135.1
5MKE,D,00,A,Y,A,Q,-50.7,-47.6
1UBP,C,00,A,Y,A,Q,-142.2,140.0
1EO9,B,00,A,Y,A,Q,-69.3,149.9
3SUE,A,00,A,Y,A,Q,-153.2,139.3
3F8S,B,00,A,Y,A,Q,-152.4,165.4
4ZUK,A,00,A,Y,A,Q,-57.1,-41.4
5MKE,A,00,A,Y,A,Q,-50.6,-47.7
2BUV,B,00,A,Y,A,Q,-72.1,151.0
3ITX,D,00,A,Y,A,Q,-60.9,-48.3
2AJC,B,00,A,Y,A,Q,-152.1,160.3
2JI6,A,00,A,Y,A,Q,-55.3,-33.0
3M0V,D,00,A,Y,A,Q,-62.3,-49.2
4HDG,B,00,A,Y,A,Q,-59.0,-45.1
4ZUL,B,00,A,Y,A,Q,-58.9,-39.2
4GJJ,A,00,A,Y,A,Q,-54.3,-53.6
2I57,C,00,A,Y,A,Q,-61.4,-50.2
3LON,A,00,A,Y,A,Q,-142.2,150.3
4FQH,H,00,A,Y,A,Q,-134.7,143.7
6AH0,u,00,A,Y,A,Q,-53.9,-44.9
5YHP,A,00,A,Y,A,Q,-56.7,-52.8
3H0C,A,00,A,Y,A,Q,-150.1,159.7
6H8J,C,00,A,Y,A,Q,-148.3,140.9
5K47,A,00,A,Y,A,Q,-54.9,-44.4
5HMX,A,00,A,Y,A,Q,-64.2,-39.5
2M7D,A,00,A,Y,A,Q,-69.3,-51.3
2M7D,A,01,A,Y,A,Q,-70.7,-54.2
2M7D,A,02,A,Y,A,Q,-63.2,-47.3
2M7D,A,03,A,Y,A,Q,-68.5,-52.3
2M7D,A,04,A,Y,A,Q,-61.5,-45.9
2M7D,A,05,A,Y,A,Q,-67.5,-52.2
2M7D,A,06,A,Y,A,Q,-66.8,-49.6
2M7D,A,07,A,Y,A,Q,-67.3,-50.4
2M7D,A,08,A,Y,A,Q,-66.6,-50.7
2M7D,A,09,A,Y,A,Q,-70.3,-54.3
2M7D,A,10,A,Y,A,Q,-67.1,-49.8
2M7D,A,11,A,Y,A,Q,-62.0,-46.6
2M7D,A,12,A,Y,A,Q,-66.6,-50.5
2M7D,A,13,A,Y,A,Q,-68.6,-51.3
2M7D,A,14,A,Y,A,Q,-67.4,-50.6
2M7D,A,15,A,Y,A,Q,-62.0,-46.6
2M7D,A,16,A,Y,A,Q,-66.6,-50.3
2M7D,A,17,A,Y,A,Q,-67.6,-50.4
2M7D,A,18,A,Y,A,Q,-68.5,-51.3
2M7D,A,19,A,Y,A,Q,-61.4,-46.1
2M7D,A,20,A,Y,A,Q,-67.7,-51.2
2M7D,A,21,A,Y,A,Q,-63.3,-47.8
2M7D,A,22,A,Y,A,Q,-69.8,-53.3
2M7D,A,23,A,Y,A,Q,-63.9,-48.5
2M7D,A,24,A,Y,A,Q,-69.0,-52.6
2M7D,A,25,A,Y,A,Q,-61.8,-46.9
2M7D,A,26,A,Y,A,Q,-61.3,-46.9
2M7D,A,27,A,Y,A,Q,-68.6,-52.1
2M7D,A,28,A,Y,A,Q,-67.8,-50.4
2M7D,A,29,A,Y,A,Q,-68.6,-51.6
3UC8,A,00,A,Y,A,Q,-62.0,-41.8
5J1F,B,00,A,Y,A,Q,-60.6,-48.4
2GBC,A,00,A,Y,A,Q,-160.5,157.9
1RWQ,B,00,A,Y,A,Q,-170.0,142.1
5EQQ,A,00,A,Y,A,Q,-153.9,145.3
4FKB,A,00,A,Y,A,Q,-61.0,-47.6
3Q0T,B,00,A,Y,A,Q,-140.7,156.6
2QKY,B,00,A,Y,A,Q,-174.5,140.2
3D4L,B,00,A,Y,A,Q,-159.1,157.1
2M7C,A,00,A,Y,A,Q,-60.1,-33.1
2M7C,A,01,A,Y,A,Q,-61.2,-32.8
2M7C,A,02,A,Y,A,Q,-64.5,-34.5
2M7C,A,03,A,Y,A,Q,-60.7,-32.3
2M7C,A,04,A,Y,A,Q,-61.0,-33.0
2M7C,A,05,A,Y,A,Q,-60.4,-33.0
2M7C,A,06,A,Y,A,Q,-59.9,-32.9
2M7C,A,07,A,Y,A,Q,-60.9,-33.2
2M7C,A,08,A,Y,A,Q,-60.2,-35.0
2M7C,A,09,A,Y,A,Q,-60.3,-32.8
2M7C,A,10,A,Y,A,Q,-61.6,-32.7
2M7C,A,11,A,Y,A,Q,-60.3,-32.4
2M7C,A,12,A,Y,A,Q,-60.5,-33.8
2M7C,A,13,A,Y,A,Q,-60.9,-33.0
2M7C,A,14,A,Y,A,Q,-60.4,-33.5
2M7C,A,15,A,Y,A,Q,-60.2,-33.5
2M7C,A,16,A,Y,A,Q,-60.2,-33.2
2M7C,A,17,A,Y,A,Q,-60.5,-32.9
2M7C,A,18,A,Y,A,Q,-59.7,-33.1
2M7C,A,19,A,Y,A,Q,-60.7,-33.3
2M7C,A,20,A,Y,A,Q,-60.2,-34.0
2M7C,A,21,A,Y,A,Q,-61.1,-33.0
2M7C,A,22,A,Y,A,Q,-60.8,-33.2
2M7C,A,23,A,Y,A,Q,-60.4,-33.0
2M7C,A,24,A,Y,A,Q,-59.8,-32.9
2M7C,A,25,A,Y,A,Q,-60.0,-32.9
2M7C,A,26,A,Y,A,Q,-59.5,-32.5
2M7C,A,27,A,Y,A,Q,-59.8,-31.5
2M7C,A,28,A,Y,A,Q,-61.6,-32.2
2M7C,A,29,A,Y,A,Q,-60.7,-31.3
2M7C,A,30,A,Y,A,Q,-59.6,-31.9
2M7C,A,31,A,Y,A,Q,-59.0,-32.8
6BQJ,C,00,A,Y,A,Q,-148.0,152.4
6QCW,B,00,A,Y,A,Q,-85.0,70.4
3VJK,A,00,A,Y,A,Q,-156.7,154.5
5T4E,B,00,A,Y,A,Q,-156.4,157.9
3SU4,B,00,A,Y,A,Q,-151.7,154.3
2X3W,A,00,A,Y,A,Q,-55.1,-57.3
2W7S,A,00,A,Y,A,Q,-61.3,134.5
1ORV,B,00,A,Y,A,Q,-154.2,159.4
2OQI,D,00,A,Y,A,Q,-157.4,155.9
3M0V,A,00,A,Y,A,Q,-64.0,-47.8
3CTM,C,00,A,Y,A,Q,-64.3,-33.0
3G0C,A,00,A,Y,A,Q,-147.0,163.3
1R9M,C,00,A,Y,A,Q,-154.0,165.1
2RIP,A,00,A,Y,A,Q,-149.3,146.9
3OWO,C,00,A,Y,A,Q,-58.9,-44.9
3ITV,A,00,A,Y,A,Q,-62.9,-48.9
5KND,D,00,A,Y,A,Q,-71.2,-34.2
4PMU,C,00,A,Y,A,Q,-108.9,22.8
4PMU,C,01,A,Y,A,Q,-56.9,-44.7
3W01,A,00,A,Y,A,Q,-63.7,-37.4
3QBJ,A,00,A,Y,A,Q,-147.7,156.0
6B1O,A,00,A,Y,A,Q,-157.6,152.3
4ZVW,G,00,A,Y,A,Q,-59.1,-33.0
5J1F,A,00,A,Y,A,Q,-60.6,-47.6
6QCS,B,00,A,Y,A,Q,-88.5,79.2
3O9V,D,00,A,Y,A,Q,-140.0,155.8
5J1H,B,00,A,Y,A,Q,-68.6,-37.3
1EO2,B,00,A,Y,A,Q,-73.9,147.1
2GBI,B,00,A,Y,A,Q,-146.6,163.5
3VR3,E,00,A,Y,A,Q,-53.4,-31.1
6C2M,C,00,A,Y,A,Q,-146.5,156.6
6FZ7,A,00,A,Y,A,Q,-61.4,-49.7
2GBI,A,00,A,Y,A,Q,-146.9,162.9
2HHA,A,00,A,Y,A,Q,-152.8,157.7
3IUD,B,00,A,Y,A,Q,-55.1,-55.5
1N1L,A,00,A,Y,A,Q,-135.2,154.0
3EON,A,00,A,Y,A,Q,-60.9,-50.2
2OQI,A,00,A,Y,A,Q,-155.8,160.2
3M0L,B,00,A,Y,A,Q,-62.9,-48.1
5T3R,A,00,A,Y,A,Q,-149.5,146.9
5ESB,A,00,A,Y,A,Q,-152.6,147.0
2JG5,B,00,A,Y,A,Q,-63.8,-41.4
5U8S,E,00,A,Y,A,Q,42.2,-133.1
3M0X,D,00,A,Y,A,Q,-61.4,-48.8
3ITT,D,00,A,Y,A,Q,-62.1,-45.0
3II9,B,00,A,Y,A,Q,-64.6,-54.2
1VNH,A,00,A,Y,A,Q,-63.9,-38.0
5AC5,B,00,A,Y,A,Q,-60.0,-49.7
3G0D,A,00,A,Y,A,Q,-153.4,159.7
4J3J,A,00,A,Y,A,Q,-149.0,155.9
4ZUK,E,00,A,Y,A,Q,-55.6,-36.4
2HG4,A,00,A,Y,A,Q,-54.7,-53.9
3LOX,A,00,A,Y,A,Q,-139.1,163.5
6CVY,A,00,A,Y,A,Q,-155.6,147.9
4FFV,B,00,A,Y,A,Q,-157.3,152.3
1TK3,B,00,A,Y,A,Q,-160.2,156.2
3C43,A,00,A,Y,A,Q,-155.3,153.1
3Q8W,B,00,A,Y,A,Q,-116.0,169.6
2LQN,A,00,A,Y,A,Q,-124.2,70.5
2LQN,A,01,A,Y,A,Q,-103.4,-45.4
2LQN,A,02,A,Y,A,Q,-142.7,110.8
2LQN,A,03,A,Y,A,Q,-102.8,-10.5
2LQN,A,04,A,Y,A,Q,73.4,-11.9
2LQN,A,05,A,Y,A,Q,-115.8,114.6
2LQN,A,06,A,Y,A,Q,55.2,72.8
2LQN,A,07,A,Y,A,Q,-115.2,159.5
2LQN,A,08,A,Y,A,Q,-133.2,173.3
2LQN,A,09,A,Y,A,Q,63.2,-163.4
2LQN,A,10,A,Y,A,Q,-102.9,-21.2
2LQN,A,11,A,Y,A,Q,-113.1,107.7
2LQN,A,12,A,Y,A,Q,-90.0,14.9
2LQN,A,13,A,Y,A,Q,-80.4,106.1
2LQN,A,14,A,Y,A,Q,-85.9,103.3
2LQN,A,15,A,Y,A,Q,-74.5,159.9
2LQN,A,16,A,Y,A,Q,73.3,-33.0
2LQN,A,17,A,Y,A,Q,-129.7,-61.2
2LQN,A,18,A,Y,A,Q,-88.6,145.3
2LQN,A,19,A,Y,A,Q,-65.5,125.4
4X0U,B,00,A,Y,A,Q,-55.7,-36.0
3GQT,A,00,A,Y,A,Q,-65.6,-48.3
2H6J,B,00,A,Y,A,Q,-64.6,-40.4
4E57,A,00,A,Y,A,Q,-58.6,-49.3
1W1I,C,00,A,Y,A,Q,-154.4,159.7
2QT9,A,00,A,Y,A,Q,-156.2,157.7
3VR2,E,00,A,Y,A,Q,-69.7,-31.0
5ND1,A,00,A,Y,A,Q,-131.0,143.2
2A4Q,A,00,A,Y,A,Q,-138.3,151.8
1XYQ,A,00,A,Y,A,Q,-75.6,-33.8
1XYQ,A,01,A,Y,A,Q,-65.4,-62.1
1XYQ,A,02,A,Y,A,Q,-62.8,-46.2
1XYQ,A,03,A,Y,A,Q,-64.0,-70.2
1XYQ,A,04,A,Y,A,Q,-92.0,-53.2
1XYQ,A,05,A,Y,A,Q,-63.9,-44.2
1XYQ,A,06,A,Y,A,Q,-62.1,-43.9
1XYQ,A,07,A,Y,A,Q,-66.2,-59.7
1XYQ,A,08,A,Y,A,Q,-66.1,-41.9
1XYQ,A,09,A,Y,A,Q,-61.0,-34.4
1XYQ,A,10,A,Y,A,Q,-68.8,-67.4
1XYQ,A,11,A,Y,A,Q,-109.3,-52.2
1XYQ,A,12,A,Y,A,Q,-68.7,-49.1
1XYQ,A,13,A,Y,A,Q,-75.7,-51.0
1XYQ,A,14,A,Y,A,Q,-79.8,-26.8
1XYQ,A,15,A,Y,A,Q,-96.6,-61.3
1XYQ,A,16,A,Y,A,Q,-70.9,-71.6
1XYQ,A,17,A,Y,A,Q,-61.7,-61.4
1XYQ,A,18,A,Y,A,Q,-108.4,-53.0
1XYQ,A,19,A,Y,A,Q,-83.6,-36.9
2BUA,D,00,A,Y,A,Q,-154.0,158.7
4ZUK,C,00,A,Y,A,Q,-60.8,-37.2
3ITO,D,00,A,Y,A,Q,-59.2,-51.5
2J6L,G,00,A,Y,A,Q,-59.7,-40.7
4ZVY,B,00,A,Y,A,Q,-60.4,-34.1
3IUH,A,00,A,Y,A,Q,-59.8,-50.9
3M5O,B,00,A,Y,A,Q,-156.6,151.5
4X7B,A,00,A,Y,A,Q,-59.2,-45.5
3JTR,A,00,A,Y,A,Q,-64.0,-47.3
4QAW,B,00,A,Y,A,Q,-60.5,-42.7
1AZW,A,00,A,Y,A,Q,-59.0,-59.5
3M0M,A,00,A,Y,A,Q,-62.3,-49.3
3KF2,B,00,A,Y,A,Q,-128.2,149.2
2MU3,A,00,A,Y,A,Q,-76.7,-164.4
2MU3,A,01,A,Y,A,Q,-64.2,-169.0
2MU3,A,02,A,Y,A,Q,-78.4,-169.4
2MU3,A,03,A,Y,A,Q,-85.4,-170.0
2MU3,A,04,A,Y,A,Q,-77.0,-169.4
2MU3,A,05,A,Y,A,Q,-82.0,-166.4
2MU3,A,06,A,Y,A,Q,-80.3,-164.6
2MU3,A,07,A,Y,A,Q,-85.3,-164.7
2MU3,A,08,A,Y,A,Q,-69.4,-165.7
2MU3,A,09,A,Y,A,Q,-58.6,-46.2
2MU3,A,10,A,Y,A,Q,-72.0,-174.2
2MU3,A,11,A,Y,A,Q,-78.4,-174.4
2MU3,A,12,A,Y,A,Q,-77.6,-162.4
2MU3,A,13,A,Y,A,Q,-76.2,-168.8
2MU3,A,14,A,Y,A,Q,-68.1,-174.4
2MU3,A,15,A,Y,A,Q,-74.8,-170.3
2MU3,A,16,A,Y,A,Q,-82.8,-166.4
2MU3,A,17,A,Y,A,Q,-84.9,-172.0
2MU3,A,18,A,Y,A,Q,-77.8,-167.6
2MU3,A,19,A,Y,A,Q,-72.1,-161.7
2JID,A,00,A,Y,A,Q,-158.2,152.8
6IJJ,B,00,A,Y,A,Q,-79.4,8.2
1A1R,B,00,A,Y,A,Q,-141.4,149.1
3UC7,E,00,A,Y,A,Q,-65.3,-36.9
1EOA,B,00,A,Y,A,Q,-71.3,145.6
3SUF,D,00,A,Y,A,Q,-130.7,171.2
1ORV,D,00,A,Y,A,Q,-153.5,157.0
4PMV,A,00,A,Y,A,Q,-103.5,18.0
4PMV,A,01,A,Y,A,Q,-62.2,-39.9
2D8N,A,00,A,Y,A,Q,-63.4,-48.6
1X2E,A,00,A,Y,A,Q,-63.4,-50.4
5K47,C,00,A,Y,A,Q,-55.0,-44.4
3SUE,D,00,A,Y,A,Q,-156.2,160.5
4MVN,D,00,A,Y,A,Q,-57.9,138.9
2IIT,B,00,A,Y,A,Q,-160.3,162.1
4AC7,C,00,A,Y,A,Q,-151.2,140.5
3CCC,B,00,A,Y,A,Q,-152.3,153.5
2I78,C,00,A,Y,A,Q,-160.8,165.4
4X0T,D,00,A,Y,A,Q,-58.5,-36.3
3M0M,D,00,A,Y,A,Q,-62.0,-49.7
3Q0K,B,00,A,Y,A,Q,-61.4,-39.6
2Z1A,A,00,A,Y,A,Q,-66.1,-33.0
4ZVW,C,00,A,Y,A,Q,-58.8,-34.1
6DU8,C,00,A,Y,A,Q,-64.2,-33.5
6ITC,A,00,A,Y,A,Q,-81.6,-7.8
1Q5Q,E,00,A,Y,A,Q,-61.1,-42.5
3O1Q,B,00,A,Y,A,Q,-62.8,-48.8
4LKO,B,00,A,Y,A,Q,-157.8,151.8
2BGN,D,00,A,Y,A,Q,-160.4,157.8
3M0V,B,00,A,Y,A,Q,-62.8,-45.6
3VR3,D,00,A,Y,A,Q,-69.9,-26.1
3SU5,A,00,A,Y,A,Q,-153.7,149.1
3II9,A,00,A,Y,A,Q,-66.5,-50.0
3Q0K,C,00,A,Y,A,Q,-63.1,-44.1
4FDM,A,00,A,Y,A,Q,-56.7,-51.5
1Q5R,F,00,A,Y,A,Q,-54.5,-45.9
4C11,B,00,A,Y,A,Q,-66.3,-49.8
5JJS,A,00,A,Y,A,Q,-63.3,-42.2
1TF2,A,00,A,Y,A,Q,-87.0,152.7
3UC7,B,00,A,Y,A,Q,-67.9,-35.1
4QAW,G,00,A,Y,A,Q,-61.3,-39.5
2OLE,B,00,A,Y,A,Q,-154.3,159.6
1NNE,A,00,A,Y,A,Q,-58.9,-55.8
4C88,A,00,A,Y,A,Q,-59.1,-50.6
1ORW,B,00,A,Y,A,Q,-152.3,161.7
2JIB,B,00,A,Y,A,Q,-51.6,-32.5
4ZVW,A,00,A,Y,A,Q,-58.7,-34.0
3KNX,A,00,A,Y,A,Q,-137.3,170.6
1YDY,B,00,A,Y,A,Q,-63.6,-46.3
5ZMJ,H,00,A,Y,A,Q,-106.7,145.9
2VED,A,00,A,Y,A,Q,-59.3,-50.7
1N1M,A,00,A,Y,A,Q,-156.5,161.9
4ZVW,B,00,A,Y,A,Q,-60.0,-32.9
1TF5,A,00,A,Y,A,Q,-77.2,149.4
1RTL,A,00,A,Y,A,Q,-133.0,154.0
3EYD,A,00,A,Y,A,Q,-140.7,154.8
5UZP,B,00,A,Y,A,Q,-60.9,-39.2
2ONC,C,00,A,Y,A,Q,-151.2,164.3
3SV9,A,00,A,Y,A,Q,-155.8,149.6
3ITT,B,00,A,Y,A,Q,-60.8,-48.7
5KNB,F,00,A,Y,A,Q,-65.4,-37.1
4CEX,C,00,A,Y,A,Q,-148.3,142.0
4E56,A,00,A,Y,A,Q,-62.3,-48.1
3FIU,B,00,A,Y,A,Q,-62.6,-49.3
2OGT,A,00,A,Y,A,Q,-103.7,12.0
3KWF,A,00,A,Y,A,Q,-160.5,150.0
4LKO,A,00,A,Y,A,Q,-160.6,153.3
5EQR,A,00,A,Y,A,Q,-152.9,147.2
2H6J,D,00,A,Y,A,Q,-41.5,-44.6
6JO6,B,00,A,Y,A,Q,-79.7,-7.6
5ZEA,L,00,A,Y,A,Q,-65.9,-40.5
1PFQ,B,00,A,Y,A,Q,-152.7,155.7
6BNZ,A,00,A,Y,A,Q,-70.2,128.6
4ZUK,G,00,A,Y,A,Q,-56.5,-34.4
3ITO,B,00,A,Y,A,Q,-61.7,-45.5
3ITL,D,00,A,Y,A,Q,-61.1,-49.5
2Z5G,B,00,A,Y,A,Q,-54.7,-54.3
4QAW,H,00,A,Y,A,Q,-63.6,-40.1
2C31,A,00,A,Y,A,Q,-58.9,-33.4
4C87,B,00,A,Y,A,Q,-57.1,-51.5
5FIF,D,00,A,Y,A,Q,-59.1,-38.6
2AJ8,A,00,A,Y,A,Q,-157.1,162.5
1IGW,A,00,A,Y,A,Q,-53.4,-46.1
3VR4,D,00,A,Y,A,Q,-65.4,-46.5
3II9,D,00,A,Y,A,Q,-68.9,-49.4
4JMP,A,00,A,Y,A,Q,-63.2,-43.7
2BUC,A,00,A,Y,A,Q,-153.8,157.2
2HHA,B,00,A,Y,A,Q,-162.4,160.4
3IUI,B,00,A,Y,A,Q,-61.5,-46.5
2BGR,B,00,A,Y,A,Q,-157.7,154.9
3M0H,C,00,A,Y,A,Q,-62.5,-48.9
3M0Y,B,00,A,Y,A,Q,-61.1,-48.1
5ETX,C,00,A,Y,A,Q,-145.4,133.8
1Q5R,B,00,A,Y,A,Q,-54.2,-45.6
4QAW,D,00,A,Y,A,Q,-76.2,-36.1
3G0C,D,00,A,Y,A,Q,-153.6,152.8
4JH0,A,00,A,Y,A,Q,-159.2,155.7
4OEB,A,00,A,Y,A,Q,-64.5,-24.4
2W7U,B,00,A,Y,A,Q,-65.1,127.9
2AJB,A,00,A,Y,A,Q,-151.0,165.6
3HAC,B,00,A,Y,A,Q,-157.6,155.4
3O95,B,00,A,Y,A,Q,-139.9,149.2
2HCV,D,00,A,Y,A,Q,-63.3,-49.4
3ITX,C,00,A,Y,A,Q,-61.0,-48.7
3SV8,A,00,A,Y,A,Q,-145.5,150.3
1T8Q,A,00,A,Y,A,Q,-57.1,-51.8
1VNS,A,00,A,Y,A,Q,-61.7,-38.0
4MVN,C,00,A,Y,A,Q,-62.1,139.7
3H0C,B,00,A,Y,A,Q,-139.5,160.8
2HET,D,00,A,Y,A,Q,-49.4,-50.6
2I94,A,00,A,Y,A,Q,-65.2,-43.1
2I94,A,01,A,Y,A,Q,-58.2,-23.3
2I94,A,02,A,Y,A,Q,-60.7,-49.0
2I94,A,03,A,Y,A,Q,-61.4,-65.0
2I94,A,04,A,Y,A,Q,-62.0,-35.6
2I94,A,05,A,Y,A,Q,-63.0,-42.6
2I94,A,06,A,Y,A,Q,-65.8,-30.3
2I94,A,07,A,Y,A,Q,-67.1,-35.0
2I94,A,08,A,Y,A,Q,-69.5,-32.6
2I94,A,09,A,Y,A,Q,-61.7,-42.4
3KWJ,B,00,A,Y,A,Q,-157.5,151.3
4PMU,D,00,A,Y,A,Q,-108.2,8.9
4PMU,D,01,A,Y,A,Q,-54.3,-43.2
3SWW,B,00,A,Y,A,Q,-155.6,153.6
5ZID,A,00,A,Y,A,Q,-160.8,177.5
4QAW,C,00,A,Y,A,Q,-59.5,-44.4
2BUA,B,00,A,Y,A,Q,-153.5,159.9
6MYK,D,00,A,Y,A,Q,-63.5,-18.8
3SV6,A,00,A,Y,A,Q,-155.9,148.8
3SYV,C,00,A,Y,A,Q,-60.0,-51.7
3CTM,E,00,A,Y,A,Q,-53.1,-38.4
4K34,A,00,A,Y,A,Q,-53.3,-39.2
2W7U,A,00,A,Y,A,Q,-65.9,130.8
3WQH,A,00,A,Y,A,Q,-154.1,151.3
2J6L,F,00,A,Y,A,Q,-56.1,-38.2
3ITT,A,00,A,Y,A,Q,-61.4,-49.5
5CCV,G,00,A,Y,A,Q,-67.9,-31.1
4K6M,B,00,A,Y,A,Q,-59.0,-40.1
2Z5G,A,00,A,Y,A,Q,-56.0,-53.1
3CXN,A,00,A,Y,A,Q,-60.9,-46.7
2WGL,A,00,A,Y,A,Q,-53.5,-51.0
2AJB,D,00,A,Y,A,Q,-159.7,154.4
2QJR,A,00,A,Y,A,Q,-151.3,162.4
6A70,A,00,A,Y,A,Q,-70.7,-31.6
5KND,F,00,A,Y,A,Q,-69.4,-43.3
2HG4,E,00,A,Y,A,Q,-55.4,-41.0
3ABH,B,00,A,Y,A,Q,-65.1,-43.7
2DSN,B,00,A,Y,A,Q,-56.8,-50.8
3CXN,B,00,A,Y,A,Q,-59.2,-46.8
2JG5,A,00,A,Y,A,Q,-59.9,-46.7
4PPY,C,00,A,Y,A,Q,-56.6,-48.7
3HMJ,C,00,A,Y,A,Q,-118.4,-13.9
3UC7,F,00,A,Y,A,Q,-66.9,-38.0
3SYV,G,00,A,Y,A,Q,-70.6,-54.7
3EIO,B,00,A,Y,A,Q,-155.9,154.4
4L72,A,00,A,Y,A,Q,-144.6,159.9
2HCV,A,00,A,Y,A,Q,-64.1,-48.2
3Q0K,D,00,A,Y,A,Q,-63.9,-32.1
1GK0,C,00,A,Y,A,Q,-57.8,-47.5
4N8E,A,00,A,Y,A,Q,-156.0,156.5
3SUF,C,00,A,Y,A,Q,-148.4,151.2
2AJC,D,00,A,Y,A,Q,-153.8,159.2
2BUA,C,00,A,Y,A,Q,-153.7,160.7
2QKY,A,00,A,Y,A,Q,-161.8,146.4
5KND,E,00,A,Y,A,Q,-64.7,-25.3
5I3P,A,00,A,Y,A,Q,-67.6,-41.8
2OBQ,A,00,A,Y,A,Q,-143.2,141.5
5VP9,A,00,A,Y,A,Q,-156.9,149.5
2X3X,B,00,A,Y,A,Q,-65.1,-42.7
5A6A,B,00,A,Y,A,Q,-70.5,-39.6
2BUC,D,00,A,Y,A,Q,-146.5,159.8
3FIU,A,00,A,Y,A,Q,-63.2,-50.7
2W7S,C,00,A,Y,A,Q,-54.9,135.4
3VR6,F,00,A,Y,A,Q,-66.5,-43.4
5MKE,B,00,A,Y,A,Q,-50.7,-47.6
5CCV,E,00,A,Y,A,Q,-64.7,-36.1
2A4G,A,00,A,Y,A,Q,-137.8,149.1
2FJP,B,00,A,Y,A,Q,-159.0,164.6
4HDG,A,00,A,Y,A,Q,-66.3,-44.6
3CTM,B,00,A,Y,A,Q,-64.1,-34.2
5ZEA,J,00,A,Y,A,Q,-72.8,-30.1
5T4D,D,00,A,Y,A,Q,-55.6,-46.7
2GVF,A,00,A,Y,A,Q,-138.4,148.5
5A69,A,00,A,Y,A,Q,-61.4,-42.1
1RWQ,A,00,A,Y,A,Q,-156.1,168.3
1W1I,B,00,A,Y,A,Q,-153.4,158.2
3BJM,A,00,A,Y,A,Q,-148.6,156.7
4PMU,A,00,A,Y,A,Q,-101.7,19.5
4PMU,A,01,A,Y,A,Q,-58.5,-48.2
4X85,A,00,A,Y,A,Q,-62.2,-53.8
3OPM,D,00,A,Y,A,Q,-157.1,155.7
2IIT,A,00,A,Y,A,Q,-157.5,158.4
6F93,A,00,A,Y,A,Q,-54.3,-42.0
3KL3,D,00,A,Y,A,Q,-76.5,-44.4
5VTA,C,00,A,Y,A,Q,-152.8,166.3
4PV7,B,00,A,Y,A,Q,-138.6,162.7
5FSE,C,00,A,Y,A,Q,-151.9,143.6
1OMR,A,00,A,Y,A,Q,-57.2,-52.3
4DSA,B,00,A,Y,A,Q,-163.7,157.3
2BUB,B,00,A,Y,A,Q,-126.3,162.9
3OX4,C,00,A,Y,A,Q,-60.7,-41.3
2HCV,B,00,A,Y,A,Q,-65.1,-48.2
1Q5R,C,00,A,Y,A,Q,-56.2,-44.0
2OGS,A,00,A,Y,A,Q,-110.1,14.2
4PPY,A,00,A,Y,A,Q,-57.3,-47.0
3VR5,F,00,A,Y,A,Q,-72.3,-39.0
1VNE,A,00,A,Y,A,Q,-60.8,-39.3
4C89,D,00,A,Y,A,Q,-63.9,-47.3
4PMU,F,00,A,Y,A,Q,-104.6,13.4
4PMU,F,01,A,Y,A,Q,-59.2,-44.6
5A6B,B,00,A,Y,A,Q,-63.8,-42.2
4ZVW,D,00,A,Y,A,Q,-59.5,-33.7
6C2O,A,00,A,Y,A,Q,-152.1,150.3
2P8S,A,00,A,Y,A,Q,-155.8,159.2
4ZVY,A,00,A,Y,A,Q,-58.5,-34.6
5KNC,D,00,A,Y,A,Q,-70.0,-37.6
1U8E,B,00,A,Y,A,Q,-155.6,163.3
1R9M,B,00,A,Y,A,Q,-149.4,164.1
2HG4,F,00,A,Y,A,Q,-51.2,-46.2
3SU1,A,00,A,Y,A,Q,-154.4,146.8
6CVW,A,00,A,Y,A,Q,-154.5,146.9
3QE6,A,00,A,Y,A,Q,-61.0,-45.0
5LLS,C,00,A,Y,A,Q,-151.2,157.7
1ORV,C,00,A,Y,A,Q,-154.1,158.8
2JI9,B,00,A,Y,A,Q,-65.7,-27.7
3IUH,C,00,A,Y,A,Q,-56.0,-49.7
2BUR,B,00,A,Y,A,Q,-69.2,150.3
1T8Q,C,00,A,Y,A,Q,-57.8,-47.1
3CCC,C,00,A,Y,A,Q,-144.8,167.5
1ORW,A,00,A,Y,A,Q,-161.8,149.9
1W1I,D,00,A,Y,A,Q,-155.6,160.1
5FIF,F,00,A,Y,A,Q,-64.2,-33.5
4WF8,A,00,A,Y,A,Q,-156.2,155.1
3EOM,A,00,A,Y,A,Q,-64.0,-48.5
6P3I,A,00,A,Y,A,Q,-84.0,16.0
4K7R,A,00,A,Y,A,Q,-56.6,-42.3
5T4H,B,00,A,Y,A,Q,-152.5,156.6
4OEB,C,00,A,Y,A,Q,-65.6,-24.9
2X3V,A,00,A,Y,A,Q,-58.3,-42.8
6F5O,B,00,A,Y,A,Q,-80.3,81.0
4PPY,B,00,A,Y,A,Q,-56.1,-49.7
3ITV,D,00,A,Y,A,Q,-63.6,-48.9
3HAJ,A,00,A,Y,A,Q,-65.8,-50.1
5A6B,D,00,A,Y,A,Q,-72.8,-41.0
5EQS,A,00,A,Y,A,Q,-157.6,154.9
2X3W,B,00,A,Y,A,Q,-69.0,-51.1
2WGL,C,00,A,Y,A,Q,-59.2,-44.1
4KR0,A,00,A,Y,A,Q,-154.9,157.0
3AYX,C,00,A,Y,A,Q,-55.4,-51.8
3IQM,A,00,A,Y,A,Q,-114.8,19.0
3SUD,D,00,A,Y,A,Q,-147.5,152.8
1NU8,A,00,A,Y,A,Q,-163.8,150.9
2IIV,A,00,A,Y,A,Q,-154.8,154.7
6NYY,C,00,A,Y,A,Q,-87.3,-36.2
4MTP,C,00,A,Y,A,Q,-59.6,-45.3
2JI8,B,00,A,Y,A,Q,-59.6,-32.1
5EPY,A,00,A,Y,A,Q,-154.8,149.9
3Q0K,A,00,A,Y,A,Q,-64.2,-53.9
5A6J,A,00,A,Y,A,Q,-66.0,-45.6
2ONC,A,00,A,Y,A,Q,-146.9,163.8
4DSZ,B,00,A,Y,A,Q,-151.1,155.0
2H6J,E,00,A,Y,A,Q,-53.5,-43.5
3KL3,B,00,A,Y,A,Q,-77.7,-42.9
4HI0,A,00,A,Y,A,Q,-51.7,-53.5
2XNI,A,00,A,Y,A,Q,-140.8,148.6
3EOM,B,00,A,Y,A,Q,-61.5,-48.6
3SYV,D,00,A,Y,A,Q,-78.2,-37.1
2DSN,A,00,A,Y,A,Q,-56.1,-53.1
6OME,A,00,A,Y,A,Q,-73.9,-25.0
2RGU,A,00,A,Y,A,Q,-144.8,160.5
3M0M,B,00,A,Y,A,Q,-63.0,-49.6
6MYI,D,00,A,Y,A,Q,-67.7,-15.9
3SUE,C,00,A,Y,A,Q,-126.8,145.5
4ABN,A,00,A,Y,A,Q,-65.7,-42.0
1FW6,B,00,A,Y,A,Q,-67.8,-49.9
3VR4,E,00,A,Y,A,Q,-70.4,-38.4
4NWK,A,00,A,Y,A,Q,-150.3,151.4
2X3V,B,00,A,Y,A,Q,-59.7,-43.4
3G0G,C,00,A,Y,A,Q,-149.7,160.3
4ZUL,H,00,A,Y,A,Q,-59.4,-36.3
3VR5,D,00,A,Y,A,Q,-64.4,-46.6
3O95,D,00,A,Y,A,Q,-150.6,160.0
6BNN,A,00,A,Y,A,Q,-72.6,131.2
4ZUL,G,00,A,Y,A,Q,-56.7,-36.2
3IUI,A,00,A,Y,A,Q,-59.8,-50.7
5F3Z,A,00,A,Y,A,Q,-62.9,-43.3
4PMU,B,00,A,Y,A,Q,-104.9,15.8
4PMU,B,01,A,Y,A,Q,-60.0,-39.0
6BQK,B,00,A,Y,A,Q,-141.2,157.1
5ZID,B,00,A,Y,A,Q,-145.7,162.6
2QKY,C,00,A,Y,A,Q,-135.2,176.0
3AYY,A,00,A,Y,A,Q,-58.0,-51.1
5MSG,B,00,A,Y,A,Q,-87.2,78.0
3JC7,c,00,A,Y,A,Q,49.0,-147.4
2J6L,E,00,A,Y,A,Q,-58.4,-41.1
5Z58,u,00,A,Y,A,Q,-54.0,-44.8
4JH0,B,00,A,Y,A,Q,-151.1,156.6
1YDY,A,00,A,Y,A,Q,-61.8,-48.8
3GNC,B,00,A,Y,A,Q,-62.4,-50.6
2OQV,B,00,A,Y,A,Q,-147.1,158.0
1X0U,F,00,A,Y,A,Q,-131.4,151.0
2GBF,B,00,A,Y,A,Q,-155.4,157.2
2I03,C,00,A,Y,A,Q,-164.1,151.3
3D6B,C,00,A,Y,A,Q,-62.8,-49.6
2J6L,C,00,A,Y,A,Q,-59.0,-34.9
2AE4,A,00,A,Y,A,Q,-61.7,-49.8
4ZUK,H,00,A,Y,A,Q,-59.0,-39.0
2I56,B,00,A,Y,A,Q,-64.5,-47.6
1T8Q,D,00,A,Y,A,Q,-59.9,-51.0
5YHP,B,00,A,Y,A,Q,-55.6,-50.9
1U8E,A,00,A,Y,A,Q,-162.1,152.7
5T4B,A,00,A,Y,A,Q,-154.7,155.7
5T4H,A,00,A,Y,A,Q,-142.8,157.4
5UZP,A,00,A,Y,A,Q,-61.0,-39.7
2AJ8,D,00,A,Y,A,Q,-157.9,162.0
5ISM,B,00,A,Y,A,Q,-154.5,158.2
3M0L,C,00,A,Y,A,Q,-63.3,-50.8
4ZUK,D,00,A,Y,A,Q,-62.1,-35.1
5KNB,E,00,A,Y,A,Q,-67.1,-46.1
6MYK,B,00,A,Y,A,Q,-70.0,-11.7
3CTM,F,00,A,Y,A,Q,-61.1,-41.8
4FQV,J,00,A,Y,A,Q,-133.1,142.6
3WQH,B,00,A,Y,A,Q,-151.5,152.9
2JI7,A,00,A,Y,A,Q,-55.7,-36.5
2OC0,A,00,A,Y,A,Q,-141.3,149.8
4RY0,A,00,A,Y,A,Q,-68.3,-52.3
4C89,A,00,A,Y,A,Q,-65.3,-43.8
3VR2,F,00,A,Y,A,Q,-68.1,-26.4
3HAC,A,00,A,Y,A,Q,-154.5,154.6
3O9V,B,00,A,Y,A,Q,-152.3,161.1
5G2V,A,00,A,Y,A,Q,-101.0,1.8
2W22,A,00,A,Y,A,Q,-57.0,-47.0
1Q5Q,C,00,A,Y,A,Q,-62.1,-41.3
6NYY,F,00,A,Y,A,Q,-86.8,-40.9
2I3Z,B,00,A,Y,A,Q,-152.4,160.4
1X70,A,00,A,Y,A,Q,-157.9,156.3
2JID,B,00,A,Y,A,Q,-154.9,149.4
1UQW,A,00,A,Y,A,Q,78.4,-1.9
4NXK,D,00,Y,A,Q,W,-65.6,-40.2
4NZF,G,00,Y,A,Q,W,-70.6,-41.6
3IBV,B,00,Y,A,Q,W,-43.4,-58.4
1M32,E,00,Y,A,Q,W,-69.5,-50.8
3PZG,A,00,Y,A,Q,W,-58.7,-51.5
5V3S,B,00,Y,A,Q,W,-77.5,-11.9
5AB6,A,00,Y,A,Q,W,-68.5,-38.1
4NZF,F,00,Y,A,Q,W,-65.9,-35.3
6D2E,A,00,Y,A,Q,W,-67.0,-41.1
3TSW,A,00,Y,A,Q,W,-47.8,-50.1
2FT0,B,00,Y,A,Q,W,-81.6,-25.7
6A9W,A,00,Y,A,Q,W,-105.1,139.6
6JON,A,00,Y,A,Q,W,-113.1,134.3
5AB4,A,00,Y,A,Q,W,-68.6,-33.6
3ICQ,U,00,Y,A,Q,W,-58.3,-51.4
4OEB,C,00,Y,A,Q,W,-65.6,-24.9
4AC5,H,00,Y,A,Q,W,-74.4,-41.2
5OSN,C,00,Y,A,Q,W,-129.0,163.2
3T6D,H,00,Y,A,Q,W,-68.6,-43.5
3UC7,F,00,Y,A,Q,W,-66.9,-38.0
6PRC,H,00,Y,A,Q,W,-69.4,-44.4
6MYK,D,00,Y,A,Q,W,-63.5,-18.8
3UC7,D,00,Y,A,Q,W,-61.6,-42.3
6JOP,A,00,Y,A,Q,W,-105.6,139.0
3IF4,C,00,Y,A,Q,W,-61.1,-36.8
5L81,A,00,Y,A,Q,W,-59.0,-39.1
5LKI,E,00,Y,A,Q,W,-55.1,-17.9
6D2G,A,00,Y,A,Q,W,-67.7,-41.2
6MYJ,D,00,Y,A,Q,W,-141.3,175.7
1R2C,H,00,Y,A,Q,W,-70.4,-45.7
5M7J,D,00,Y,A,Q,W,-65.0,-40.6
3IF4,D,00,Y,A,Q,W,-58.8,-38.6
3UC7,A,00,Y,A,Q,W,-59.3,-43.8
3LH5,A,00,Y,A,Q,W,-63.9,-37.4
3CC1,A,00,Y,A,Q,W,-65.5,-37.9
4NX0,D,00,Y,A,Q,W,-65.8,-39.8
3C0R,C,00,Y,A,Q,W,-63.0,-37.1
5AB4,B,00,Y,A,Q,W,-67.7,-34.1
5UNF,A,00,Y,A,Q,W,-95.4,-41.9
3PZO,A,00,Y,A,Q,W,-53.2,-47.0
4CAS,D,00,Y,A,Q,W,-63.8,-39.7
2WJN,H,00,Y,A,Q,W,-62.6,-43.5
3IF4,B,00,Y,A,Q,W,-61.2,-35.1
1N5T,A,00,Y,A,Q,W,-99.8,106.3
2FT0,A,00,Y,A,Q,W,-73.2,-31.5
5UNH,B,00,Y,A,Q,W,360.0,-42.8
5AB7,A,00,Y,A,Q,W,-71.7,-35.5
4NZF,B,00,Y,A,Q,W,-61.5,-37.7
6D37,A,00,Y,A,Q,W,-66.8,-41.6
6D37,A,01,Y,A,Q,W,-64.4,-39.4
6D37,A,02,Y,A,Q,W,-64.3,-40.2
6D37,A,03,Y,A,Q,W,-66.5,-41.2
6D37,A,04,Y,A,Q,W,-63.8,-41.4
6D37,A,05,Y,A,Q,W,-65.4,-40.6
6D37,A,06,Y,A,Q,W,-64.6,-40.2
6D37,A,07,Y,A,Q,W,-64.3,-40.0
6D37,A,08,Y,A,Q,W,-64.5,-39.9
6D37,A,09,Y,A,Q,W,-61.7,-40.4
6D37,A,10,Y,A,Q,W,-68.6,-41.8
6D37,A,11,Y,A,Q,W,-64.5,-39.0
6D37,A,12,Y,A,Q,W,-62.8,-40.9
6D37,A,13,Y,A,Q,W,-67.4,-41.2
6D37,A,14,Y,A,Q,W,-64.8,-40.0
6D37,A,15,Y,A,Q,W,-68.2,-41.9
6D37,A,16,Y,A,Q,W,-63.2,-41.0
6D37,A,17,Y,A,Q,W,-65.4,-40.7
6D37,A,18,Y,A,Q,W,-66.7,-42.2
6D37,A,19,Y,A,Q,W,-63.7,-40.2
6D37,A,20,Y,A,Q,W,-64.5,-40.5
6D37,A,21,Y,A,Q,W,-64.7,-40.4
6D37,A,22,Y,A,Q,W,-64.0,-40.3
6D37,A,23,Y,A,Q,W,-65.5,-39.9
6D37,A,24,Y,A,Q,W,-67.8,-40.5
6D37,A,25,Y,A,Q,W,-65.1,-40.5
6D37,A,26,Y,A,Q,W,-69.1,-40.7
6D37,A,27,Y,A,Q,W,-63.8,-40.9
6D37,A,28,Y,A,Q,W,-67.5,-40.1
6D37,A,29,Y,A,Q,W,-63.9,-41.1
6D37,A,30,Y,A,Q,W,-66.4,-40.4
6D37,A,31,Y,A,Q,W,-61.2,-40.7
6JOQ,A,00,Y,A,Q,W,-106.8,141.0
6D9B,A,00,Y,A,Q,W,-67.7,-40.7
3TSW,C,00,Y,A,Q,W,-55.7,-37.5
2R5N,B,00,Y,A,Q,W,-56.4,-43.3
3UC7,C,00,Y,A,Q,W,-63.8,-38.5
3UC8,C,00,Y,A,Q,W,-63.8,-38.1
5AB6,C,00,Y,A,Q,W,-69.7,-37.5
5UNF,B,00,Y,A,Q,W,-70.3,-44.2
4NXK,G,00,Y,A,Q,W,-70.4,-39.7
4NXK,E,00,Y,A,Q,W,-68.8,-36.1
4NZF,C,00,Y,A,Q,W,-64.9,-40.8
2R8P,A,00,Y,A,Q,W,-56.8,-42.2
6MYI,C,00,Y,A,Q,W,360.0,30.0
6MYI,D,00,Y,A,Q,W,-67.7,-15.9
1N5T,B,00,Y,A,Q,W,-103.0,112.9
4NX0,C,00,Y,A,Q,W,-66.2,-38.5
6CFI,A,00,Y,A,Q,W,-100.9,-16.3
2QSF,A,00,Y,A,Q,W,-99.2,-28.3
1QGD,B,00,Y,A,Q,W,-55.9,-42.6
5HHT,B,00,Y,A,Q,W,-56.4,-38.8
4OEB,D,00,Y,A,Q,W,-62.1,-21.0
7PRC,H,00,Y,A,Q,W,-66.2,-35.9
5BR7,A,00,Y,A,Q,W,-68.1,-39.9
1M32,C,00,Y,A,Q,W,-62.7,-53.7
3PZN,A,00,Y,A,Q,W,-55.4,-46.6
2M7C,A,00,Y,A,Q,W,-60.1,-33.1
2M7C,A,01,Y,A,Q,W,-61.2,-32.8
2M7C,A,02,Y,A,Q,W,-64.5,-34.5
2M7C,A,03,Y,A,Q,W,-60.7,-32.3
2M7C,A,04,Y,A,Q,W,-61.0,-33.0
2M7C,A,05,Y,A,Q,W,-60.4,-33.0
2M7C,A,06,Y,A,Q,W,-59.9,-32.9
2M7C,A,07,Y,A,Q,W,-60.9,-33.2
2M7C,A,08,Y,A,Q,W,-60.2,-35.0
2M7C,A,09,Y,A,Q,W,-60.3,-32.8
2M7C,A,10,Y,A,Q,W,-61.6,-32.7
2M7C,A,11,Y,A,Q,W,-60.3,-32.4
2M7C,A,12,Y,A,Q,W,-60.5,-33.8
2M7C,A,13,Y,A,Q,W,-60.9,-33.0
2M7C,A,14,Y,A,Q,W,-60.4,-33.5
2M7C,A,15,Y,A,Q,W,-60.2,-33.5
2M7C,A,16,Y,A,Q,W,-60.2,-33.2
2M7C,A,17,Y,A,Q,W,-60.5,-32.9
2M7C,A,18,Y,A,Q,W,-59.7,-33.1
2M7C,A,19,Y,A,Q,W,-60.7,-33.3
2M7C,A,20,Y,A,Q,W,-60.2,-34.0
2M7C,A,21,Y,A,Q,W,-61.1,-33.0
2M7C,A,22,Y,A,Q,W,-60.8,-33.2
2M7C,A,23,Y,A,Q,W,-60.4,-33.0
2M7C,A,24,Y,A,Q,W,-59.8,-32.9
2M7C,A,25,Y,A,Q,W,-60.0,-32.9
2M7C,A,26,Y,A,Q,W,-59.5,-32.5
2M7C,A,27,Y,A,Q,W,-59.8,-31.5
2M7C,A,28,Y,A,Q,W,-61.6,-32.2
2M7C,A,29,Y,A,Q,W,-60.7,-31.3
2M7C,A,30,Y,A,Q,W,-59.6,-31.9
2M7C,A,31,Y,A,Q,W,-59.0,-32.8
1N5V,B,00,Y,A,Q,W,-105.5,107.3
3ICQ,T,00,Y,A,Q,W,-61.5,-43.6
4YIR,A,00,Y,A,Q,W,-97.6,-16.2
2QSG,A,00,Y,A,Q,W,-94.9,-13.3
3UC7,B,00,Y,A,Q,W,-67.9,-35.1
3IF4,A,00,Y,A,Q,W,-63.2,-40.6
5XJM,A,00,Y,A,Q,W,-72.4,-43.2
4NXK,A,00,Y,A,Q,W,-67.0,-39.1
3SHW,A,00,Y,A,Q,W,-54.4,-46.0
2LL5,A,00,Y,A,Q,W,-60.8,-38.5
2LL5,A,01,Y,A,Q,W,-59.9,-38.3
2LL5,A,02,Y,A,Q,W,-61.4,-35.6
2LL5,A,03,Y,A,Q,W,-64.9,-34.9
2LL5,A,04,Y,A,Q,W,-61.2,-39.0
2LL5,A,05,Y,A,Q,W,-59.8,-39.1
2LL5,A,06,Y,A,Q,W,-61.9,-34.9
2LL5,A,07,Y,A,Q,W,-59.9,-38.0
2LL5,A,08,Y,A,Q,W,-59.9,-36.7
2LL5,A,09,Y,A,Q,W,-61.1,-37.1
2LL5,A,10,Y,A,Q,W,-59.4,-38.0
2LL5,A,11,Y,A,Q,W,-71.1,-37.6
2LL5,A,12,Y,A,Q,W,-58.5,-37.1
2LL5,A,13,Y,A,Q,W,-63.3,-38.9
2LL5,A,14,Y,A,Q,W,-60.7,-38.2
2LL5,A,15,Y,A,Q,W,-59.0,-36.4
2LL5,A,16,Y,A,Q,W,-60.2,-35.3
2LL5,A,17,Y,A,Q,W,-59.2,-39.4
2LL5,A,18,Y,A,Q,W,-63.9,-36.3
2LL5,A,19,Y,A,Q,W,-61.5,-35.6
2LL5,A,20,Y,A,Q,W,-64.0,-36.6
2LL5,A,21,Y,A,Q,W,-61.0,-33.3
2LL5,A,22,Y,A,Q,W,-64.5,-33.9
2LL5,A,23,Y,A,Q,W,-63.4,-38.1
2LL5,A,24,Y,A,Q,W,-60.1,-39.3
2LL5,A,25,Y,A,Q,W,-58.3,-39.3
2LL5,A,26,Y,A,Q,W,-71.2,-32.2
2LL5,A,27,Y,A,Q,W,-65.4,-36.3
2LL5,A,28,Y,A,Q,W,-61.3,-36.4
2LL5,A,29,Y,A,Q,W,-60.1,-37.9
2LL5,A,30,Y,A,Q,W,-60.2,-37.9
2LL5,A,31,Y,A,Q,W,-69.1,-38.1
2LL5,A,32,Y,A,Q,W,-58.0,-37.1
3UC7,E,00,Y,A,Q,W,-65.3,-36.9
3T6E,H,00,Y,A,Q,W,-62.3,-42.0
5AB6,B,00,Y,A,Q,W,-69.0,-37.8
5AB6,D,00,Y,A,Q,W,-68.8,-38.0
4NXK,C,00,Y,A,Q,W,-64.6,-38.1
6MYJ,A,00,Y,A,Q,W,360.0,-6.5
2X5U,H,00,Y,A,Q,W,-68.6,-47.6
5AB7,F,00,Y,A,Q,W,-71.7,-36.0
5LKI,A,00,Y,A,Q,W,-55.2,-17.9
4NX0,H,00,Y,A,Q,W,-67.7,-40.1
4NXK,F,00,Y,A,Q,W,-68.5,-36.0
4XGK,B,00,Y,A,Q,W,-68.6,-38.4
2QSH,A,00,Y,A,Q,W,-100.3,-16.5
4OEB,B,00,Y,A,Q,W,-64.9,-22.2
5HHT,A,00,Y,A,Q,W,-58.5,-40.1
3G7F,H,00,Y,A,Q,W,-62.6,-43.0
3BY4,A,00,Y,A,Q,W,-63.6,-42.2
4NXK,H,00,Y,A,Q,W,-68.4,-39.3
2PRC,H,00,Y,A,Q,W,-70.3,-42.1
5UNH,A,00,Y,A,Q,W,-70.9,-42.3
4NX0,G,00,Y,A,Q,W,-66.2,-39.4
6D9A,A,00,Y,A,Q,W,-66.0,-45.8
1DXR,H,00,Y,A,Q,W,-62.3,-43.2
5Z58,Z,00,Y,A,Q,W,-73.7,-15.6
1PRC,H,00,Y,A,Q,W,-71.1,-33.7
2JBL,H,00,Y,A,Q,W,-64.7,-43.3
3D38,H,00,Y,A,Q,W,-73.6,-40.9
1N5Q,B,00,Y,A,Q,W,-100.7,114.2
4NX0,F,00,Y,A,Q,W,-66.9,-38.6
4NXK,B,00,Y,A,Q,W,-66.4,-36.8
6MYJ,B,00,Y,A,Q,W,360.0,74.8
6D9C,A,00,Y,A,Q,W,-76.9,-37.4
1LQ9,B,00,Y,A,Q,W,-95.4,112.6
1N5S,A,00,Y,A,Q,W,-106.3,113.4
3C0R,A,00,Y,A,Q,W,-62.6,-45.0
5MQF,O,00,Y,A,Q,W,-65.6,-26.9
5LKI,C,00,Y,A,Q,W,-55.1,-18.0
5O64,H,00,Y,A,Q,W,-63.6,-47.0
6MYK,C,00,Y,A,Q,W,-66.4,-20.1
5V3S,A,00,Y,A,Q,W,-83.1,-10.3
1VRN,H,00,Y,A,Q,W,-66.6,-40.1
5Z58,J,00,Y,A,Q,W,-63.2,-44.8
6FF7,O,00,Y,A,Q,W,-65.0,-42.7
5L81,B,00,Y,A,Q,W,-58.5,-38.9
4NX0,A,00,Y,A,Q,W,-67.1,-36.1
4OEB,A,00,Y,A,Q,W,-64.5,-24.4
1M32,F,00,Y,A,Q,W,-68.0,-48.6
4NZF,E,00,Y,A,Q,W,-66.9,-37.0
6ID0,J,00,Y,A,Q,W,-69.0,-35.7
5AB7,E,00,Y,A,Q,W,-71.8,-35.5
5LKI,B,00,Y,A,Q,W,-55.2,-18.0
4NZF,H,00,Y,A,Q,W,-83.1,-56.1
3PZM,A,00,Y,A,Q,W,-53.5,-50.7
3TSZ,A,00,Y,A,Q,W,-66.4,-45.5
6MYK,B,00,Y,A,Q,W,-70.0,-11.7
2X5V,H,00,Y,A,Q,W,-69.1,-51.7
5M7K,D,00,Y,A,Q,W,-67.9,-40.0
5NJ4,H,00,Y,A,Q,W,-61.6,-44.0
6ID1,J,00,Y,A,Q,W,-70.0,-34.7
4NX0,B,00,Y,A,Q,W,-64.3,-38.9
3PZ9,A,00,Y,A,Q,W,-57.5,-49.3
6MYK,A,00,Y,A,Q,W,-65.0,-21.4
5AB7,D,00,Y,A,Q,W,-72.0,-35.5
5EQF,B,00,Y,A,Q,W,-65.2,-44.6
3IBV,A,00,Y,A,Q,W,-41.0,-57.3
3PZI,A,00,Y,A,Q,W,-56.2,-45.2
2R8P,B,00,Y,A,Q,W,-54.6,-42.3
5AB7,B,00,Y,A,Q,W,-71.8,-35.7
6ET5,H,00,Y,A,Q,W,-64.9,-48.7
1N5Q,A,00,Y,A,Q,W,-101.7,113.6
2FS5,B,00,Y,A,Q,W,-76.9,-26.6
5AB7,C,00,Y,A,Q,W,-72.0,-35.6
6D9D,A,00,Y,A,Q,W,-68.2,-40.6
1M32,D,00,Y,A,Q,W,-65.2,-49.1
1QGD,A,00,Y,A,Q,W,-59.5,-39.3
5M7L,D,00,Y,A,Q,W,-69.8,-42.3
2R8O,B,00,Y,A,Q,W,-56.0,-41.4
2R5N,A,00,Y,A,Q,W,-56.0,-43.6
5AB6,E,00,Y,A,Q,W,-68.9,-38.0
4XGK,A,00,Y,A,Q,W,-70.1,-45.8
5EQF,A,00,Y,A,Q,W,-63.7,-43.0
3PZQ,A,00,Y,A,Q,W,-56.0,-44.8
6ICZ,J,00,Y,A,Q,W,-72.1,-39.8
2FS5,A,00,Y,A,Q,W,-75.4,-30.8
3CC1,B,00,Y,A,Q,W,-64.2,-36.8
5UNG,B,00,Y,A,Q,W,-64.7,-47.5
4NZF,A,00,Y,A,Q,W,-63.4,-40.8
6D99,A,00,Y,A,Q,W,-66.8,-39.9
6D9E,A,00,Y,A,Q,W,-71.5,-44.5
5O4C,H,00,Y,A,Q,W,-58.5,-47.7
5PRC,H,00,Y,A,Q,W,-66.0,-47.8
1LQ9,A,00,Y,A,Q,W,-98.9,112.8
1N5S,B,00,Y,A,Q,W,-96.7,116.1
1N5V,A,00,Y,A,Q,W,-103.2,102.6
5AB5,A,00,Y,A,Q,W,-67.5,-34.5
5LKI,D,00,Y,A,Q,W,-55.2,-18.0
4NX0,E,00,Y,A,Q,W,-65.6,-39.7
3PRC,H,00,Y,A,Q,W,-67.3,-44.3
2R8O,A,00,Y,A,Q,W,-57.5,-41.7
3UC8,A,00,Y,A,Q,W,-62.0,-41.8
3UC8,B,00,Y,A,Q,W,-65.7,-37.3
2I5N,H,00,Y,A,Q,W,-65.0,-39.0
2WJM,H,00,Y,A,Q,W,-60.7,-44.6
6FF4,O,00,Y,A,Q,W,-70.6,-39.8
4NZF,D,00,Y,A,Q,W,-69.2,-39.4
1M32,A,00,Y,A,Q,W,-64.7,-52.1
6MYI,A,00,Y,A,Q,W,-147.3,179.0
2M7D,A,00,Y,A,Q,W,-69.3,-51.3
2M7D,A,01,Y,A,Q,W,-70.7,-54.2
2M7D,A,02,Y,A,Q,W,-63.2,-47.3
2M7D,A,03,Y,A,Q,W,-68.5,-52.3
2M7D,A,04,Y,A,Q,W,-61.5,-45.9
2M7D,A,05,Y,A,Q,W,-67.5,-52.2
2M7D,A,06,Y,A,Q,W,-66.8,-49.6
2M7D,A,07,Y,A,Q,W,-67.3,-50.4
2M7D,A,08,Y,A,Q,W,-66.6,-50.7
2M7D,A,09,Y,A,Q,W,-70.3,-54.3
2M7D,A,10,Y,A,Q,W,-67.1,-49.8
2M7D,A,11,Y,A,Q,W,-62.0,-46.6
2M7D,A,12,Y,A,Q,W,-66.6,-50.5
2M7D,A,13,Y,A,Q,W,-68.6,-51.3
2M7D,A,14,Y,A,Q,W,-67.4,-50.6
2M7D,A,15,Y,A,Q,W,-62.0,-46.6
2M7D,A,16,Y,A,Q,W,-66.6,-50.3
2M7D,A,17,Y,A,Q,W,-67.6,-50.4
2M7D,A,18,Y,A,Q,W,-68.5,-51.3
2M7D,A,19,Y,A,Q,W,-61.4,-46.1
2M7D,A,20,Y,A,Q,W,-67.7,-51.2
2M7D,A,21,Y,A,Q,W,-63.3,-47.8
2M7D,A,22,Y,A,Q,W,-69.8,-53.3
2M7D,A,23,Y,A,Q,W,-63.9,-48.5
2M7D,A,24,Y,A,Q,W,-69.0,-52.6
2M7D,A,25,Y,A,Q,W,-61.8,-46.9
2M7D,A,26,Y,A,Q,W,-61.3,-46.9
2M7D,A,27,Y,A,Q,W,-68.6,-52.1
2M7D,A,28,Y,A,Q,W,-67.8,-50.4
2M7D,A,29,Y,A,Q,W,-68.6,-51.6
5AB5,B,00,Y,A,Q,W,-67.2,-34.4
5AB6,F,00,Y,A,Q,W,-68.3,-38.4
1M32,B,00,Y,A,Q,W,-60.9,-51.9
2JOF,A,00,Y,A,Q,W,-63.1,-38.5
2JOF,A,01,Y,A,Q,W,-63.7,-37.3
2JOF,A,02,Y,A,Q,W,-65.0,-38.8
2JOF,A,03,Y,A,Q,W,-58.6,-33.6
2JOF,A,04,Y,A,Q,W,-58.1,-38.1
2JOF,A,05,Y,A,Q,W,-60.4,-32.1
2JOF,A,06,Y,A,Q,W,-63.3,-32.8
2JOF,A,07,Y,A,Q,W,-63.9,-36.6
2JOF,A,08,Y,A,Q,W,-58.3,-35.0
2JOF,A,09,Y,A,Q,W,-59.6,-34.9
2JOF,A,10,Y,A,Q,W,-64.1,-37.6
2JOF,A,11,Y,A,Q,W,-64.3,-34.6
2JOF,A,12,Y,A,Q,W,-60.7,-34.0
2JOF,A,13,Y,A,Q,W,-65.2,-38.8
2JOF,A,14,Y,A,Q,W,-58.7,-32.5
2JOF,A,15,Y,A,Q,W,-61.2,-39.9
2JOF,A,16,Y,A,Q,W,-56.5,-42.1
2JOF,A,17,Y,A,Q,W,-72.7,-34.7
2JOF,A,18,Y,A,Q,W,-57.9,-43.0
2JOF,A,19,Y,A,Q,W,-63.0,-36.8
2JOF,A,20,Y,A,Q,W,-68.3,-39.6
2JOF,A,21,Y,A,Q,W,-59.0,-35.4
2JOF,A,22,Y,A,Q,W,-63.8,-37.5
2JOF,A,23,Y,A,Q,W,-66.4,-37.6
2JOF,A,24,Y,A,Q,W,-62.1,-37.6
2JOF,A,25,Y,A,Q,W,-58.3,-35.4
2JOF,A,26,Y,A,Q,W,-61.0,-38.8
2JOF,A,27,Y,A,Q,W,-61.2,-41.4
