4NXK,D,00,Y,A,Q,W,-68.4,-17.7
4NZF,G,00,Y,A,Q,W,-72.1,-23.6
3IBV,B,00,Y,A,Q,W,-82.3,-3.3
1M32,E,00,Y,A,Q,W,-63.1,-45.4
3PZG,A,00,Y,A,Q,W,-66.5,-42.7
5V3S,B,00,Y,A,Q,W,-153.2,158.4
5AB6,A,00,Y,A,Q,W,-58.8,-44.5
4NZF,F,00,Y,A,Q,W,-59.7,-19.0
6D2E,A,00,Y,A,Q,W,-55.3,-53.5
3TSW,A,00,Y,A,Q,W,-86.3,35.0
2FT0,B,00,Y,A,Q,W,-56.7,-50.6
6A9W,A,00,Y,A,Q,W,-98.6,145.7
6JON,A,00,Y,A,Q,W,-102.4,143.1
5AB4,A,00,Y,A,Q,W,-64.4,-37.5
3ICQ,U,00,Y,A,Q,W,-99.1,-12.5
4OEB,C,00,Y,A,Q,W,-149.2,161.2
4AC5,H,00,Y,A,Q,W,-68.0,-16.7
5OSN,C,00,Y,A,Q,W,-138.7,162.8
3T6D,H,00,Y,A,Q,W,-61.7,-38.0
3UC7,F,00,Y,A,Q,W,-66.9,-44.2
6PRC,H,00,Y,A,Q,W,-60.9,-36.3
6MYK,D,00,Y,A,Q,W,-160.2,161.6
3UC7,D,00,Y,A,Q,W,-60.6,-43.3
6JOP,A,00,Y,A,Q,W,-101.5,146.8
3IF4,C,00,Y,A,Q,W,-68.1,-38.6
5L81,A,00,Y,A,Q,W,-65.2,-38.4
5LKI,E,00,Y,A,Q,W,-58.7,-47.4
6D2G,A,00,Y,A,Q,W,-64.8,-56.8
6MYJ,D,00,Y,A,Q,W,-162.8,157.6
1R2C,H,00,Y,A,Q,W,-54.2,-33.8
5M7J,D,00,Y,A,Q,W,-65.5,-39.3
3IF4,D,00,Y,A,Q,W,-63.9,-37.6
3UC7,A,00,Y,A,Q,W,-65.0,-43.2
3LH5,A,00,Y,A,Q,W,-96.5,-10.5
3CC1,A,00,Y,A,Q,W,-74.0,-3.7
4NX0,D,00,Y,A,Q,W,-69.4,-17.4
3C0R,C,00,Y,A,Q,W,-52.1,-46.7
5AB4,B,00,Y,A,Q,W,-71.0,-35.1
5UNF,A,00,Y,A,Q,W,-65.7,-41.8
3PZO,A,00,Y,A,Q,W,-63.5,-50.0
4CAS,D,00,Y,A,Q,W,-58.5,-41.0
2WJN,H,00,Y,A,Q,W,-65.0,-39.6
3IF4,B,00,Y,A,Q,W,-63.7,-39.7
1N5T,A,00,Y,A,Q,W,-137.0,148.8
2FT0,A,00,Y,A,Q,W,-57.3,-51.7
5UNH,B,00,Y,A,Q,W,-66.6,-41.9
5AB7,A,00,Y,A,Q,W,-67.1,-38.4
4NZF,B,00,Y,A,Q,W,-66.6,-19.7
6D37,A,00,Y,A,Q,W,-53.3,-43.5
6D37,A,01,Y,A,Q,W,-55.9,-43.6
6D37,A,02,Y,A,Q,W,-57.5,-41.9
6D37,A,03,Y,A,Q,W,-56.0,-43.5
6D37,A,04,Y,A,Q,W,-55.0,-43.6
6D37,A,05,Y,A,Q,W,-56.2,-42.3
6D37,A,06,Y,A,Q,W,-55.5,-43.9
6D37,A,07,Y,A,Q,W,-55.7,-43.0
6D37,A,08,Y,A,Q,W,-57.2,-42.9
6D37,A,09,Y,A,Q,W,-55.3,-42.9
6D37,A,10,Y,A,Q,W,-56.2,-43.6
6D37,A,11,Y,A,Q,W,-55.8,-43.7
6D37,A,12,Y,A,Q,W,-55.0,-44.5
6D37,A,13,Y,A,Q,W,-55.3,-43.3
6D37,A,14,Y,A,Q,W,-56.8,-43.5
6D37,A,15,Y,A,Q,W,-55.1,-42.7
6D37,A,16,Y,A,Q,W,-56.9,-44.0
6D37,A,17,Y,A,Q,W,-54.8,-43.3
6D37,A,18,Y,A,Q,W,-54.8,-43.8
6D37,A,19,Y,A,Q,W,-55.8,-42.3
6D37,A,20,Y,A,Q,W,-56.6,-42.1
6D37,A,21,Y,A,Q,W,-55.9,-43.0
6D37,A,22,Y,A,Q,W,-56.1,-43.2
6D37,A,23,Y,A,Q,W,-55.5,-41.9
6D37,A,24,Y,A,Q,W,-56.7,-42.5
6D37,A,25,Y,A,Q,W,-54.8,-43.2
6D37,A,26,Y,A,Q,W,-56.7,-41.8
6D37,A,27,Y,A,Q,W,-58.7,-44.2
6D37,A,28,Y,A,Q,W,-53.3,-43.8
6D37,A,29,Y,A,Q,W,-56.6,-43.4
6D37,A,30,Y,A,Q,W,-55.6,-42.7
6D37,A,31,Y,A,Q,W,-55.0,-43.3
6JOQ,A,00,Y,A,Q,W,-91.5,146.3
6D9B,A,00,Y,A,Q,W,-59.1,-53.7
3TSW,C,00,Y,A,Q,W,-77.1,0.9
2R5N,B,00,Y,A,Q,W,-86.4,-33.5
3UC7,C,00,Y,A,Q,W,-61.4,-47.7
3UC8,C,00,Y,A,Q,W,-59.8,-44.2
5AB6,C,00,Y,A,Q,W,-59.0,-44.4
5UNF,B,00,Y,A,Q,W,-69.1,-40.7
4NXK,G,00,Y,A,Q,W,-65.8,-20.5
4NXK,E,00,Y,A,Q,W,-66.3,-20.2
4NZF,C,00,Y,A,Q,W,-72.2,-23.4
2R8P,A,00,Y,A,Q,W,-87.6,-30.4
6MYI,C,00,Y,A,Q,W,-158.5,159.7
6MYI,D,00,Y,A,Q,W,-154.4,159.1
1N5T,B,00,Y,A,Q,W,-125.7,155.5
4NX0,C,00,Y,A,Q,W,-66.1,-22.8
6CFI,A,00,Y,A,Q,W,-113.6,52.6
2QSF,A,00,Y,A,Q,W,-113.5,50.3
1QGD,B,00,Y,A,Q,W,-86.9,-31.2
5HHT,B,00,Y,A,Q,W,-82.5,-27.1
4OEB,D,00,Y,A,Q,W,-149.2,155.2
7PRC,H,00,Y,A,Q,W,-60.3,-45.6
5BR7,A,00,Y,A,Q,W,-54.0,-53.0
1M32,C,00,Y,A,Q,W,-62.6,-47.1
3PZN,A,00,Y,A,Q,W,-64.4,-46.9
2M7C,A,00,Y,A,Q,W,-57.2,-47.6
2M7C,A,01,Y,A,Q,W,-57.9,-47.4
2M7C,A,02,Y,A,Q,W,-56.6,-48.0
2M7C,A,03,Y,A,Q,W,-55.4,-45.2
2M7C,A,04,Y,A,Q,W,-57.5,-45.0
2M7C,A,05,Y,A,Q,W,-57.2,-44.8
2M7C,A,06,Y,A,Q,W,-54.8,-46.0
2M7C,A,07,Y,A,Q,W,-55.2,-47.0
2M7C,A,08,Y,A,Q,W,-55.9,-44.4
2M7C,A,09,Y,A,Q,W,-57.7,-47.8
2M7C,A,10,Y,A,Q,W,-57.1,-44.3
2M7C,A,11,Y,A,Q,W,-54.5,-45.7
2M7C,A,12,Y,A,Q,W,-57.2,-48.2
2M7C,A,13,Y,A,Q,W,-55.4,-47.6
2M7C,A,14,Y,A,Q,W,-55.1,-48.2
2M7C,A,15,Y,A,Q,W,-56.8,-46.2
2M7C,A,16,Y,A,Q,W,-56.9,-49.0
2M7C,A,17,Y,A,Q,W,-55.9,-46.5
2M7C,A,18,Y,A,Q,W,-56.9,-45.8
2M7C,A,19,Y,A,Q,W,-57.6,-47.0
2M7C,A,20,Y,A,Q,W,-56.7,-47.9
2M7C,A,21,Y,A,Q,W,-56.5,-45.8
2M7C,A,22,Y,A,Q,W,-55.6,-47.6
2M7C,A,23,Y,A,Q,W,-55.9,-47.1
2M7C,A,24,Y,A,Q,W,-56.9,-46.3
2M7C,A,25,Y,A,Q,W,-56.0,-47.8
2M7C,A,26,Y,A,Q,W,-56.1,-47.2
2M7C,A,27,Y,A,Q,W,-55.1,-47.9
2M7C,A,28,Y,A,Q,W,-57.5,-48.3
2M7C,A,29,Y,A,Q,W,-56.9,-48.1
2M7C,A,30,Y,A,Q,W,-56.7,-46.5
2M7C,A,31,Y,A,Q,W,-55.2,-46.1
1N5V,B,00,Y,A,Q,W,-129.6,157.6
3ICQ,T,00,Y,A,Q,W,-71.9,-26.3
4YIR,A,00,Y,A,Q,W,-106.8,88.1
2QSG,A,00,Y,A,Q,W,-118.9,58.8
3UC7,B,00,Y,A,Q,W,-66.2,-43.5
3IF4,A,00,Y,A,Q,W,-61.0,-36.8
5XJM,A,00,Y,A,Q,W,-66.3,-36.8
4NXK,A,00,Y,A,Q,W,-68.0,-22.2
3SHW,A,00,Y,A,Q,W,-93.4,-14.6
2LL5,A,00,Y,A,Q,W,-58.6,-45.3
2LL5,A,01,Y,A,Q,W,-58.0,-47.4
2LL5,A,02,Y,A,Q,W,-56.9,-43.9
2LL5,A,03,Y,A,Q,W,-58.5,-46.7
2LL5,A,04,Y,A,Q,W,-59.3,-43.5
2LL5,A,05,Y,A,Q,W,-58.2,-45.1
2LL5,A,06,Y,A,Q,W,-58.1,-45.2
2LL5,A,07,Y,A,Q,W,-58.6,-48.5
2LL5,A,08,Y,A,Q,W,-58.6,-46.1
2LL5,A,09,Y,A,Q,W,-59.4,-46.1
2LL5,A,10,Y,A,Q,W,-57.3,-47.6
2LL5,A,11,Y,A,Q,W,-59.2,-45.2
2LL5,A,12,Y,A,Q,W,-58.7,-46.3
2LL5,A,13,Y,A,Q,W,-57.9,-47.6
2LL5,A,14,Y,A,Q,W,-58.2,-48.1
2LL5,A,15,Y,A,Q,W,-60.2,-44.3
2LL5,A,16,Y,A,Q,W,-58.1,-46.8
2LL5,A,17,Y,A,Q,W,-58.7,-44.8
2LL5,A,18,Y,A,Q,W,-57.2,-45.3
2LL5,A,19,Y,A,Q,W,-58.2,-46.8
2LL5,A,20,Y,A,Q,W,-58.3,-43.6
2LL5,A,21,Y,A,Q,W,-59.7,-41.9
2LL5,A,22,Y,A,Q,W,-60.8,-46.0
2LL5,A,23,Y,A,Q,W,-59.4,-47.7
2LL5,A,24,Y,A,Q,W,-58.3,-46.9
2LL5,A,25,Y,A,Q,W,-59.8,-46.3
2LL5,A,26,Y,A,Q,W,-58.1,-43.2
2LL5,A,27,Y,A,Q,W,-58.0,-47.1
2LL5,A,28,Y,A,Q,W,-58.3,-45.3
2LL5,A,29,Y,A,Q,W,-57.7,-47.9
2LL5,A,30,Y,A,Q,W,-59.5,-46.7
2LL5,A,31,Y,A,Q,W,-58.4,-44.4
2LL5,A,32,Y,A,Q,W,-58.6,-44.9
3UC7,E,00,Y,A,Q,W,-62.9,-41.8
3T6E,H,00,Y,A,Q,W,-61.1,-38.8
5AB6,B,00,Y,A,Q,W,-58.9,-44.6
5AB6,D,00,Y,A,Q,W,-58.5,-44.7
4NXK,C,00,Y,A,Q,W,-68.0,-22.2
6MYJ,A,00,Y,A,Q,W,-156.3,160.4
2X5U,H,00,Y,A,Q,W,-62.1,-36.2
5AB7,F,00,Y,A,Q,W,-66.8,-38.2
5LKI,A,00,Y,A,Q,W,-58.8,-47.4
4NX0,H,00,Y,A,Q,W,-66.8,-18.1
4NXK,F,00,Y,A,Q,W,-68.9,-19.0
4XGK,B,00,Y,A,Q,W,-43.2,-44.9
2QSH,A,00,Y,A,Q,W,-113.6,52.3
4OEB,B,00,Y,A,Q,W,-147.7,157.5
5HHT,A,00,Y,A,Q,W,-86.9,-22.7
3G7F,H,00,Y,A,Q,W,-61.4,-32.6
3BY4,A,00,Y,A,Q,W,-60.1,-41.9
4NXK,H,00,Y,A,Q,W,-67.3,-17.9
2PRC,H,00,Y,A,Q,W,-54.1,-48.2
5UNH,A,00,Y,A,Q,W,-66.5,-41.8
4NX0,G,00,Y,A,Q,W,-67.7,-19.6
6D9A,A,00,Y,A,Q,W,-58.8,-59.3
1DXR,H,00,Y,A,Q,W,-61.6,-41.1
5Z58,Z,00,Y,A,Q,W,-82.7,-37.7
1PRC,H,00,Y,A,Q,W,-58.6,-49.5
2JBL,H,00,Y,A,Q,W,-63.8,-36.5
3D38,H,00,Y,A,Q,W,-67.8,-34.3
1N5Q,B,00,Y,A,Q,W,-128.0,158.6
4NX0,F,00,Y,A,Q,W,-65.6,-21.0
4NXK,B,00,Y,A,Q,W,-65.6,-18.7
6MYJ,B,00,Y,A,Q,W,-160.4,159.9
6D9C,A,00,Y,A,Q,W,-67.4,-60.3
1LQ9,B,00,Y,A,Q,W,-135.4,155.7
1N5S,A,00,Y,A,Q,W,-131.4,153.0
3C0R,A,00,Y,A,Q,W,-53.4,-58.4
5MQF,O,00,Y,A,Q,W,-63.2,-34.7
5LKI,C,00,Y,A,Q,W,-58.8,-47.4
5O64,H,00,Y,A,Q,W,-60.1,-42.7
6MYK,C,00,Y,A,Q,W,-153.7,156.2
5V3S,A,00,Y,A,Q,W,-157.4,155.6
1VRN,H,00,Y,A,Q,W,-61.9,-35.4
5Z58,J,00,Y,A,Q,W,-66.2,-44.5
6FF7,O,00,Y,A,Q,W,-66.3,-37.8
5L81,B,00,Y,A,Q,W,-67.6,-40.5
4NX0,A,00,Y,A,Q,W,-68.8,-20.5
4OEB,A,00,Y,A,Q,W,-147.2,159.3
1M32,F,00,Y,A,Q,W,-61.2,-46.9
4NZF,E,00,Y,A,Q,W,-73.5,-20.0
6ID0,J,00,Y,A,Q,W,-64.5,-37.2
5AB7,E,00,Y,A,Q,W,-66.9,-38.5
5LKI,B,00,Y,A,Q,W,-58.8,-47.4
4NZF,H,00,Y,A,Q,W,-63.3,-13.2
3PZM,A,00,Y,A,Q,W,-65.7,-46.4
3TSZ,A,00,Y,A,Q,W,-102.9,2.6
6MYK,B,00,Y,A,Q,W,-150.6,157.1
2X5V,H,00,Y,A,Q,W,-67.2,-36.0
5M7K,D,00,Y,A,Q,W,-65.4,-39.8
5NJ4,H,00,Y,A,Q,W,-56.5,-40.0
6ID1,J,00,Y,A,Q,W,-66.8,-33.8
4NX0,B,00,Y,A,Q,W,-65.4,-18.4
3PZ9,A,00,Y,A,Q,W,-64.4,-48.2
6MYK,A,00,Y,A,Q,W,-157.8,157.3
5AB7,D,00,Y,A,Q,W,-67.1,-38.4
5EQF,B,00,Y,A,Q,W,-54.5,-53.3
3IBV,A,00,Y,A,Q,W,-82.3,-6.1
3PZI,A,00,Y,A,Q,W,-66.1,-47.0
2R8P,B,00,Y,A,Q,W,-84.8,-31.1
5AB7,B,00,Y,A,Q,W,-66.9,-38.2
6ET5,H,00,Y,A,Q,W,-50.5,-51.1
1N5Q,A,00,Y,A,Q,W,-133.5,148.2
2FS5,B,00,Y,A,Q,W,-57.3,-52.3
5AB7,C,00,Y,A,Q,W,-66.9,-38.3
6D9D,A,00,Y,A,Q,W,-61.0,-52.9
1M32,D,00,Y,A,Q,W,-65.9,-49.1
1QGD,A,00,Y,A,Q,W,-92.3,-26.3
5M7L,D,00,Y,A,Q,W,-66.2,-41.8
2R8O,B,00,Y,A,Q,W,-86.0,-28.9
2R5N,A,00,Y,A,Q,W,-85.6,-30.8
5AB6,E,00,Y,A,Q,W,-59.2,-44.4
4XGK,A,00,Y,A,Q,W,-61.9,-47.4
5EQF,A,00,Y,A,Q,W,-55.8,-53.6
3PZQ,A,00,Y,A,Q,W,-63.2,-46.8
6ICZ,J,00,Y,A,Q,W,-63.4,-44.1
2FS5,A,00,Y,A,Q,W,-56.7,-53.7
3CC1,B,00,Y,A,Q,W,-81.8,1.0
5UNG,B,00,Y,A,Q,W,-68.4,-40.5
4NZF,A,00,Y,A,Q,W,-67.7,-28.7
6D99,A,00,Y,A,Q,W,-57.0,-53.2
6D9E,A,00,Y,A,Q,W,-66.0,-52.3
5O4C,H,00,Y,A,Q,W,-62.8,-39.6
5PRC,H,00,Y,A,Q,W,-56.9,-32.3
1LQ9,A,00,Y,A,Q,W,-131.0,154.5
1N5S,B,00,Y,A,Q,W,-133.0,152.7
1N5V,A,00,Y,A,Q,W,-132.8,151.8
5AB5,A,00,Y,A,Q,W,-67.9,-40.8
5LKI,D,00,Y,A,Q,W,-58.8,-47.4
4NX0,E,00,Y,A,Q,W,-64.4,-21.5
3PRC,H,00,Y,A,Q,W,-70.3,-37.5
2R8O,A,00,Y,A,Q,W,-85.3,-30.8
3UC8,A,00,Y,A,Q,W,-56.7,-45.7
3UC8,B,00,Y,A,Q,W,-62.9,-42.2
2I5N,H,00,Y,A,Q,W,-63.4,-40.0
2WJM,H,00,Y,A,Q,W,-62.9,-38.6
6FF4,O,00,Y,A,Q,W,-65.9,-45.5
4NZF,D,00,Y,A,Q,W,-73.1,-13.9
1M32,A,00,Y,A,Q,W,-62.2,-49.1
6MYI,A,00,Y,A,Q,W,-163.4,157.4
2M7D,A,00,Y,A,Q,W,-60.7,-49.2
2M7D,A,01,Y,A,Q,W,-60.1,-48.8
2M7D,A,02,Y,A,Q,W,-60.0,-49.7
2M7D,A,03,Y,A,Q,W,-60.9,-49.1
2M7D,A,04,Y,A,Q,W,-60.7,-48.8
2M7D,A,05,Y,A,Q,W,-60.4,-48.5
2M7D,A,06,Y,A,Q,W,-60.5,-48.9
2M7D,A,07,Y,A,Q,W,-61.6,-49.1
2M7D,A,08,Y,A,Q,W,-61.3,-49.0
2M7D,A,09,Y,A,Q,W,-59.5,-49.1
2M7D,A,10,Y,A,Q,W,-60.9,-48.8
2M7D,A,11,Y,A,Q,W,-61.2,-49.0
2M7D,A,12,Y,A,Q,W,-60.1,-49.0
2M7D,A,13,Y,A,Q,W,-61.0,-48.9
2M7D,A,14,Y,A,Q,W,-61.7,-49.0
2M7D,A,15,Y,A,Q,W,-60.0,-49.1
2M7D,A,16,Y,A,Q,W,-59.9,-48.6
2M7D,A,17,Y,A,Q,W,-60.8,-48.7
2M7D,A,18,Y,A,Q,W,-60.8,-48.6
2M7D,A,19,Y,A,Q,W,-61.7,-49.0
2M7D,A,20,Y,A,Q,W,-59.9,-48.6
2M7D,A,21,Y,A,Q,W,-60.9,-49.0
2M7D,A,22,Y,A,Q,W,-61.0,-48.7
2M7D,A,23,Y,A,Q,W,-61.2,-48.9
2M7D,A,24,Y,A,Q,W,-60.8,-48.8
2M7D,A,25,Y,A,Q,W,-61.8,-48.5
2M7D,A,26,Y,A,Q,W,-61.1,-48.9
2M7D,A,27,Y,A,Q,W,-60.6,-49.0
2M7D,A,28,Y,A,Q,W,-59.6,-49.1
2M7D,A,29,Y,A,Q,W,-61.2,-48.9
5AB5,B,00,Y,A,Q,W,-68.8,-37.9
5AB6,F,00,Y,A,Q,W,-59.0,-44.6
1M32,B,00,Y,A,Q,W,-69.0,-47.4
2JOF,A,00,Y,A,Q,W,-47.3,-50.3
2JOF,A,01,Y,A,Q,W,-51.2,-52.6
2JOF,A,02,Y,A,Q,W,-53.3,-47.5
2JOF,A,03,Y,A,Q,W,-47.9,-50.5
2JOF,A,04,Y,A,Q,W,-49.7,-52.1
2JOF,A,05,Y,A,Q,W,-51.9,-51.1
2JOF,A,06,Y,A,Q,W,-48.5,-49.3
2JOF,A,07,Y,A,Q,W,-52.1,-51.5
2JOF,A,08,Y,A,Q,W,-52.2,-55.2
2JOF,A,09,Y,A,Q,W,-48.0,-52.5
2JOF,A,10,Y,A,Q,W,-58.3,-52.1
2JOF,A,11,Y,A,Q,W,-53.9,-47.7
2JOF,A,12,Y,A,Q,W,-50.2,-48.8
2JOF,A,13,Y,A,Q,W,-51.9,-48.1
2JOF,A,14,Y,A,Q,W,-51.0,-49.8
2JOF,A,15,Y,A,Q,W,-51.1,-48.6
2JOF,A,16,Y,A,Q,W,-50.7,-50.5
2JOF,A,17,Y,A,Q,W,-49.8,-51.5
2JOF,A,18,Y,A,Q,W,-51.1,-49.8
2JOF,A,19,Y,A,Q,W,-49.9,-47.8
2JOF,A,20,Y,A,Q,W,-52.2,-46.9
2JOF,A,21,Y,A,Q,W,-54.5,-44.1
2JOF,A,22,Y,A,Q,W,-50.3,-50.8
2JOF,A,23,Y,A,Q,W,-53.5,-49.5
2JOF,A,24,Y,A,Q,W,-49.8,-51.6
2JOF,A,25,Y,A,Q,W,-53.9,-47.7
2JOF,A,26,Y,A,Q,W,-50.0,-50.4
2JOF,A,27,Y,A,Q,W,-53.7,-51.0
4QYJ,H,00,A,Q,W,L,-72.1,-33.6
4IYO,B,00,A,Q,W,L,-67.3,-41.4
4AUK,B,00,A,Q,W,L,-50.2,-46.8
2YBU,C,00,A,Q,W,L,-62.9,-39.9
4JA4,A,00,A,Q,W,L,-71.9,-28.7
1S0F,A,00,A,Q,W,L,-58.8,-47.1
5YQ7,B,00,A,Q,W,L,-72.5,-20.2
4XA9,D,00,A,Q,W,L,-63.5,-46.9
3RYB,A,00,A,Q,W,L,-86.1,-11.8
4PBZ,A,00,A,Q,W,L,-73.7,139.1
5YQ7,I,00,A,Q,W,L,-64.0,-36.8
6BW3,C,00,A,Q,W,L,-62.4,132.5
3GWY,B,00,A,Q,W,L,-95.2,113.5
3FXY,B,00,A,Q,W,L,-58.4,-48.7
6D37,A,00,A,Q,W,L,-53.3,-43.5
6D37,A,01,A,Q,W,L,-55.9,-43.6
6D37,A,02,A,Q,W,L,-57.5,-41.9
6D37,A,03,A,Q,W,L,-56.0,-43.5
6D37,A,04,A,Q,W,L,-55.0,-43.6
6D37,A,05,A,Q,W,L,-56.2,-42.3
6D37,A,06,A,Q,W,L,-55.5,-43.9
6D37,A,07,A,Q,W,L,-55.7,-43.0
6D37,A,08,A,Q,W,L,-57.2,-42.9
6D37,A,09,A,Q,W,L,-55.3,-42.9
6D37,A,10,A,Q,W,L,-56.2,-43.6
6D37,A,11,A,Q,W,L,-55.8,-43.7
6D37,A,12,A,Q,W,L,-55.0,-44.5
6D37,A,13,A,Q,W,L,-55.3,-43.3
6D37,A,14,A,Q,W,L,-56.8,-43.5
6D37,A,15,A,Q,W,L,-55.1,-42.7
6D37,A,16,A,Q,W,L,-56.9,-44.0
6D37,A,17,A,Q,W,L,-54.8,-43.3
6D37,A,18,A,Q,W,L,-54.8,-43.8
6D37,A,19,A,Q,W,L,-55.8,-42.3
6D37,A,20,A,Q,W,L,-56.6,-42.1
6D37,A,21,A,Q,W,L,-55.9,-43.0
6D37,A,22,A,Q,W,L,-56.1,-43.2
6D37,A,23,A,Q,W,L,-55.5,-41.9
6D37,A,24,A,Q,W,L,-56.7,-42.5
6D37,A,25,A,Q,W,L,-54.8,-43.2
6D37,A,26,A,Q,W,L,-56.7,-41.8
6D37,A,27,A,Q,W,L,-58.7,-44.2
6D37,A,28,A,Q,W,L,-53.3,-43.8
6D37,A,29,A,Q,W,L,-56.6,-43.4
6D37,A,30,A,Q,W,L,-55.6,-42.7
6D37,A,31,A,Q,W,L,-55.0,-43.3
4QP5,A,00,A,Q,W,L,-63.6,-23.4
5Y1U,A,00,A,Q,W,L,-60.3,130.0
1IYN,A,00,A,Q,W,L,-71.4,9.8
5YQ7,U,00,A,Q,W,L,-38.9,-44.9
4R7A,B,00,A,Q,W,L,-68.1,134.9
5LD2,B,00,A,Q,W,L,-52.9,-46.1
4WEP,A,00,A,Q,W,L,-62.0,-42.9
5VE5,B,00,A,Q,W,L,-64.8,-37.8
2F11,A,00,A,Q,W,L,-121.9,168.6
2YBT,F,00,A,Q,W,L,-52.1,-45.3
1SU1,D,00,A,Q,W,L,-133.9,152.2
5KB6,B,00,A,Q,W,L,-59.6,-44.9
2FUK,A,00,A,Q,W,L,-132.0,129.1
5HMP,B,00,A,Q,W,L,-95.6,8.0
1R2C,H,00,A,Q,W,L,-54.2,-33.8
4QYJ,F,00,A,Q,W,L,-71.2,-39.6
3WWT,A,00,A,Q,W,L,-60.1,-50.3
4QYJ,B,00,A,Q,W,L,-71.2,-39.6
4NT9,B,00,A,Q,W,L,-60.1,-46.5
3LOU,D,00,A,Q,W,L,-77.3,-25.6
3E6G,B,00,A,Q,W,L,-67.5,-47.6
3E6G,A,00,A,Q,W,L,-71.8,-39.9
3DRF,A,00,A,Q,W,L,-85.4,-9.7
2WJM,H,00,A,Q,W,L,-62.9,-38.6
4XA9,F,00,A,Q,W,L,-60.1,-47.1
3K70,E,00,A,Q,W,L,-47.5,-48.5
6D9D,A,00,A,Q,W,L,-61.0,-52.9
4PIV,A,00,A,Q,W,L,-53.7,-48.8
6N3I,A,00,A,Q,W,L,-61.9,-30.8
1F31,A,00,A,Q,W,L,-61.6,-51.1
2PRC,H,00,A,Q,W,L,-54.1,-48.2
5N9Y,B,00,A,Q,W,L,-64.5,-29.5
3K70,F,00,A,Q,W,L,-59.9,-44.2
2F28,A,00,A,Q,W,L,-120.2,165.0
3FXY,A,00,A,Q,W,L,-56.1,-45.4
2VFR,A,00,A,Q,W,L,-54.6,-36.3
1S0D,A,00,A,Q,W,L,-64.9,-47.6
2QAR,D,00,A,Q,W,L,-63.2,-38.5
1SU1,A,00,A,Q,W,L,-137.0,155.4
2YBT,B,00,A,Q,W,L,-50.8,-43.6
6C23,N,00,A,Q,W,L,-70.8,-179.5
3IF4,D,00,A,Q,W,L,-63.9,-37.6
3PRC,H,00,A,Q,W,L,-70.3,-37.5
4AC5,H,00,A,Q,W,L,-68.0,-16.7
5O4C,H,00,A,Q,W,L,-62.8,-39.6
2QAR,E,00,A,Q,W,L,-61.2,-42.8
5N9Y,A,00,A,Q,W,L,-68.8,-56.5
6H55,A,00,A,Q,W,L,-55.2,-40.4
3UC7,A,00,A,Q,W,L,-65.0,-43.2
4LXC,C,00,A,Q,W,L,-66.3,-32.8
1S0C,A,00,A,Q,W,L,-58.9,-50.2
4NZ6,A,00,A,Q,W,L,-71.5,-38.8
2VFS,A,00,A,Q,W,L,-54.7,-38.8
1G9A,A,00,A,Q,W,L,-60.0,-51.4
2F25,A,00,A,Q,W,L,-116.6,167.2
4FJQ,A,00,A,Q,W,L,-57.6,-49.6
4IY7,D,00,A,Q,W,L,-68.7,-39.6
4PIV,B,00,A,Q,W,L,-54.0,-48.9
5YQ7,0,00,A,Q,W,L,-43.8,-38.9
5YQ7,Q,00,A,Q,W,L,-56.9,-18.4
4NQ1,B,00,A,Q,W,L,-63.6,-44.8
6D99,A,00,A,Q,W,L,-57.0,-53.2
2X79,A,00,A,Q,W,L,-65.2,-12.6
4IY7,C,00,A,Q,W,L,-66.4,-43.7
1E9L,A,00,A,Q,W,L,-62.1,-35.3
3ZUQ,A,00,A,Q,W,L,-56.9,-45.7
3T6E,H,00,A,Q,W,L,-61.1,-38.8
1JI7,B,00,A,Q,W,L,-64.6,-43.8
3G7F,H,00,A,Q,W,L,-61.4,-32.6
6BW4,C,00,A,Q,W,L,-66.0,133.6
3CZE,A,00,A,Q,W,L,-58.6,-46.6
5N9Y,C,00,A,Q,W,L,-65.9,-28.0
1T9M,B,00,A,Q,W,L,-48.4,-50.5
2F25,B,00,A,Q,W,L,-122.6,171.6
3UC8,B,00,A,Q,W,L,-62.9,-42.2
5YQ7,K,00,A,Q,W,L,-37.9,-44.4
3IF4,C,00,A,Q,W,L,-68.1,-38.6
6G5G,B,00,A,Q,W,L,-58.6,-48.8
4GBZ,A,00,A,Q,W,L,-76.4,-28.1
3GFC,A,00,A,Q,W,L,-69.3,136.3
5XXQ,B,00,A,Q,W,L,-65.7,138.2
2QB0,A,00,A,Q,W,L,-63.2,-46.5
1SU1,B,00,A,Q,W,L,-136.8,152.9
2XU7,A,00,A,Q,W,L,-72.3,130.3
1W36,F,00,A,Q,W,L,-49.9,-42.4
6D9A,A,00,A,Q,W,L,-58.8,-59.3
4IXS,A,00,A,Q,W,L,-69.8,-36.8
2M7D,A,00,A,Q,W,L,-60.7,-49.2
2M7D,A,01,A,Q,W,L,-60.1,-48.8
2M7D,A,02,A,Q,W,L,-60.0,-49.7
2M7D,A,03,A,Q,W,L,-60.9,-49.1
2M7D,A,04,A,Q,W,L,-60.7,-48.8
2M7D,A,05,A,Q,W,L,-60.4,-48.5
2M7D,A,06,A,Q,W,L,-60.5,-48.9
2M7D,A,07,A,Q,W,L,-61.6,-49.1
2M7D,A,08,A,Q,W,L,-61.3,-49.0
2M7D,A,09,A,Q,W,L,-59.5,-49.1
2M7D,A,10,A,Q,W,L,-60.9,-48.8
2M7D,A,11,A,Q,W,L,-61.2,-49.0
2M7D,A,12,A,Q,W,L,-60.1,-49.0
2M7D,A,13,A,Q,W,L,-61.0,-48.9
2M7D,A,14,A,Q,W,L,-61.7,-49.0
2M7D,A,15,A,Q,W,L,-60.0,-49.1
2M7D,A,16,A,Q,W,L,-59.9,-48.6
2M7D,A,17,A,Q,W,L,-60.8,-48.7
2M7D,A,18,A,Q,W,L,-60.8,-48.6
2M7D,A,19,A,Q,W,L,-61.7,-49.0
2M7D,A,20,A,Q,W,L,-59.9,-48.6
2M7D,A,21,A,Q,W,L,-60.9,-49.0
2M7D,A,22,A,Q,W,L,-61.0,-48.7
2M7D,A,23,A,Q,W,L,-61.2,-48.9
2M7D,A,24,A,Q,W,L,-60.8,-48.8
2M7D,A,25,A,Q,W,L,-61.8,-48.5
2M7D,A,26,A,Q,W,L,-61.1,-48.9
2M7D,A,27,A,Q,W,L,-60.6,-49.0
2M7D,A,28,A,Q,W,L,-59.6,-49.1
2M7D,A,29,A,Q,W,L,-61.2,-48.9
5YQ7,W,00,A,Q,W,L,-45.0,-36.0
5HMP,A,00,A,Q,W,L,-97.2,10.0
1S0E,A,00,A,Q,W,L,-59.5,-46.8
6D2G,A,00,A,Q,W,L,-64.8,-56.8
4NZ6,B,00,A,Q,W,L,-65.6,-36.5
4JA3,B,00,A,Q,W,L,-68.9,-28.3
4GBY,A,00,A,Q,W,L,-68.8,-29.1
4GC0,A,00,A,Q,W,L,-68.3,-28.9
5M7L,D,00,A,Q,W,L,-66.2,-41.8
1LKY,B,00,A,Q,W,L,-61.4,-44.3
4NT9,A,00,A,Q,W,L,-55.0,-44.6
4KH9,A,00,A,Q,W,L,-83.7,129.1
6BW3,A,00,A,Q,W,L,-63.9,133.5
4PBY,B,00,A,Q,W,L,-67.7,141.0
4XA9,G,00,A,Q,W,L,-62.3,-43.7
6H6G,A,00,A,Q,W,L,-91.6,111.8
2X5V,H,00,A,Q,W,L,-67.2,-36.0
3C99,A,00,A,Q,W,L,-75.0,147.8
3V8H,D,00,A,Q,W,L,-70.4,-39.5
3K70,B,00,A,Q,W,L,-45.8,-50.2
4OXD,A,00,A,Q,W,L,-55.2,-44.7
6P0X,B,00,A,Q,W,L,-100.6,113.0
2BH1,B,00,A,Q,W,L,-81.7,1.5
4D1B,A,00,A,Q,W,L,-68.1,-45.4
1RU0,A,00,A,Q,W,L,-58.4,147.6
1YVL,A,00,A,Q,W,L,-70.3,-46.6
4G2U,B,00,A,Q,W,L,-138.5,133.4
1W36,B,00,A,Q,W,L,-59.5,-51.9
4OXD,B,00,A,Q,W,L,-60.0,-39.7
5YQ7,O,00,A,Q,W,L,-95.5,-46.6
5Z51,A,00,A,Q,W,L,-67.6,-44.6
2F29,B,00,A,Q,W,L,-119.7,178.4
4B17,A,00,A,Q,W,L,-49.5,-46.5
4NZ7,A,00,A,Q,W,L,-61.2,-32.4
2VFT,A,00,A,Q,W,L,-55.5,-36.0
2YBT,A,00,A,Q,W,L,-56.7,-42.9
2YBT,D,00,A,Q,W,L,-59.2,-36.0
5KB5,A,00,A,Q,W,L,-57.3,-42.7
2XHL,B,00,A,Q,W,L,-65.1,-48.4
4QIQ,A,00,A,Q,W,L,-64.7,-44.1
2YBU,B,00,A,Q,W,L,-60.8,-41.6
5FV0,A,00,A,Q,W,L,-68.9,-39.5
3LOU,B,00,A,Q,W,L,-77.0,-26.7
3P2Y,A,00,A,Q,W,L,-90.6,117.6
6G5F,B,00,A,Q,W,L,-60.2,-52.4
2F29,A,00,A,Q,W,L,-122.3,169.0
2F27,B,00,A,Q,W,L,-117.0,168.1
2YBU,E,00,A,Q,W,L,-64.7,-37.8
6ET5,H,00,A,Q,W,L,-50.5,-51.1
2XYI,A,00,A,Q,W,L,-69.3,138.2
1G9C,A,00,A,Q,W,L,-58.9,-54.8
1SO7,A,00,A,Q,W,L,-120.0,165.1
5Y1U,B,00,A,Q,W,L,-67.7,135.3
3HMB,C,00,A,Q,W,L,-67.2,-50.5
3LOU,A,00,A,Q,W,L,-76.3,-27.4
4IXZ,C,00,A,Q,W,L,-64.2,-43.1
3RM4,A,00,A,Q,W,L,-57.6,-48.5
3RME,B,00,A,Q,W,L,-59.3,-47.5
5YQ7,G,00,A,Q,W,L,-51.1,-34.9
5XWR,A,00,A,Q,W,L,-66.6,144.0
4JA4,B,00,A,Q,W,L,-72.2,-28.1
2YBT,C,00,A,Q,W,L,-61.3,-41.8
4ZG4,E,00,A,Q,W,L,-96.2,3.5
4NCS,A,00,A,Q,W,L,-108.3,168.8
3RM8,A,00,A,Q,W,L,-61.5,-44.5
2YB8,B,00,A,Q,W,L,-70.0,138.0
3E6G,C,00,A,Q,W,L,-57.8,-53.9
1JI7,C,00,A,Q,W,L,-61.7,-42.4
4XA9,A,00,A,Q,W,L,-69.7,-44.6
3GWY,A,00,A,Q,W,L,-94.8,112.8
2F13,A,00,A,Q,W,L,-119.7,172.0
3UC8,C,00,A,Q,W,L,-59.8,-44.2
5YQ7,E,00,A,Q,W,L,-47.3,-37.9
7PRC,H,00,A,Q,W,L,-60.3,-45.6
3CZL,A,00,A,Q,W,L,-58.0,-44.5
6P0X,A,00,A,Q,W,L,-101.3,113.3
4D1D,A,00,A,Q,W,L,-68.1,-45.0
6RAO,I,00,A,Q,W,L,-65.0,-47.2
4QPB,A,00,A,Q,W,L,-67.1,-30.5
5YQ7,2,00,A,Q,W,L,-62.7,-48.4
4IXZ,B,00,A,Q,W,L,-65.4,-41.3
4ITS,A,00,A,Q,W,L,-58.8,-44.3
4LYA,A,00,A,Q,W,L,-66.6,-43.9
2VZ9,B,00,A,Q,W,L,-52.0,-37.1
4G2U,A,00,A,Q,W,L,-127.5,121.1
1YF5,L,00,A,Q,W,L,-102.9,36.5
2YBU,A,00,A,Q,W,L,-53.0,-44.6
2QAR,A,00,A,Q,W,L,-63.1,-38.2
4J37,A,00,A,Q,W,L,-61.1,-41.5
5FXY,G,00,A,Q,W,L,-76.9,133.3
2YBT,E,00,A,Q,W,L,-65.3,-42.7
1YVL,B,00,A,Q,W,L,-69.6,-46.9
5FXY,E,00,A,Q,W,L,-76.6,129.1
5WAI,A,00,A,Q,W,L,-76.2,137.6
3CZG,A,00,A,Q,W,L,-63.0,-44.2
5VE4,C,00,A,Q,W,L,-56.2,-43.9
5VE3,B,00,A,Q,W,L,-58.9,-47.3
2QB1,A,00,A,Q,W,L,-75.5,-35.0
6G16,A,00,A,Q,W,L,-71.2,135.5
3T6D,H,00,A,Q,W,L,-61.7,-38.0
5VE3,A,00,A,Q,W,L,-65.7,-45.9
3FY1,A,00,A,Q,W,L,-59.6,-44.0
3UC7,F,00,A,Q,W,L,-66.9,-44.2
1DXR,H,00,A,Q,W,L,-61.6,-41.1
5MBV,B,00,A,Q,W,L,-68.2,-40.5
4D0Y,B,00,A,Q,W,L,-53.8,-48.5
4TUF,A,00,A,Q,W,L,-57.8,-53.9
3FY1,B,00,A,Q,W,L,-61.0,-43.3
5C37,A,00,A,Q,W,L,-64.8,-45.0
5YQ7,6,00,A,Q,W,L,-62.0,-40.2
3EAT,X,00,A,Q,W,L,-65.9,-44.6
4OX5,A,00,A,Q,W,L,-52.2,-49.5
4IQM,A,00,A,Q,W,L,-65.6,-42.8
1G9B,A,00,A,Q,W,L,-62.0,-48.2
6G16,C,00,A,Q,W,L,-68.6,138.4
1T9M,A,00,A,Q,W,L,-50.6,-50.0
2WJN,H,00,A,Q,W,L,-65.0,-39.6
5XXQ,A,00,A,Q,W,L,-64.8,136.5
4O9X,A,00,A,Q,W,L,-104.0,113.3
5VE4,A,00,A,Q,W,L,-56.3,-43.8
5YQ7,8,00,A,Q,W,L,-47.4,-32.8
1VRN,H,00,A,Q,W,L,-61.9,-35.4
4QYJ,G,00,A,Q,W,L,-72.3,-33.5
3WCY,A,00,A,Q,W,L,-119.2,146.2
4XGK,B,00,A,Q,W,L,-43.2,-44.9
4IY7,B,00,A,Q,W,L,-70.1,-40.2
1SNT,A,00,A,Q,W,L,-119.3,165.1
4JA3,A,00,A,Q,W,L,-69.3,-28.0
1SU1,C,00,A,Q,W,L,-133.1,158.7
4QYJ,D,00,A,Q,W,L,-72.2,-33.6
4OXD,D,00,A,Q,W,L,-63.5,-42.9
4IYO,A,00,A,Q,W,L,-70.4,-43.1
2F24,A,00,A,Q,W,L,-120.0,165.7
5FV0,B,00,A,Q,W,L,-68.9,-37.8
1G9D,A,00,A,Q,W,L,-56.7,-54.5
3DRK,A,00,A,Q,W,L,-85.4,-14.0
4YLM,X,00,A,Q,W,L,-66.6,-44.9
4PC0,A,00,A,Q,W,L,-68.5,135.6
2YBA,A,00,A,Q,W,L,-70.4,135.6
3RDR,A,00,A,Q,W,L,-64.8,-47.0
4TUF,D,00,A,Q,W,L,-59.7,-51.1
5VE5,C,00,A,Q,W,L,-63.7,-36.8
4NC5,A,00,A,Q,W,L,-120.7,160.7
4LXC,B,00,A,Q,W,L,-43.2,-38.9
4QPB,B,00,A,Q,W,L,-57.1,-30.0
4ZG4,B,00,A,Q,W,L,-98.1,7.0
1VCU,A,00,A,Q,W,L,-121.1,172.5
2VFU,A,00,A,Q,W,L,-51.6,-38.7
6BW4,A,00,A,Q,W,L,-66.8,134.2
3FXY,D,00,A,Q,W,L,-62.8,-45.2
3RM8,B,00,A,Q,W,L,-57.2,-46.8
2VZ8,B,00,A,Q,W,L,-54.0,-42.0
1LKY,D,00,A,Q,W,L,-68.5,-35.8
5XWR,B,00,A,Q,W,L,-68.0,146.5
5O64,H,00,A,Q,W,L,-60.1,-42.7
1LKY,A,00,A,Q,W,L,-67.0,-44.8
3DRI,A,00,A,Q,W,L,-82.2,-13.0
5LD2,C,00,A,Q,W,L,-60.8,-51.1
4XA9,E,00,A,Q,W,L,-66.1,-43.0
6CT0,0,00,A,Q,W,L,-64.2,-49.4
3UC7,C,00,A,Q,W,L,-61.4,-47.7
3UC7,E,00,A,Q,W,L,-62.9,-41.8
3RM9,B,00,A,Q,W,L,-55.9,-48.9
1JI7,A,00,A,Q,W,L,-63.3,-43.9
5MBV,C,00,A,Q,W,L,-78.4,-34.6
4XGK,A,00,A,Q,W,L,-61.9,-47.4
2VFV,A,00,A,Q,W,L,-56.8,-35.1
3UC7,B,00,A,Q,W,L,-66.2,-43.5
2M7C,A,00,A,Q,W,L,-57.2,-47.6
2M7C,A,01,A,Q,W,L,-57.9,-47.4
2M7C,A,02,A,Q,W,L,-56.6,-48.0
2M7C,A,03,A,Q,W,L,-55.4,-45.2
2M7C,A,04,A,Q,W,L,-57.5,-45.0
2M7C,A,05,A,Q,W,L,-57.2,-44.8
2M7C,A,06,A,Q,W,L,-54.8,-46.0
2M7C,A,07,A,Q,W,L,-55.2,-47.0
2M7C,A,08,A,Q,W,L,-55.9,-44.4
2M7C,A,09,A,Q,W,L,-57.7,-47.8
2M7C,A,10,A,Q,W,L,-57.1,-44.3
2M7C,A,11,A,Q,W,L,-54.5,-45.7
2M7C,A,12,A,Q,W,L,-57.2,-48.2
2M7C,A,13,A,Q,W,L,-55.4,-47.6
2M7C,A,14,A,Q,W,L,-55.1,-48.2
2M7C,A,15,A,Q,W,L,-56.8,-46.2
2M7C,A,16,A,Q,W,L,-56.9,-49.0
2M7C,A,17,A,Q,W,L,-55.9,-46.5
2M7C,A,18,A,Q,W,L,-56.9,-45.8
2M7C,A,19,A,Q,W,L,-57.6,-47.0
2M7C,A,20,A,Q,W,L,-56.7,-47.9
2M7C,A,21,A,Q,W,L,-56.5,-45.8
2M7C,A,22,A,Q,W,L,-55.6,-47.6
2M7C,A,23,A,Q,W,L,-55.9,-47.1
2M7C,A,24,A,Q,W,L,-56.9,-46.3
2M7C,A,25,A,Q,W,L,-56.0,-47.8
2M7C,A,26,A,Q,W,L,-56.1,-47.2
2M7C,A,27,A,Q,W,L,-55.1,-47.9
2M7C,A,28,A,Q,W,L,-57.5,-48.3
2M7C,A,29,A,Q,W,L,-56.9,-48.1
2M7C,A,30,A,Q,W,L,-56.7,-46.5
2M7C,A,31,A,Q,W,L,-55.2,-46.1
2I5N,H,00,A,Q,W,L,-63.4,-40.0
5NJ4,H,00,A,Q,W,L,-56.5,-40.0
3RYA,A,00,A,Q,W,L,-92.1,1.6
3DRH,A,00,A,Q,W,L,-80.5,-14.1
5FXY,A,00,A,Q,W,L,-75.9,129.8
4TUF,C,00,A,Q,W,L,-59.1,-49.1
2LL5,A,00,A,Q,W,L,-58.6,-45.3
2LL5,A,01,A,Q,W,L,-58.0,-47.4
2LL5,A,02,A,Q,W,L,-56.9,-43.9
2LL5,A,03,A,Q,W,L,-58.5,-46.7
2LL5,A,04,A,Q,W,L,-59.3,-43.5
2LL5,A,05,A,Q,W,L,-58.2,-45.1
2LL5,A,06,A,Q,W,L,-58.1,-45.2
2LL5,A,07,A,Q,W,L,-58.6,-48.5
2LL5,A,08,A,Q,W,L,-58.6,-46.1
2LL5,A,09,A,Q,W,L,-59.4,-46.1
2LL5,A,10,A,Q,W,L,-57.3,-47.6
2LL5,A,11,A,Q,W,L,-59.2,-45.2
2LL5,A,12,A,Q,W,L,-58.7,-46.3
2LL5,A,13,A,Q,W,L,-57.9,-47.6
2LL5,A,14,A,Q,W,L,-58.2,-48.1
2LL5,A,15,A,Q,W,L,-60.2,-44.3
2LL5,A,16,A,Q,W,L,-58.1,-46.8
2LL5,A,17,A,Q,W,L,-58.7,-44.8
2LL5,A,18,A,Q,W,L,-57.2,-45.3
2LL5,A,19,A,Q,W,L,-58.2,-46.8
2LL5,A,20,A,Q,W,L,-58.3,-43.6
2LL5,A,21,A,Q,W,L,-59.7,-41.9
2LL5,A,22,A,Q,W,L,-60.8,-46.0
2LL5,A,23,A,Q,W,L,-59.4,-47.7
2LL5,A,24,A,Q,W,L,-58.3,-46.9
2LL5,A,25,A,Q,W,L,-59.8,-46.3
2LL5,A,26,A,Q,W,L,-58.1,-43.2
2LL5,A,27,A,Q,W,L,-58.0,-47.1
2LL5,A,28,A,Q,W,L,-58.3,-45.3
2LL5,A,29,A,Q,W,L,-57.7,-47.9
2LL5,A,30,A,Q,W,L,-59.5,-46.7
2LL5,A,31,A,Q,W,L,-58.4,-44.4
2LL5,A,32,A,Q,W,L,-58.6,-44.9
5NMY,A,00,A,Q,W,L,-59.4,-25.5
5NMY,A,01,A,Q,W,L,-58.4,-13.0
5NMY,A,02,A,Q,W,L,-63.4,-16.9
5NMY,A,03,A,Q,W,L,-63.1,-21.6
5NMY,A,04,A,Q,W,L,-63.0,-19.7
5NMY,A,05,A,Q,W,L,-56.9,-24.1
5NMY,A,06,A,Q,W,L,-54.1,-20.7
5NMY,A,07,A,Q,W,L,-66.0,-24.5
5NMY,A,08,A,Q,W,L,-57.6,-26.6
5NMY,A,09,A,Q,W,L,-62.5,-21.4
5NMY,A,10,A,Q,W,L,-53.6,-25.3
5NMY,A,11,A,Q,W,L,-56.6,-20.1
5NMY,A,12,A,Q,W,L,-61.3,-21.5
5NMY,A,13,A,Q,W,L,-64.1,-14.5
5NMY,A,14,A,Q,W,L,-58.8,-18.4
4KH9,B,00,A,Q,W,L,-84.0,127.8
5VTB,A,00,A,Q,W,L,-67.0,134.2
3IF4,A,00,A,Q,W,L,-61.0,-36.8
3V8H,B,00,A,Q,W,L,-68.4,-36.7
3HMB,A,00,A,Q,W,L,-64.4,-45.3
3LOU,C,00,A,Q,W,L,-79.2,-27.1
2JOF,A,00,A,Q,W,L,-47.3,-50.3
2JOF,A,01,A,Q,W,L,-51.2,-52.6
2JOF,A,02,A,Q,W,L,-53.3,-47.5
2JOF,A,03,A,Q,W,L,-47.9,-50.5
2JOF,A,04,A,Q,W,L,-49.7,-52.1
2JOF,A,05,A,Q,W,L,-51.9,-51.1
2JOF,A,06,A,Q,W,L,-48.5,-49.3
2JOF,A,07,A,Q,W,L,-52.1,-51.5
2JOF,A,08,A,Q,W,L,-52.2,-55.2
2JOF,A,09,A,Q,W,L,-48.0,-52.5
2JOF,A,10,A,Q,W,L,-58.3,-52.1
2JOF,A,11,A,Q,W,L,-53.9,-47.7
2JOF,A,12,A,Q,W,L,-50.2,-48.8
2JOF,A,13,A,Q,W,L,-51.9,-48.1
2JOF,A,14,A,Q,W,L,-51.0,-49.8
2JOF,A,15,A,Q,W,L,-51.1,-48.6
2JOF,A,16,A,Q,W,L,-50.7,-50.5
2JOF,A,17,A,Q,W,L,-49.8,-51.5
2JOF,A,18,A,Q,W,L,-51.1,-49.8
2JOF,A,19,A,Q,W,L,-49.9,-47.8
2JOF,A,20,A,Q,W,L,-52.2,-46.9
2JOF,A,21,A,Q,W,L,-54.5,-44.1
2JOF,A,22,A,Q,W,L,-50.3,-50.8
2JOF,A,23,A,Q,W,L,-53.5,-49.5
2JOF,A,24,A,Q,W,L,-49.8,-51.6
2JOF,A,25,A,Q,W,L,-53.9,-47.7
2JOF,A,26,A,Q,W,L,-50.0,-50.4
2JOF,A,27,A,Q,W,L,-53.7,-51.0
3UC7,D,00,A,Q,W,L,-60.6,-43.3
2YBA,B,00,A,Q,W,L,-70.7,136.0
5WAI,E,00,A,Q,W,L,-69.7,140.4
2JLN,A,00,A,Q,W,L,-68.2,-45.2
3RME,A,00,A,Q,W,L,-61.1,-45.8
2YBU,D,00,A,Q,W,L,-61.4,-35.4
1LKY,E,00,A,Q,W,L,-62.2,-46.1
2QB1,B,00,A,Q,W,L,-75.0,-34.1
5FXY,C,00,A,Q,W,L,-76.4,134.5
5WAK,A,00,A,Q,W,L,-60.6,123.1
6D2E,A,00,A,Q,W,L,-55.3,-53.5
5VE4,B,00,A,Q,W,L,-57.4,-43.5
3FXY,C,00,A,Q,W,L,-57.3,-47.2
2YBU,F,00,A,Q,W,L,-54.9,-49.5
6PRC,H,00,A,Q,W,L,-60.9,-36.3
1LKY,C,00,A,Q,W,L,-57.1,-44.3
2VZ8,A,00,A,Q,W,L,-56.9,-39.3
4LXC,D,00,A,Q,W,L,-47.2,-38.3
1W36,E,00,A,Q,W,L,-57.8,-48.9
6D9E,A,00,A,Q,W,L,-66.0,-52.3
4D1A,A,00,A,Q,W,L,-68.1,-45.5
4IY7,A,00,A,Q,W,L,-74.5,-44.3
2F27,A,00,A,Q,W,L,-118.1,169.4
2XU7,B,00,A,Q,W,L,-70.2,136.9
4XA9,H,00,A,Q,W,L,-65.5,-42.4
4QYJ,E,00,A,Q,W,L,-76.5,-31.9
3RM4,B,00,A,Q,W,L,-61.8,-44.0
5C37,C,00,A,Q,W,L,-61.5,-44.7
3DRG,A,00,A,Q,W,L,-89.1,-7.9
4QYJ,C,00,A,Q,W,L,-72.3,-33.5
2QB0,B,00,A,Q,W,L,-62.7,-44.3
6G16,E,00,A,Q,W,L,-70.5,137.6
4OXD,C,00,A,Q,W,L,-56.5,-41.1
1W97,L,00,A,Q,W,L,-150.7,24.2
4IYO,C,00,A,Q,W,L,-68.1,-40.0
2F26,A,00,A,Q,W,L,-120.3,164.9
3UC8,A,00,A,Q,W,L,-56.7,-45.7
1LKY,F,00,A,Q,W,L,-55.6,-36.4
1EPW,A,00,A,Q,W,L,-60.1,-47.9
1S0B,A,00,A,Q,W,L,-58.9,-47.8
3K70,C,00,A,Q,W,L,-62.4,-43.6
3IF4,B,00,A,Q,W,L,-63.7,-39.7
5EQF,B,00,A,Q,W,L,-54.5,-53.3
2F0Z,A,00,A,Q,W,L,-128.1,161.5
1PRC,H,00,A,Q,W,L,-58.6,-49.5
5PRC,H,00,A,Q,W,L,-56.9,-32.3
5YQ7,S,00,A,Q,W,L,-49.2,-39.0
6G16,G,00,A,Q,W,L,-71.0,135.6
3B8K,A,00,A,Q,W,L,-63.3,-47.6
5CWW,B,00,A,Q,W,L,-126.9,158.5
6NNA,B,00,A,Q,W,L,-56.4,-48.9
2X5U,H,00,A,Q,W,L,-62.1,-36.2
2QB0,D,00,A,Q,W,L,-62.8,-44.5
6D8V,A,00,A,Q,W,L,-123.2,162.8
1VCU,B,00,A,Q,W,L,-113.6,162.7
4LXC,A,00,A,Q,W,L,-58.7,-34.8
4D1C,A,00,A,Q,W,L,-67.9,-45.1
4XA9,C,00,A,Q,W,L,-58.8,-50.4
4IXZ,D,00,A,Q,W,L,-73.2,-39.3
2NP0,A,00,A,Q,W,L,-55.5,-49.0
5YQ7,4,00,A,Q,W,L,-53.3,-40.4
4PBY,A,00,A,Q,W,L,-68.9,138.9
3DRJ,A,00,A,Q,W,L,-80.4,-14.5
3HMB,B,00,A,Q,W,L,-60.3,-58.2
4WEP,B,00,A,Q,W,L,-61.5,-40.1
2JBL,H,00,A,Q,W,L,-63.8,-36.5
3FTO,A,00,A,Q,W,L,-67.3,-27.4
4QYJ,A,00,A,Q,W,L,-76.5,-31.8
5BR7,A,00,A,Q,W,L,-54.0,-53.0
2F10,A,00,A,Q,W,L,-136.5,163.3
3RM9,A,00,A,Q,W,L,-63.2,-45.3
1I1E,A,00,A,Q,W,L,-59.5,-49.1
1RU0,B,00,A,Q,W,L,-51.2,142.3
4QP5,B,00,A,Q,W,L,-62.7,-23.9
1W36,C,00,A,Q,W,L,-55.4,-46.5
5N9Y,E,00,A,Q,W,L,-64.1,-26.9
3V8H,C,00,A,Q,W,L,-69.3,-41.0
6D9C,A,00,A,Q,W,L,-67.4,-60.3
3E6G,D,00,A,Q,W,L,-66.1,-44.1
4IXS,B,00,A,Q,W,L,-63.5,-47.2
4XQ7,A,00,A,Q,W,L,-107.8,-29.1
5L0P,A,00,A,Q,W,L,-59.1,-41.0
5L0P,A,01,A,Q,W,L,-66.1,-37.6
5L0P,A,02,A,Q,W,L,-56.2,-51.0
6NNA,A,00,A,Q,W,L,-60.7,-38.5
1S0G,A,00,A,Q,W,L,-59.8,-48.4
4AUK,A,00,A,Q,W,L,-64.7,-40.5
4JA4,C,00,A,Q,W,L,-72.0,-28.7
5M7K,D,00,A,Q,W,L,-65.4,-39.8
2QAR,B,00,A,Q,W,L,-60.7,-43.4
6C24,N,00,A,Q,W,L,-72.6,171.3
3V8H,A,00,A,Q,W,L,-67.4,-39.4
5EQF,A,00,A,Q,W,L,-55.8,-53.6
4ATN,A,00,A,Q,W,L,-55.0,-44.8
4WIL,A,00,A,Q,W,L,-55.3,144.5
5M7J,D,00,A,Q,W,L,-65.5,-39.3
2F12,A,00,A,Q,W,L,-121.7,162.5
5KB6,A,00,A,Q,W,L,-57.1,-46.1
4NQ1,A,00,A,Q,W,L,-65.1,-41.9
4CAS,D,00,A,Q,W,L,-58.5,-41.0
3C9C,A,00,A,Q,W,L,-78.7,137.8
4PC0,B,00,A,Q,W,L,-67.1,135.3
4XA9,B,00,A,Q,W,L,-74.9,-31.5
4OXD,E,00,A,Q,W,L,-60.0,-38.2
4D0Y,A,00,A,Q,W,L,-54.1,-46.8
4NT9,C,00,A,Q,W,L,-59.0,-43.7
2BH1,A,00,A,Q,W,L,-99.7,7.7
4WIL,B,00,A,Q,W,L,-53.0,141.0
2D86,A,00,A,Q,W,L,-37.5,-47.7
2D86,A,01,A,Q,W,L,-41.8,-45.6
2D86,A,02,A,Q,W,L,-42.7,-46.9
2D86,A,03,A,Q,W,L,-48.5,-46.1
2D86,A,04,A,Q,W,L,-42.3,-49.6
2D86,A,05,A,Q,W,L,-46.4,-42.0
2D86,A,06,A,Q,W,L,-42.0,-40.2
2D86,A,07,A,Q,W,L,-40.4,-43.4
2D86,A,08,A,Q,W,L,-40.1,-45.0
2D86,A,09,A,Q,W,L,-35.8,-49.4
2D86,A,10,A,Q,W,L,-39.0,-44.9
2D86,A,11,A,Q,W,L,-42.6,-43.7
2D86,A,12,A,Q,W,L,-39.3,-44.0
2D86,A,13,A,Q,W,L,-46.2,-40.5
2D86,A,14,A,Q,W,L,-44.8,-47.9
2D86,A,15,A,Q,W,L,-45.1,-44.7
2D86,A,16,A,Q,W,L,-48.8,-46.3
2D86,A,17,A,Q,W,L,-38.8,-46.8
2D86,A,18,A,Q,W,L,-35.8,-49.5
2D86,A,19,A,Q,W,L,-45.3,-48.0
1VF8,A,00,A,Q,W,L,-59.8,-40.9
2VZ9,A,00,A,Q,W,L,-50.6,-38.6
6D9B,A,00,A,Q,W,L,-59.1,-53.7
4IXZ,A,00,A,Q,W,L,-64.3,-44.0
3CZK,A,00,A,Q,W,L,-54.4,-51.3
5N9Y,D,00,A,Q,W,L,-66.0,-28.8
4TUF,B,00,A,Q,W,L,-52.4,-51.6
5VE5,A,00,A,Q,W,L,-63.7,-34.9
4IYO,D,00,A,Q,W,L,-70.7,-37.6
3D38,H,00,A,Q,W,L,-67.8,-34.3
2QB0,C,00,A,Q,W,L,-63.5,-46.6
5XGI,A,00,Q,W,L,K,-61.4,-48.2
6DYO,A,00,Q,W,L,K,-83.1,-3.5
4UCV,A,00,Q,W,L,K,-69.0,-39.3
1PV8,A,00,Q,W,L,K,-66.7,-42.4
5Q66,A,00,Q,W,L,K,-72.7,-46.1
5Q9R,A,00,Q,W,L,K,-72.4,-47.7
6FC4,A,00,Q,W,L,K,-72.1,-14.9
4JE3,A,00,Q,W,L,K,-83.2,-45.0
4JTD,G,00,Q,W,L,K,-69.2,-30.9
5Q4K,A,00,Q,W,L,K,-74.7,-48.3
5Q56,A,00,Q,W,L,K,-71.1,-45.7
2YBU,E,00,Q,W,L,K,-64.7,-37.8
5Q1V,A,00,Q,W,L,K,-70.2,-47.8
5Q6U,A,00,Q,W,L,K,-73.8,-46.0
5FI4,A,00,Q,W,L,K,-58.4,-44.9
1JI7,B,00,Q,W,L,K,-64.6,-43.8
5Q30,A,00,Q,W,L,K,-68.1,-46.8
5Q3Y,A,00,Q,W,L,K,-72.3,-49.6
5Q5D,A,00,Q,W,L,K,-73.5,-46.3
4BC9,D,00,Q,W,L,K,-111.6,-16.6
4BC7,C,00,Q,W,L,K,-99.6,-5.0
3IR1,B,00,Q,W,L,K,-64.0,-41.4
5KOC,B,00,Q,W,L,K,-62.7,-41.0
5Q2B,A,00,Q,W,L,K,-73.7,-45.6
5Q7C,A,00,Q,W,L,K,-74.2,-46.2
3RME,A,00,Q,W,L,K,-61.1,-45.8
3FRM,E,00,Q,W,L,K,-64.0,-44.1
2ZUW,D,00,Q,W,L,K,-60.7,-38.1
4JTA,A,00,Q,W,L,K,-56.1,-39.0
5Q34,A,00,Q,W,L,K,-73.4,-46.6
5AE3,B,00,Q,W,L,K,-90.0,-3.5
5A6J,C,00,Q,W,L,K,-61.7,-53.0
5Q2L,A,00,Q,W,L,K,-75.7,-44.2
5Q5C,A,00,Q,W,L,K,-76.2,-45.6
5Q6N,A,00,Q,W,L,K,-72.2,-49.3
5Q7V,A,00,Q,W,L,K,-73.8,-44.0
3FY1,B,00,Q,W,L,K,-61.0,-43.3
5Q2V,A,00,Q,W,L,K,-72.4,-43.7
5Q5J,A,00,Q,W,L,K,-67.0,-48.4
5Q5Q,A,00,Q,W,L,K,-71.7,-46.4
4BCA,D,00,Q,W,L,K,-96.5,-7.8
3IR1,D,00,Q,W,L,K,-57.7,-39.7
4UCR,A,00,Q,W,L,K,-64.7,-44.7
5Q9W,A,00,Q,W,L,K,-71.5,-47.5
2C9Z,A,00,Q,W,L,K,-67.0,-50.3
5Q4Q,A,00,Q,W,L,K,-71.9,-46.2
3RM4,A,00,Q,W,L,K,-57.6,-48.5
2YBU,B,00,Q,W,L,K,-60.8,-41.6
3KZW,E,00,Q,W,L,K,-66.6,-41.2
1EXB,A,00,Q,W,L,K,-62.8,-37.1
5Q8Z,A,00,Q,W,L,K,-71.7,-46.1
6FCU,A,00,Q,W,L,K,-76.3,8.2
5Q2O,A,00,Q,W,L,K,-76.6,-44.2
5Q9G,A,00,Q,W,L,K,-73.9,-48.9
2R9R,G,00,Q,W,L,K,-65.0,-28.8
3LUT,A,00,Q,W,L,K,-51.2,-39.1
5Q39,A,00,Q,W,L,K,-72.4,-45.1
5Q6D,A,00,Q,W,L,K,-74.5,-48.6
5Q7M,A,00,Q,W,L,K,-74.5,-45.0
5Q52,A,00,Q,W,L,K,-70.5,-47.6
5Q9V,A,00,Q,W,L,K,-75.4,-45.7
2YBT,D,00,Q,W,L,K,-59.2,-36.0
1RIJ,A,00,Q,W,L,K,-62.7,-42.8
1RIJ,A,01,Q,W,L,K,-66.0,-42.5
1RIJ,A,02,Q,W,L,K,-65.1,-40.6
1RIJ,A,03,Q,W,L,K,-63.0,-39.8
1RIJ,A,04,Q,W,L,K,-64.1,-40.0
1RIJ,A,05,Q,W,L,K,-64.7,-40.4
1RIJ,A,06,Q,W,L,K,-64.4,-40.3
1RIJ,A,07,Q,W,L,K,-65.6,-42.1
1RIJ,A,08,Q,W,L,K,-63.6,-40.7
1RIJ,A,09,Q,W,L,K,-65.3,-40.4
1RIJ,A,10,Q,W,L,K,-63.7,-40.6
1RIJ,A,11,Q,W,L,K,-65.2,-41.5
1RIJ,A,12,Q,W,L,K,-65.9,-43.0
1RIJ,A,13,Q,W,L,K,-81.0,-39.3
1RIJ,A,14,Q,W,L,K,-64.4,-39.3
1RIJ,A,15,Q,W,L,K,-64.1,-42.7
1RIJ,A,16,Q,W,L,K,-62.9,-44.0
1RIJ,A,17,Q,W,L,K,-63.9,-41.3
1RIJ,A,18,Q,W,L,K,-64.9,-42.1
1RIJ,A,19,Q,W,L,K,-64.9,-39.7
1RIJ,A,20,Q,W,L,K,-66.9,-40.9
1RIJ,A,21,Q,W,L,K,-65.6,-40.7
1RIJ,A,22,Q,W,L,K,-64.0,-42.5
1RIJ,A,23,Q,W,L,K,-61.8,-43.0
1RIJ,A,24,Q,W,L,K,-63.7,-41.7
1RIJ,A,25,Q,W,L,K,-64.9,-41.0
1RIJ,A,26,Q,W,L,K,-64.9,-43.4
1RIJ,A,27,Q,W,L,K,-64.0,-40.5
1RIJ,A,28,Q,W,L,K,-65.2,-38.8
1RIJ,A,29,Q,W,L,K,-65.8,-39.4
4JTA,P,00,Q,W,L,K,-64.1,-32.3
5KN4,A,00,Q,W,L,K,-57.4,-45.4
5Q2N,A,00,Q,W,L,K,-75.0,-47.2
5Q41,A,00,Q,W,L,K,-67.8,-48.1
3AWD,C,00,Q,W,L,K,-63.4,-53.4
3GXA,F,00,Q,W,L,K,-61.2,-39.0
2R9R,A,00,Q,W,L,K,-52.7,-35.1
1LKY,B,00,Q,W,L,K,-61.4,-44.3
5Q4F,A,00,Q,W,L,K,-70.5,-44.4
5Q9T,A,00,Q,W,L,K,-76.6,-46.8
2YBT,F,00,Q,W,L,K,-52.1,-45.3
5Q9U,A,00,Q,W,L,K,-76.3,-46.0
5HNR,A,00,Q,W,L,K,-53.5,-8.0
2C1X,A,00,Q,W,L,K,-61.3,-45.8
5KPG,A,00,Q,W,L,K,-55.6,-47.6
1PV8,B,00,Q,W,L,K,-62.4,-21.3
5Q1O,A,00,Q,W,L,K,-71.9,-45.1
5Q9C,A,00,Q,W,L,K,-73.2,-45.2
5Q6V,A,00,Q,W,L,K,-76.3,-46.6
5Q8J,A,00,Q,W,L,K,-70.9,-42.2
4YLM,X,00,Q,W,L,K,-66.6,-44.9
1TDT,A,00,Q,W,L,K,-60.7,-31.3
2ZUW,A,00,Q,W,L,K,-58.7,-41.3
3GXA,C,00,Q,W,L,K,-69.7,-31.3
5Q6L,A,00,Q,W,L,K,-74.1,-50.4
5AE2,A,00,Q,W,L,K,-94.9,-4.1
2FXA,D,00,Q,W,L,K,-63.2,-40.6
5Q5G,A,00,Q,W,L,K,-66.8,-46.0
5Q70,A,00,Q,W,L,K,-73.5,-45.9
5Q7L,A,00,Q,W,L,K,-71.7,-45.0
5Q7T,A,00,Q,W,L,K,-67.5,-48.5
4A3Q,A,00,Q,W,L,K,-59.2,-43.7
5Q8W,A,00,Q,W,L,K,-67.4,-44.7
6O85,B,00,Q,W,L,K,-68.5,-36.6
4L2Y,A,00,Q,W,L,K,-64.6,-44.0
5Q3U,A,00,Q,W,L,K,-74.4,-47.8
5Q4L,A,00,Q,W,L,K,-73.2,-46.6
5Q7K,A,00,Q,W,L,K,-64.5,-49.7
5Q8M,A,00,Q,W,L,K,-71.9,-47.9
5ADZ,B,00,Q,W,L,K,-100.6,-10.0
5HMS,B,00,Q,W,L,K,-57.3,-37.2
5XGJ,A,00,Q,W,L,K,-64.2,-42.9
2QB1,A,00,Q,W,L,K,-75.5,-35.0
3AWD,A,00,Q,W,L,K,-61.1,-53.6
4UCU,A,00,Q,W,L,K,-67.9,-43.4
5Q1X,A,00,Q,W,L,K,-72.3,-46.3
5HNR,B,00,Q,W,L,K,-46.4,-32.4
4XB0,B,00,Q,W,L,K,-142.9,158.9
5Q31,A,00,Q,W,L,K,-72.6,-47.4
5Q5B,A,00,Q,W,L,K,-72.2,-46.1
5Q9Z,A,00,Q,W,L,K,-74.4,-45.0
3ULU,A,00,Q,W,L,K,-89.8,-27.3
3C6F,D,00,Q,W,L,K,-67.8,-33.9
3OZH,A,00,Q,W,L,K,-68.8,-49.8
5Q6P,A,00,Q,W,L,K,-70.4,-47.4
5Q6X,A,00,Q,W,L,K,-71.9,-45.8
5Q9O,A,00,Q,W,L,K,-73.4,-50.2
1L2Y,A,00,Q,W,L,K,-73.1,-43.4
1L2Y,A,01,Q,W,L,K,-66.8,-45.9
1L2Y,A,02,Q,W,L,K,-64.0,-43.6
1L2Y,A,03,Q,W,L,K,-57.5,-47.0
1L2Y,A,04,Q,W,L,K,-61.4,-46.3
1L2Y,A,05,Q,W,L,K,-62.9,-39.3
1L2Y,A,06,Q,W,L,K,-65.0,-47.2
1L2Y,A,07,Q,W,L,K,-63.0,-45.1
1L2Y,A,08,Q,W,L,K,-64.5,-45.3
1L2Y,A,09,Q,W,L,K,-76.4,-43.6
1L2Y,A,10,Q,W,L,K,-61.6,-47.1
1L2Y,A,11,Q,W,L,K,-61.2,-39.1
1L2Y,A,12,Q,W,L,K,-62.0,-46.1
1L2Y,A,13,Q,W,L,K,-62.8,-43.6
1L2Y,A,14,Q,W,L,K,-60.7,-39.7
1L2Y,A,15,Q,W,L,K,-64.0,-47.3
1L2Y,A,16,Q,W,L,K,-60.1,-44.5
1L2Y,A,17,Q,W,L,K,-62.8,-46.1
1L2Y,A,18,Q,W,L,K,-60.7,-45.4
1L2Y,A,19,Q,W,L,K,-59.9,-47.1
1L2Y,A,20,Q,W,L,K,-61.4,-47.5
1L2Y,A,21,Q,W,L,K,-61.5,-47.2
1L2Y,A,22,Q,W,L,K,-60.2,-45.5
1L2Y,A,23,Q,W,L,K,-60.6,-38.2
1L2Y,A,24,Q,W,L,K,-55.5,-50.8
1L2Y,A,25,Q,W,L,K,-64.3,-42.4
1L2Y,A,26,Q,W,L,K,-60.6,-42.0
1L2Y,A,27,Q,W,L,K,-61.0,-43.0
1L2Y,A,28,Q,W,L,K,-62.7,-49.4
1L2Y,A,29,Q,W,L,K,-62.8,-45.9
1L2Y,A,30,Q,W,L,K,-57.5,-43.0
1L2Y,A,31,Q,W,L,K,-60.1,-38.1
1L2Y,A,32,Q,W,L,K,-65.3,-43.5
1L2Y,A,33,Q,W,L,K,-60.5,-46.4
1L2Y,A,34,Q,W,L,K,-62.4,-44.3
1L2Y,A,35,Q,W,L,K,-57.7,-44.5
1L2Y,A,36,Q,W,L,K,-64.9,-45.2
1L2Y,A,37,Q,W,L,K,-59.6,-47.9
3WFZ,A,00,Q,W,L,K,-61.4,-35.8
5Q99,A,00,Q,W,L,K,-74.0,-49.1
5HMS,A,00,Q,W,L,K,-60.5,-31.4
5UL1,A,00,Q,W,L,K,-56.3,-51.1
5Q7E,A,00,Q,W,L,K,-73.0,-42.9
5AE3,D,00,Q,W,L,K,-94.2,-11.4
5AC5,A,00,Q,W,L,K,-58.1,-48.9
3GRW,A,00,Q,W,L,K,-96.6,125.5
3JUI,A,00,Q,W,L,K,-50.9,-45.9
1QRQ,A,00,Q,W,L,K,-60.1,-42.2
5Q23,A,00,Q,W,L,K,-71.7,-45.5
5Q5U,A,00,Q,W,L,K,-73.2,-46.9
2RD0,A,00,Q,W,L,K,-58.3,-36.6
4OVU,A,00,Q,W,L,K,-49.4,-37.1
5SXK,A,00,Q,W,L,K,-69.7,-30.5
4GLP,A,00,Q,W,L,K,-114.2,1.1
5Q3F,A,00,Q,W,L,K,-73.4,-48.1
5Q6F,A,00,Q,W,L,K,-71.5,-46.5
5Q7R,A,00,Q,W,L,K,-70.0,-47.5
1JI7,C,00,Q,W,L,K,-61.7,-42.4
1EVT,D,00,Q,W,L,K,-107.0,134.8
5Q1M,A,00,Q,W,L,K,-69.1,-49.3
5Q3K,A,00,Q,W,L,K,-72.2,-48.9
5Q3O,A,00,Q,W,L,K,-70.2,-46.3
5Q74,A,00,Q,W,L,K,-74.4,-46.7
5Q7Y,A,00,Q,W,L,K,-71.7,-48.4
3TK8,B,00,Q,W,L,K,-62.6,-27.4
3TRE,A,00,Q,W,L,K,-96.5,7.9
6EBK,E,00,Q,W,L,K,-67.9,-25.6
5KOK,B,00,Q,W,L,K,-53.5,-46.6
5Q25,A,00,Q,W,L,K,-70.9,-45.9
5Q8Y,A,00,Q,W,L,K,-70.4,-47.8
5Q9E,A,00,Q,W,L,K,-71.3,-48.3
2A0Z,A,00,Q,W,L,K,-82.0,-24.9
5K52,A,00,Q,W,L,K,-67.6,-49.6
5K52,C,00,Q,W,L,K,-67.2,-46.3
2ZUT,C,00,Q,W,L,K,-50.4,-45.8
3WFZ,C,00,Q,W,L,K,-52.6,-44.1
5Q45,A,00,Q,W,L,K,-71.9,-40.0
5SX8,A,00,Q,W,L,K,-63.0,-36.5
4JPS,A,00,Q,W,L,K,-61.3,-44.6
5WIE,G,00,Q,W,L,K,-60.9,-37.6
5Q7J,A,00,Q,W,L,K,-67.4,-44.8
3KZW,J,00,Q,W,L,K,-66.0,-41.0
6GOU,B,00,Q,W,L,K,-80.4,-15.5
4BC9,C,00,Q,W,L,K,-104.1,-8.9
5Q48,A,00,Q,W,L,K,-75.7,-43.9
6GOU,C,00,Q,W,L,K,-80.8,-15.1
2LDJ,A,00,Q,W,L,K,-100.3,-23.6
3HZE,E,00,Q,W,L,K,-58.4,-45.0
6EBK,A,00,Q,W,L,K,-68.0,-25.7
5KN4,B,00,Q,W,L,K,-65.3,-41.8
5Q2P,A,00,Q,W,L,K,-76.1,-42.9
5Q3B,A,00,Q,W,L,K,-69.6,-49.2
5Q8F,A,00,Q,W,L,K,-74.7,-45.8
5Q8L,A,00,Q,W,L,K,-74.5,-48.4
3M7P,A,00,Q,W,L,K,-152.0,166.5
3OJV,D,00,Q,W,L,K,-103.0,138.9
2ZUT,D,00,Q,W,L,K,-57.8,-42.4
5Q1Q,A,00,Q,W,L,K,-72.7,-45.5
5Q38,A,00,Q,W,L,K,-71.1,-49.4
5Q3W,A,00,Q,W,L,K,-71.8,-48.4
5OHU,A,00,Q,W,L,K,-73.7,-4.2
5SXI,A,00,Q,W,L,K,-59.6,-37.8
2QB0,A,00,Q,W,L,K,-63.2,-46.5
3OO2,A,00,Q,W,L,K,-61.3,-52.4
4RS6,A,00,Q,W,L,K,-144.6,158.0
3IR1,E,00,Q,W,L,K,-65.6,-39.9
5Q32,A,00,Q,W,L,K,-69.1,-46.4
5UKJ,A,00,Q,W,L,K,-48.8,-47.0
5SW8,A,00,Q,W,L,K,-64.2,-35.1
5SXE,A,00,Q,W,L,K,-61.7,-34.9
5NZY,A,00,Q,W,L,K,-75.4,-46.1
5Q77,A,00,Q,W,L,K,-74.3,-41.6
3CIG,A,00,Q,W,L,K,-88.1,-23.0
3KZW,F,00,Q,W,L,K,-66.4,-40.9
3KZW,I,00,Q,W,L,K,-67.1,-40.6
5Q49,A,00,Q,W,L,K,-72.9,-48.2
5Q53,A,00,Q,W,L,K,-74.0,-45.3
5Q9I,A,00,Q,W,L,K,-73.5,-47.4
4GOS,A,00,Q,W,L,K,-109.9,133.6
3HZE,F,00,Q,W,L,K,-62.4,-44.3
2ZUW,C,00,Q,W,L,K,-51.2,-41.8
4JTC,A,00,Q,W,L,K,-53.0,-40.5
5Q24,A,00,Q,W,L,K,-72.6,-46.2
3CIY,B,00,Q,W,L,K,-82.2,-27.2
3RM9,B,00,Q,W,L,K,-55.9,-48.9
2FXA,C,00,Q,W,L,K,-56.4,-41.3
5Q9L,A,00,Q,W,L,K,-71.8,-49.1
4BC7,B,00,Q,W,L,K,-102.4,-7.3
5Q47,A,00,Q,W,L,K,-77.5,-46.7
1ZIW,A,00,Q,W,L,K,-75.1,-18.7
3FRM,B,00,Q,W,L,K,-59.6,-43.6
2ZUW,B,00,Q,W,L,K,-54.3,-46.6
4UCT,A,00,Q,W,L,K,-68.0,-41.8
5Q2J,A,00,Q,W,L,K,-76.0,-46.7
5Q35,A,00,Q,W,L,K,-74.7,-48.2
5Q3H,A,00,Q,W,L,K,-71.7,-46.9
5Q6O,A,00,Q,W,L,K,-74.7,-45.1
3KZW,K,00,Q,W,L,K,-66.4,-41.1
5ADZ,A,00,Q,W,L,K,-92.3,-9.3
6FCR,A,00,Q,W,L,K,-77.2,-1.6
3MWH,A,00,Q,W,L,K,-54.6,-47.1
3TK8,C,00,Q,W,L,K,-63.3,-25.7
5Q4D,A,00,Q,W,L,K,-66.3,-47.0
5Q6I,A,00,Q,W,L,K,-71.5,-47.9
5ADZ,D,00,Q,W,L,K,-105.9,-4.9
3HZE,B,00,Q,W,L,K,-69.0,-46.8
2ZUU,A,00,Q,W,L,K,-59.7,-44.4
5KPG,B,00,Q,W,L,K,-58.4,-45.7
5Q7D,A,00,Q,W,L,K,-72.8,-47.5
4BC7,A,00,Q,W,L,K,-103.2,-4.8
4BC9,B,00,Q,W,L,K,-98.5,-11.6
1LKY,E,00,Q,W,L,K,-62.2,-46.1
4XB0,A,00,Q,W,L,K,-144.5,155.5
4UCO,A,00,Q,W,L,K,-65.9,-44.6
5Q28,A,00,Q,W,L,K,-72.8,-50.9
5Q5L,A,00,Q,W,L,K,-66.8,-47.6
6AMZ,A,00,Q,W,L,K,-66.0,-23.5
5Q4J,A,00,Q,W,L,K,-73.3,-47.5
5AE1,B,00,Q,W,L,K,-96.9,-8.0
5Q2U,A,00,Q,W,L,K,-75.2,-46.0
5Q4C,A,00,Q,W,L,K,-68.8,-42.8
5Q51,A,00,Q,W,L,K,-70.9,-48.6
2MJ9,A,00,Q,W,L,K,-54.2,-31.3
2MJ9,A,01,Q,W,L,K,-54.1,-30.1
2MJ9,A,02,Q,W,L,K,-53.3,-30.0
2MJ9,A,03,Q,W,L,K,-54.0,-32.9
2MJ9,A,04,Q,W,L,K,-54.4,-31.1
2MJ9,A,05,Q,W,L,K,-53.9,-30.8
2MJ9,A,06,Q,W,L,K,-54.4,-30.4
2MJ9,A,07,Q,W,L,K,-53.6,-30.6
2MJ9,A,08,Q,W,L,K,-54.1,-30.6
2MJ9,A,09,Q,W,L,K,-53.8,-29.9
6AMY,B,00,Q,W,L,K,-63.3,-22.8
2ZUU,C,00,Q,W,L,K,-53.1,-40.6
5AHR,A,00,Q,W,L,K,-78.3,-37.9
5Q2H,A,00,Q,W,L,K,-69.8,-44.5
2YBU,C,00,Q,W,L,K,-62.9,-39.9
5Q7W,A,00,Q,W,L,K,-74.3,-44.1
5Q9Y,A,00,Q,W,L,K,-71.0,-46.3
2YBU,A,00,Q,W,L,K,-53.0,-44.6
3KGK,B,00,Q,W,L,K,-58.7,-45.2
6AMY,A,00,Q,W,L,K,-62.8,-23.3
3GOS,B,00,Q,W,L,K,-75.8,-19.6
5Q59,A,00,Q,W,L,K,-70.3,-43.7
5Q6R,A,00,Q,W,L,K,-73.7,-48.7
5A6K,B,00,Q,W,L,K,-62.9,-48.7
2QB1,B,00,Q,W,L,K,-75.0,-34.1
6AMY,C,00,Q,W,L,K,-66.3,-23.0
1CVS,C,00,Q,W,L,K,-113.0,137.6
3KZW,C,00,Q,W,L,K,-66.3,-41.4
5AE1,D,00,Q,W,L,K,-99.7,-5.7
5Q27,A,00,Q,W,L,K,-71.0,-47.5
5Q4V,A,00,Q,W,L,K,-74.6,-42.5
5Q7U,A,00,Q,W,L,K,-68.2,-43.0
1E51,A,00,Q,W,L,K,-54.9,-9.6
5SXC,A,00,Q,W,L,K,-68.0,-34.1
5KPC,A,00,Q,W,L,K,-59.8,-43.2
5Q26,A,00,Q,W,L,K,-71.0,-47.1
5Q5A,A,00,Q,W,L,K,-71.0,-44.1
5Q5H,A,00,Q,W,L,K,-72.1,-46.1
5Q6G,A,00,Q,W,L,K,-72.8,-46.5
2FXA,B,00,Q,W,L,K,-44.3,-45.4
6EBL,A,00,Q,W,L,K,-68.1,-25.7
5KOC,A,00,Q,W,L,K,-57.6,-45.7
5Q2X,A,00,Q,W,L,K,-72.1,-50.5
5Q4Y,A,00,Q,W,L,K,-73.2,-43.7
1E88,A,00,Q,W,L,K,-171.0,157.3
1E88,A,01,Q,W,L,K,-170.6,134.8
1E88,A,02,Q,W,L,K,-173.1,142.2
1E88,A,03,Q,W,L,K,177.8,119.3
1E88,A,04,Q,W,L,K,-179.7,120.9
1E88,A,05,Q,W,L,K,-170.1,115.1
1E88,A,06,Q,W,L,K,-158.7,116.8
1E88,A,07,Q,W,L,K,-153.4,156.0
1E88,A,08,Q,W,L,K,-170.6,116.5
1E88,A,09,Q,W,L,K,-176.8,147.3
1E88,A,10,Q,W,L,K,-159.9,132.3
1E88,A,11,Q,W,L,K,-176.8,114.4
1E88,A,12,Q,W,L,K,-159.9,122.5
1E88,A,13,Q,W,L,K,-170.9,132.9
1E88,A,14,Q,W,L,K,-173.5,119.1
1E88,A,15,Q,W,L,K,-173.4,149.3
1E88,A,16,Q,W,L,K,-174.1,141.1
1E88,A,17,Q,W,L,K,177.5,124.6
1E88,A,18,Q,W,L,K,-162.7,149.2
1E88,A,19,Q,W,L,K,-156.2,-169.0
3EAU,A,00,Q,W,L,K,-56.6,-38.4
3CT4,C,00,Q,W,L,K,-55.3,-44.8
5Q9A,A,00,Q,W,L,K,-67.8,-50.0
5ADZ,C,00,Q,W,L,K,-100.3,-12.1
5SXF,A,00,Q,W,L,K,-50.0,-40.5
5Q2M,A,00,Q,W,L,K,-73.8,-46.1
5Q6S,A,00,Q,W,L,K,-70.2,-46.9
5Q7S,A,00,Q,W,L,K,-73.6,-44.1
3RM4,B,00,Q,W,L,K,-61.8,-44.0
5A6B,A,00,Q,W,L,K,-56.6,-48.6
3RJU,A,00,Q,W,L,K,-69.3,-44.4
5Q2K,A,00,Q,W,L,K,-66.2,-45.6
6GOU,A,00,Q,W,L,K,-83.5,-11.0
6FCS,A,00,Q,W,L,K,-75.0,-3.1
4YKN,A,00,Q,W,L,K,-61.4,-37.5
3KZW,B,00,Q,W,L,K,-66.1,-41.8
4TV3,A,00,Q,W,L,K,-67.6,-43.9
5SXJ,A,00,Q,W,L,K,-52.2,-38.1
3EG4,A,00,Q,W,L,K,-56.0,-31.1
3C6F,B,00,Q,W,L,K,-68.7,-36.5
5Q1S,A,00,Q,W,L,K,-73.1,-44.9
5Q3C,A,00,Q,W,L,K,-72.9,-47.9
2YBT,B,00,Q,W,L,K,-50.8,-43.6
5Q87,A,00,Q,W,L,K,-73.9,-45.0
2GV1,A,00,Q,W,L,K,-67.7,-41.0
2GV1,A,01,Q,W,L,K,-63.6,-41.0
2GV1,A,02,Q,W,L,K,-83.6,-41.1
2GV1,A,03,Q,W,L,K,-62.8,-41.0
2GV1,A,04,Q,W,L,K,-69.3,-37.2
2GV1,A,05,Q,W,L,K,-62.8,-36.9
2GV1,A,06,Q,W,L,K,-64.2,-40.9
2GV1,A,07,Q,W,L,K,-70.5,-35.9
2GV1,A,08,Q,W,L,K,-70.8,-34.0
2GV1,A,09,Q,W,L,K,-59.4,-44.0
2GV1,A,10,Q,W,L,K,-65.5,-40.0
2GV1,A,11,Q,W,L,K,-61.3,-41.9
2GV1,A,12,Q,W,L,K,-65.3,-32.3
2GV1,A,13,Q,W,L,K,-61.9,-41.9
2GV1,A,14,Q,W,L,K,-63.0,-33.3
2GV1,A,15,Q,W,L,K,-62.3,-40.4
2GV1,A,16,Q,W,L,K,-78.6,-37.2
2GV1,A,17,Q,W,L,K,-64.3,-29.3
2GV1,A,18,Q,W,L,K,-64.1,-41.9
2GV1,A,19,Q,W,L,K,-61.3,-39.1
3RKO,F,00,Q,W,L,K,-72.6,-41.5
5Q22,A,00,Q,W,L,K,-71.8,-44.9
5Q37,A,00,Q,W,L,K,-74.3,-47.5
5Q75,A,00,Q,W,L,K,-77.4,-44.1
3AWD,B,00,Q,W,L,K,-55.8,-55.0
5Q5P,A,00,Q,W,L,K,-67.9,-48.2
5GS0,B,00,Q,W,L,K,-89.1,-15.5
3PBK,B,00,Q,W,L,K,-46.7,-62.1
5Q6K,A,00,Q,W,L,K,-73.0,-46.9
1E9L,A,00,Q,W,L,K,-62.1,-35.3
5AE2,B,00,Q,W,L,K,-99.7,-4.0
4BCA,B,00,Q,W,L,K,-94.0,-5.2
5A6J,A,00,Q,W,L,K,-62.3,-48.7
6G56,B,00,Q,W,L,K,-60.7,-46.4
3AWD,D,00,Q,W,L,K,-55.1,-54.8
1EVT,C,00,Q,W,L,K,-107.1,135.4
5Q1L,A,00,Q,W,L,K,-70.4,-48.6
5Q4O,A,00,Q,W,L,K,-68.4,-41.2
5UK8,A,00,Q,W,L,K,-52.6,-45.5
3HIZ,A,00,Q,W,L,K,-57.7,-35.1
5SWO,A,00,Q,W,L,K,-68.0,-36.0
3HZE,A,00,Q,W,L,K,-64.5,-43.9
3WFZ,D,00,Q,W,L,K,-63.9,-37.2
3UQ8,A,00,Q,W,L,K,-62.3,-44.3
5I79,A,00,Q,W,L,K,-63.9,-43.1
5Q29,A,00,Q,W,L,K,-74.7,-47.3
5Q7B,A,00,Q,W,L,K,-75.5,-45.4
5Q7O,A,00,Q,W,L,K,-72.0,-43.1
5Q8P,A,00,Q,W,L,K,-72.4,-48.1
1JI7,A,00,Q,W,L,K,-63.3,-43.9
1TDT,C,00,Q,W,L,K,-60.6,-24.9
1QRQ,C,00,Q,W,L,K,-60.1,-42.1
1ZSX,A,00,Q,W,L,K,-54.2,-35.2
5Q1U,A,00,Q,W,L,K,-74.0,-45.4
5Q9F,A,00,Q,W,L,K,-73.0,-47.1
5AE1,A,00,Q,W,L,K,-95.8,-8.5
2QAR,A,00,Q,W,L,K,-63.1,-38.2
5Q3I,A,00,Q,W,L,K,-70.9,-47.3
5Q5R,A,00,Q,W,L,K,-75.7,-43.9
5Q96,A,00,Q,W,L,K,-69.5,-47.5
5DXT,A,00,Q,W,L,K,-65.9,-42.1
5Q9M,A,00,Q,W,L,K,-74.6,-46.3
5L0P,A,00,Q,W,L,K,-59.1,-41.0
5L0P,A,01,Q,W,L,K,-66.1,-37.6
5L0P,A,02,Q,W,L,K,-56.2,-51.0
2ZUT,A,00,Q,W,L,K,-55.9,-47.5
5Q5T,A,00,Q,W,L,K,-69.8,-47.3
5Q61,A,00,Q,W,L,K,-75.3,-42.0
5Q7N,A,00,Q,W,L,K,-69.1,-46.8
3RM9,A,00,Q,W,L,K,-63.2,-45.3
2QB0,B,00,Q,W,L,K,-62.7,-44.3
3FRM,F,00,Q,W,L,K,-68.7,-38.7
5Q2Z,A,00,Q,W,L,K,-72.9,-46.6
5Q8I,A,00,Q,W,L,K,-75.5,-46.0
5Q9J,A,00,Q,W,L,K,-71.7,-47.0
5AE1,C,00,Q,W,L,K,-95.9,-9.3
5Q3E,A,00,Q,W,L,K,-78.0,-47.4
5Q62,A,00,Q,W,L,K,-71.6,-46.9
5Q83,A,00,Q,W,L,K,-73.5,-43.8
6EKV,A,00,Q,W,L,K,-62.6,-12.8
4BBY,A,00,Q,W,L,K,-99.8,-2.4
5Q5X,A,00,Q,W,L,K,-75.8,-43.1
5Q85,A,00,Q,W,L,K,-67.3,-47.0
3FY1,A,00,Q,W,L,K,-59.6,-44.0
1KGQ,A,00,Q,W,L,K,-62.7,-24.2
5Q1K,A,00,Q,W,L,K,-72.2,-47.2
5Q3S,A,00,Q,W,L,K,-72.5,-46.1
5Q4P,A,00,Q,W,L,K,-73.8,-47.9
5Q4S,A,00,Q,W,L,K,-73.2,-52.1
5Q4I,A,00,Q,W,L,K,-69.9,-48.1
5Q73,A,00,Q,W,L,K,-75.2,-44.5
5Q8A,A,00,Q,W,L,K,-70.2,-45.9
6DYM,A,00,Q,W,L,K,-88.6,-9.3
2ZUS,A,00,Q,W,L,K,-60.2,-39.4
3IR1,A,00,Q,W,L,K,-62.7,-38.0
1QRQ,D,00,Q,W,L,K,-60.1,-42.2
5Q3D,A,00,Q,W,L,K,-71.6,-49.1
5Q94,A,00,Q,W,L,K,-71.9,-45.5
6GOU,D,00,Q,W,L,K,-84.1,-13.0
1CVS,D,00,Q,W,L,K,-113.1,136.9
2ZUT,B,00,Q,W,L,K,-57.0,-43.0
1Z68,A,00,Q,W,L,K,-118.7,151.1
5Q57,A,00,Q,W,L,K,-68.9,-47.9
5Q7A,A,00,Q,W,L,K,-73.5,-44.9
4ZOP,A,00,Q,W,L,K,-59.3,-44.3
3HZE,C,00,Q,W,L,K,-60.4,-42.8
4IT3,A,00,Q,W,L,K,-64.7,-38.6
5I79,B,00,Q,W,L,K,-62.7,-44.5
4JTD,A,00,Q,W,L,K,-58.0,-38.4
5Q6Q,A,00,Q,W,L,K,-74.8,-47.9
5K52,B,00,Q,W,L,K,-71.4,-37.1
1E51,B,00,Q,W,L,K,-44.9,-25.2
5Q3M,A,00,Q,W,L,K,-75.1,-48.1
5SWR,A,00,Q,W,L,K,-59.1,-39.0
2QB0,C,00,Q,W,L,K,-63.5,-46.6
2C1Z,A,00,Q,W,L,K,-63.2,-46.7
5Q3N,A,00,Q,W,L,K,-71.8,-47.8
5A6A,A,00,Q,W,L,K,-59.5,-51.4
4BBY,B,00,Q,W,L,K,-92.4,-3.4
3ZIM,A,00,Q,W,L,K,-57.7,-47.7
4WAF,A,00,Q,W,L,K,-56.2,-48.3
5Q8S,A,00,Q,W,L,K,-68.5,-43.9
5Q8U,A,00,Q,W,L,K,-68.5,-48.1
5Q9B,A,00,Q,W,L,K,-75.5,-48.1
5Q9Q,A,00,Q,W,L,K,-73.6,-48.8
3FXY,D,00,Q,W,L,K,-62.8,-45.2
5Q8C,A,00,Q,W,L,K,-64.4,-51.0
5AE2,D,00,Q,W,L,K,-95.1,-5.2
3TQL,A,00,Q,W,L,K,-61.1,-46.8
5Q5W,A,00,Q,W,L,K,-68.9,-48.6
5Q6C,A,00,Q,W,L,K,-74.8,-46.9
5Q7I,A,00,Q,W,L,K,-74.4,-44.9
5Q7P,A,00,Q,W,L,K,-66.7,-48.2
5Q1P,A,00,Q,W,L,K,-75.3,-45.6
5AE3,C,00,Q,W,L,K,-102.5,-1.8
2ZUV,B,00,Q,W,L,K,-62.9,-40.8
5Q5F,A,00,Q,W,L,K,-72.5,-46.6
5Q8G,A,00,Q,W,L,K,-64.6,-49.6
5I77,A,00,Q,W,L,K,-57.3,-45.4
5Q7H,A,00,Q,W,L,K,-63.6,-52.0
5Q8O,A,00,Q,W,L,K,-73.4,-46.6
5QA2,A,00,Q,W,L,K,-75.3,-45.1
4BCA,A,00,Q,W,L,K,-101.4,-5.0
5Q7Z,A,00,Q,W,L,K,-71.6,-43.4
5Q93,A,00,Q,W,L,K,-69.0,-49.2
3EAT,X,00,Q,W,L,K,-65.9,-44.6
1TDT,B,00,Q,W,L,K,-58.2,-30.9
3TK8,A,00,Q,W,L,K,-62.6,-27.0
5W21,C,00,Q,W,L,K,-105.6,119.0
6CVA,A,00,Q,W,L,K,-60.2,-34.3
5Q55,A,00,Q,W,L,K,-77.2,-46.4
5Q5Y,A,00,Q,W,L,K,-75.1,-50.4
2YBT,A,00,Q,W,L,K,-56.7,-42.9
2QAR,D,00,Q,W,L,K,-63.2,-38.5
2ZUS,C,00,Q,W,L,K,-60.0,-43.7
1Z68,B,00,Q,W,L,K,-111.6,160.4
5Q4Z,A,00,Q,W,L,K,-75.5,-45.7
5Q54,A,00,Q,W,L,K,-74.5,-47.0
5A6J,D,00,Q,W,L,K,-55.5,-50.6
5Q78,A,00,Q,W,L,K,-76.7,-44.7
5Q9P,A,00,Q,W,L,K,-75.8,-47.3
4BC9,A,00,Q,W,L,K,-109.1,-3.5
2QAR,B,00,Q,W,L,K,-60.7,-43.4
6G58,B,00,Q,W,L,K,-56.7,-48.3
3CT4,A,00,Q,W,L,K,-56.7,-45.2
5Q3X,A,00,Q,W,L,K,-73.1,-48.5
5Q4R,A,00,Q,W,L,K,-68.0,-47.3
5NZW,A,00,Q,W,L,K,-70.9,-41.5
5Q43,A,00,Q,W,L,K,-75.1,-44.3
5Q6Z,A,00,Q,W,L,K,-73.7,-42.8
3KZW,G,00,Q,W,L,K,-66.3,-41.2
5AE3,A,00,Q,W,L,K,-98.0,-2.6
5A6K,A,00,Q,W,L,K,-62.8,-48.9
2QJX,A,00,Q,W,L,K,-65.5,-41.7
4RS6,B,00,Q,W,L,K,-147.8,161.5
3IR1,C,00,Q,W,L,K,-66.5,-38.7
5Q1J,A,00,Q,W,L,K,-73.5,-47.9
5Q9H,A,00,Q,W,L,K,-71.3,-47.0
5SWP,A,00,Q,W,L,K,-58.1,-39.2
5Q2Q,A,00,Q,W,L,K,-77.7,-46.3
5Q3P,A,00,Q,W,L,K,-69.7,-49.4
5Q3V,A,00,Q,W,L,K,-70.6,-47.8
5Q5S,A,00,Q,W,L,K,-70.6,-44.6
5Q7F,A,00,Q,W,L,K,-71.5,-46.6
5Q4H,A,00,Q,W,L,K,-72.8,-44.3
2YBT,E,00,Q,W,L,K,-65.3,-42.7
2YBU,D,00,Q,W,L,K,-61.4,-35.4
1KGT,A,00,Q,W,L,K,-71.7,-18.2
3GOS,C,00,Q,W,L,K,-67.6,-27.8
3C6F,A,00,Q,W,L,K,-70.0,-43.2
5Q2R,A,00,Q,W,L,K,-77.6,-46.3
5Q46,A,00,Q,W,L,K,-74.6,-43.8
5XGH,A,00,Q,W,L,K,-66.5,-45.7
4L1B,A,00,Q,W,L,K,-56.8,-55.1
3KGK,A,00,Q,W,L,K,-57.1,-50.0
1YZY,B,00,Q,W,L,K,-65.7,-49.3
4TYZ,A,00,Q,W,L,K,-67.4,-42.6
5Q20,A,00,Q,W,L,K,-70.3,-45.3
5Q2C,A,00,Q,W,L,K,-69.6,-47.0
6O81,B,00,Q,W,L,K,-68.5,-36.6
6NUW,B,00,Q,W,L,K,-62.8,-35.7
5Q1W,A,00,Q,W,L,K,-71.2,-46.7
5Q4U,A,00,Q,W,L,K,-66.3,-49.1
5Q91,A,00,Q,W,L,K,-73.4,-42.3
3RM8,B,00,Q,W,L,K,-57.2,-46.8
3FRM,C,00,Q,W,L,K,-64.2,-46.1
1WRM,A,00,Q,W,L,K,-51.6,-55.5
5Q9D,A,00,Q,W,L,K,-72.4,-46.2
4BCA,C,00,Q,W,L,K,-106.4,-5.3
4JTC,G,00,Q,W,L,K,-64.2,-37.1
3EB3,A,00,Q,W,L,K,-63.5,-33.5
5Q64,A,00,Q,W,L,K,-72.0,-45.9
5Q81,A,00,Q,W,L,K,-71.1,-47.7
3KZW,H,00,Q,W,L,K,-66.5,-41.1
6DYR,A,00,Q,W,L,K,-88.4,-11.7
5Q4N,A,00,Q,W,L,K,-71.0,-44.4
5Q5O,A,00,Q,W,L,K,-67.9,-48.2
3FXY,C,00,Q,W,L,K,-57.3,-47.2
5A69,A,00,Q,W,L,K,-63.2,-52.6
5WIE,A,00,Q,W,L,K,-58.1,-35.9
5GS0,A,00,Q,W,L,K,-90.8,-18.0
3RME,B,00,Q,W,L,K,-59.3,-47.5
5AC4,B,00,Q,W,L,K,-60.2,-48.6
6EBL,E,00,Q,W,L,K,-67.9,-25.6
5Q2A,A,00,Q,W,L,K,-74.5,-45.7
5Q42,A,00,Q,W,L,K,-70.7,-47.7
5Q5I,A,00,Q,W,L,K,-69.1,-47.6
5Q76,A,00,Q,W,L,K,-75.0,-47.7
5Q71,A,00,Q,W,L,K,-67.3,-46.0
3CIY,A,00,Q,W,L,K,-81.4,-28.0
3ULV,A,00,Q,W,L,K,-78.0,-32.2
3FRM,D,00,Q,W,L,K,-62.9,-38.1
6G59,A,00,Q,W,L,K,-53.5,-48.8
6EBK,C,00,Q,W,L,K,-68.0,-25.5
5Q3Q,A,00,Q,W,L,K,-73.2,-46.7
5Q6M,A,00,Q,W,L,K,-75.6,-47.8
5Q9S,A,00,Q,W,L,K,-72.3,-47.5
1LKY,F,00,Q,W,L,K,-55.6,-36.4
6EBK,G,00,Q,W,L,K,-68.2,-25.1
5Q3L,A,00,Q,W,L,K,-70.6,-45.7
5Q6A,A,00,Q,W,L,K,-71.4,-51.6
5Q82,A,00,Q,W,L,K,-75.5,-43.2
3OJV,C,00,Q,W,L,K,-104.7,138.7
5A6B,D,00,Q,W,L,K,-59.7,-45.6
6FBT,A,00,Q,W,L,K,-71.1,-12.9
4TUU,A,00,Q,W,L,K,-71.1,-46.2
1IYN,A,00,Q,W,L,K,-71.4,9.8
5Q3R,A,00,Q,W,L,K,-75.1,-46.2
5Q4W,A,00,Q,W,L,K,-71.1,-39.9
5Q5V,A,00,Q,W,L,K,-70.9,-46.3
5Q60,A,00,Q,W,L,K,-75.0,-49.1
5SWT,A,00,Q,W,L,K,-67.7,-37.8
1RY7,B,00,Q,W,L,K,-118.9,115.4
5Q36,A,00,Q,W,L,K,-73.2,-50.3
5Q4A,A,00,Q,W,L,K,-68.9,-39.0
5A6B,C,00,Q,W,L,K,-63.4,-45.6
6OAC,A,00,Q,W,L,K,-60.3,-45.0
5Q4E,A,00,Q,W,L,K,-76.0,-45.5
6FCQ,A,00,Q,W,L,K,-78.2,-10.7
6DYN,A,00,Q,W,L,K,-93.9,-9.0
5I78,A,00,Q,W,L,K,-58.3,-48.0
5Q8E,A,00,Q,W,L,K,-70.7,-42.9
5Q90,A,00,Q,W,L,K,-76.0,-42.7
5SXB,A,00,Q,W,L,K,-50.1,-34.1
5SX9,A,00,Q,W,L,K,-61.6,-31.0
3PBK,A,00,Q,W,L,K,-69.5,-50.3
5Q4M,A,00,Q,W,L,K,-72.9,-45.4
5Q50,A,00,Q,W,L,K,-67.2,-49.2
1VF8,A,00,Q,W,L,K,-59.8,-40.9
5AE2,C,00,Q,W,L,K,-100.0,-7.8
5SXA,A,00,Q,W,L,K,-54.0,-39.1
5Q1N,A,00,Q,W,L,K,-70.4,-45.2
5Q4B,A,00,Q,W,L,K,-69.9,-46.0
5Q4X,A,00,Q,W,L,K,-72.4,-48.3
5Q88,A,00,Q,W,L,K,-69.9,-45.7
5Q92,A,00,Q,W,L,K,-72.2,-40.3
5Q9N,A,00,Q,W,L,K,-74.0,-44.7
1LKY,A,00,Q,W,L,K,-67.0,-44.8
6DYS,A,00,Q,W,L,K,-85.9,-9.1
5Q5K,A,00,Q,W,L,K,-72.9,-40.4
5Q7G,A,00,Q,W,L,K,-67.4,-49.0
5Q9K,A,00,Q,W,L,K,-67.2,-51.0
5N7Z,A,00,Q,W,L,K,-57.2,-40.9
5N80,A,00,Q,W,L,K,-61.0,-35.5
2JOF,A,00,Q,W,L,K,-47.3,-50.3
2JOF,A,01,Q,W,L,K,-51.2,-52.6
2JOF,A,02,Q,W,L,K,-53.3,-47.5
2JOF,A,03,Q,W,L,K,-47.9,-50.5
2JOF,A,04,Q,W,L,K,-49.7,-52.1
2JOF,A,05,Q,W,L,K,-51.9,-51.1
2JOF,A,06,Q,W,L,K,-48.5,-49.3
2JOF,A,07,Q,W,L,K,-52.1,-51.5
2JOF,A,08,Q,W,L,K,-52.2,-55.2
2JOF,A,09,Q,W,L,K,-48.0,-52.5
2JOF,A,10,Q,W,L,K,-58.3,-52.1
2JOF,A,11,Q,W,L,K,-53.9,-47.7
2JOF,A,12,Q,W,L,K,-50.2,-48.8
2JOF,A,13,Q,W,L,K,-51.9,-48.1
2JOF,A,14,Q,W,L,K,-51.0,-49.8
2JOF,A,15,Q,W,L,K,-51.1,-48.6
2JOF,A,16,Q,W,L,K,-50.7,-50.5
2JOF,A,17,Q,W,L,K,-49.8,-51.5
2JOF,A,18,Q,W,L,K,-51.1,-49.8
2JOF,A,19,Q,W,L,K,-49.9,-47.8
2JOF,A,20,Q,W,L,K,-52.2,-46.9
2JOF,A,21,Q,W,L,K,-54.5,-44.1
2JOF,A,22,Q,W,L,K,-50.3,-50.8
2JOF,A,23,Q,W,L,K,-53.5,-49.5
2JOF,A,24,Q,W,L,K,-49.8,-51.6
2JOF,A,25,Q,W,L,K,-53.9,-47.7
2JOF,A,26,Q,W,L,K,-50.0,-50.4
2JOF,A,27,Q,W,L,K,-53.7,-51.0
1WWL,B,00,Q,W,L,K,-99.9,-4.6
5Q2Y,A,00,Q,W,L,K,-70.6,-48.3
3KZW,L,00,Q,W,L,K,-65.7,-41.6
6JLW,J,00,Q,W,L,K,-74.0,-22.6
4KR1,A,00,Q,W,L,K,-55.4,-47.2
5Q6Y,A,00,Q,W,L,K,-70.1,-46.0
5Q79,A,00,Q,W,L,K,-71.6,-44.7
5Q8X,A,00,Q,W,L,K,-74.4,-46.3
5A6J,B,00,Q,W,L,K,-61.8,-50.4
5Q7Q,A,00,Q,W,L,K,-71.5,-43.9
5Q8D,A,00,Q,W,L,K,-75.1,-45.0
5Q8T,A,00,Q,W,L,K,-66.8,-48.5
3HZE,D,00,Q,W,L,K,-64.9,-46.1
4UCS,A,00,Q,W,L,K,-67.1,-45.0
5Q2D,A,00,Q,W,L,K,-72.3,-45.6
5Q2E,A,00,Q,W,L,K,-71.9,-46.6
5Q5Z,A,00,Q,W,L,K,-73.3,-47.4
5ITD,A,00,Q,W,L,K,-56.6,-44.8
5SWG,A,00,Q,W,L,K,-53.5,-38.9
3OO2,B,00,Q,W,L,K,-62.7,-43.1
5Q6W,A,00,Q,W,L,K,-75.7,-45.0
5Q72,A,00,Q,W,L,K,-77.2,-44.2
5Q8N,A,00,Q,W,L,K,-73.0,-45.6
3FXY,A,00,Q,W,L,K,-56.1,-45.4
5Q1R,A,00,Q,W,L,K,-72.7,-46.9
5Q3A,A,00,Q,W,L,K,-75.8,-46.2
2YBT,C,00,Q,W,L,K,-61.3,-41.8
3C6F,C,00,Q,W,L,K,-64.1,-37.3
5Q1Z,A,00,Q,W,L,K,-74.6,-47.1
5DXH,A,00,Q,W,L,K,-61.4,-51.7
4OVV,A,00,Q,W,L,K,-60.2,-40.0
1LKY,D,00,Q,W,L,K,-68.5,-35.8
5Q1Y,A,00,Q,W,L,K,-72.5,-47.8
5Q65,A,00,Q,W,L,K,-67.7,-49.2
5Q6T,A,00,Q,W,L,K,-67.0,-47.4
5Q8R,A,00,Q,W,L,K,-72.6,-45.3
5QA1,A,00,Q,W,L,K,-70.7,-48.3
4BBY,C,00,Q,W,L,K,-96.4,-3.3
2FXA,A,00,Q,W,L,K,-54.2,-37.6
3GOS,A,00,Q,W,L,K,-63.1,-28.1
5NZX,A,00,Q,W,L,K,-72.5,-48.7
5Q3Z,A,00,Q,W,L,K,-68.9,-44.3
5Q8V,A,00,Q,W,L,K,-72.4,-47.5
5Q69,A,00,Q,W,L,K,-71.4,-49.1
1E8B,A,00,Q,W,L,K,-170.2,129.3
2QAR,E,00,Q,W,L,K,-61.2,-42.8
3FRM,A,00,Q,W,L,K,-56.0,-37.1
3GXA,D,00,Q,W,L,K,-59.9,-37.1
5Q2S,A,00,Q,W,L,K,-72.9,-46.1
3MWH,B,00,Q,W,L,K,-58.3,-41.3
4BC7,D,00,Q,W,L,K,-100.0,-9.8
4A3Q,B,00,Q,W,L,K,-60.5,-46.2
5Q3T,A,00,Q,W,L,K,-72.7,-51.2
5Q86,A,00,Q,W,L,K,-74.7,-44.3
5Q97,A,00,Q,W,L,K,-72.8,-46.0
3KZW,D,00,Q,W,L,K,-66.7,-40.7
5Q2I,A,00,Q,W,L,K,-65.1,-44.6
5SXD,A,00,Q,W,L,K,-56.7,-33.5
6G59,B,00,Q,W,L,K,-52.3,-49.5
4WOH,A,00,Q,W,L,K,-55.0,-47.2
2ZUS,B,00,Q,W,L,K,-55.8,-41.2
3GXA,B,00,Q,W,L,K,-61.4,-41.9
5Q2G,A,00,Q,W,L,K,-76.5,-44.3
5Q6E,A,00,Q,W,L,K,-74.6,-47.0
5Q84,A,00,Q,W,L,K,-70.8,-44.2
3FXY,B,00,Q,W,L,K,-58.4,-48.7
2TDT,A,00,Q,W,L,K,-71.4,-17.3
1WWL,A,00,Q,W,L,K,-113.4,-5.0
5I78,B,00,Q,W,L,K,-63.5,-45.0
2A79,A,00,Q,W,L,K,-55.2,-39.4
5Q3J,A,00,Q,W,L,K,-72.8,-48.7
2YBU,F,00,Q,W,L,K,-54.9,-49.5
5Q9X,A,00,Q,W,L,K,-72.5,-46.2
6G56,A,00,Q,W,L,K,-60.4,-46.7
5W59,B,00,Q,W,L,K,-104.2,141.4
3PN1,A,00,Q,W,L,K,-73.7,-39.7
5Q3G,A,00,Q,W,L,K,-75.4,-46.0
5Q40,A,00,Q,W,L,K,-67.7,-43.3
5Q68,A,00,Q,W,L,K,-67.3,-52.2
5AC4,A,00,Q,W,L,K,-65.2,-46.5
1YZY,A,00,Q,W,L,K,-68.4,-54.9
1QRQ,B,00,Q,W,L,K,-60.1,-42.2
4UFZ,A,00,Q,W,L,K,-64.0,-47.3
5Q4T,A,00,Q,W,L,K,-73.8,-45.8
5Q5N,A,00,Q,W,L,K,-71.8,-42.8
5Q89,A,00,Q,W,L,K,-69.5,-45.8
5Q95,A,00,Q,W,L,K,-71.8,-48.6
5Q98,A,00,Q,W,L,K,-65.1,-46.9
2QB0,D,00,Q,W,L,K,-62.8,-44.5
3TDT,A,00,Q,W,L,K,-74.1,-20.0
5UWZ,A,00,Q,W,L,K,-56.7,-48.1
3BAC,A,00,Q,W,L,K,-68.4,-43.7
5Q1T,A,00,Q,W,L,K,-73.1,-44.7
6O81,A,00,Q,W,L,K,-68.4,-36.6
5A6B,B,00,Q,W,L,K,-61.9,-47.4
4A55,A,00,Q,W,L,K,-79.9,-47.7
3HHM,A,00,Q,W,L,K,-60.5,-42.8
6CKT,A,00,Q,W,L,K,-65.5,-28.2
2ZUU,B,00,Q,W,L,K,-50.5,-49.2
3GXA,E,00,Q,W,L,K,-61.2,-42.1
5Q4G,A,00,Q,W,L,K,-72.7,-43.8
5Q5E,A,00,Q,W,L,K,-74.2,-46.3
5UBR,A,00,Q,W,L,K,-62.6,-44.5
3IR1,F,00,Q,W,L,K,-66.2,-34.2
5KOK,A,00,Q,W,L,K,-57.7,-46.7
5Q5M,A,00,Q,W,L,K,-68.8,-45.9
5Q80,A,00,Q,W,L,K,-74.6,-47.1
5AC5,B,00,Q,W,L,K,-60.2,-49.3
4B87,A,00,Q,W,L,K,-77.9,-44.7
5Q8Q,A,00,Q,W,L,K,-72.5,-40.4
5DXH,D,00,Q,W,L,K,-61.7,-51.2
4L23,A,00,Q,W,L,K,-56.6,-51.7
6NCT,A,00,Q,W,L,K,-56.9,-46.5
6G58,A,00,Q,W,L,K,-57.3,-48.6
2ZUU,D,00,Q,W,L,K,-68.3,-37.9
6EBL,C,00,Q,W,L,K,-68.0,-25.5
5Q2T,A,00,Q,W,L,K,-75.7,-48.3
5QA0,A,00,Q,W,L,K,-73.1,-49.8
3RKO,J,00,Q,W,L,K,-73.4,-40.4
3EB4,A,00,Q,W,L,K,-59.0,-38.2
5Q2F,A,00,Q,W,L,K,-76.1,-44.4
3RM8,A,00,Q,W,L,K,-61.5,-44.5
5Q67,A,00,Q,W,L,K,-72.9,-49.0
1QO6,A,00,Q,W,L,K,-140.5,-174.6
1QO6,A,01,Q,W,L,K,-154.4,-176.0
1QO6,A,02,Q,W,L,K,-137.3,-172.7
1QO6,A,03,Q,W,L,K,-166.4,-175.8
1QO6,A,04,Q,W,L,K,179.2,178.1
1QO6,A,05,Q,W,L,K,-143.9,-175.0
1QO6,A,06,Q,W,L,K,-123.6,-166.0
1QO6,A,07,Q,W,L,K,-151.3,-176.5
1QO6,A,08,Q,W,L,K,-166.8,-175.9
1QO6,A,09,Q,W,L,K,-134.9,-165.8
1QO6,A,10,Q,W,L,K,-130.6,-164.3
1QO6,A,11,Q,W,L,K,-144.4,-174.5
1QO6,A,12,Q,W,L,K,-122.3,-174.5
1QO6,A,13,Q,W,L,K,-165.2,-175.3
1QO6,A,14,Q,W,L,K,-171.3,176.7
1QO6,A,15,Q,W,L,K,-131.5,-169.9
1QO6,A,16,Q,W,L,K,-152.0,-168.2
1QO6,A,17,Q,W,L,K,-156.4,-160.6
1QO6,A,18,Q,W,L,K,-137.4,-173.1
1QO6,A,19,Q,W,L,K,-167.1,-178.3
1QO6,A,20,Q,W,L,K,-147.0,-165.7
1QO6,A,21,Q,W,L,K,-160.3,-179.5
1QO6,A,22,Q,W,L,K,-159.8,-173.0
1QO6,A,23,Q,W,L,K,-154.4,-175.1
1QO6,A,24,Q,W,L,K,-142.6,-172.0
1QO6,A,25,Q,W,L,K,-141.3,-171.8
1QO6,A,26,Q,W,L,K,-169.1,-171.2
1QO6,A,27,Q,W,L,K,-144.9,-174.8
1QO6,A,28,Q,W,L,K,-164.3,-170.4
1QO6,A,29,Q,W,L,K,-129.4,-170.7
1QO6,A,30,Q,W,L,K,-144.5,-169.0
1QO6,A,31,Q,W,L,K,-174.0,-177.8
1QO6,A,32,Q,W,L,K,-150.3,179.9
1QO6,A,33,Q,W,L,K,-147.0,-171.2
1QO6,A,34,Q,W,L,K,-154.0,-158.8
1QO6,A,35,Q,W,L,K,-171.5,-173.3
1QO6,A,36,Q,W,L,K,-163.8,-165.8
1QO6,A,37,Q,W,L,K,-150.9,-174.6
1QO6,A,38,Q,W,L,K,-161.3,-165.7
1QO6,A,39,Q,W,L,K,-131.5,-167.9
1QO6,A,40,Q,W,L,K,-135.8,-176.9
1QO6,A,41,Q,W,L,K,-174.6,179.9
1QO6,A,42,Q,W,L,K,-155.2,-162.1
1QO6,A,43,Q,W,L,K,-118.3,-175.0
1QO6,A,44,Q,W,L,K,-142.7,-175.6
1QO6,A,45,Q,W,L,K,-151.8,-165.4
1QO6,A,46,Q,W,L,K,-159.1,-178.6
1QO6,A,47,Q,W,L,K,-155.9,-161.3
1QO6,A,48,Q,W,L,K,-119.0,-167.0
1QO6,A,49,Q,W,L,K,-108.5,-163.0
1QO6,A,50,Q,W,L,K,179.8,-167.2
1QO6,A,51,Q,W,L,K,-143.6,-174.2
1QO6,A,52,Q,W,L,K,-161.6,-161.8
1QO6,A,53,Q,W,L,K,-162.3,-162.9
1QO6,A,54,Q,W,L,K,-119.0,-170.9
3MQL,A,00,Q,W,L,K,-146.1,174.1
1LKY,C,00,Q,W,L,K,-57.1,-44.3
3BXY,A,00,Q,W,L,K,-62.4,-29.4
5Q33,A,00,Q,W,L,K,-72.7,-49.9
5K52,D,00,Q,W,L,K,-71.3,-37.3
3LNM,C,00,Q,W,L,K,-65.0,-33.0
5Q2W,A,00,Q,W,L,K,-68.5,-46.0
5Q58,A,00,Q,W,L,K,-68.9,-46.3
5A6A,B,00,Q,W,L,K,-58.8,-53.0
2ZUS,D,00,Q,W,L,K,-52.1,-41.9
5Q6J,A,00,Q,W,L,K,-72.8,-46.5
4BBY,D,00,Q,W,L,K,-95.2,1.0
1FQ9,C,00,Q,W,L,K,-103.8,136.1
6EBL,G,00,Q,W,L,K,-68.2,-25.1
5Q8B,A,00,Q,W,L,K,-81.2,-42.4
3KZW,A,00,Q,W,L,K,-66.0,-41.0
4TYZ,B,00,Q,W,L,K,-73.7,-41.6
3LNM,A,00,Q,W,L,K,-56.3,-36.8
5Q7X,A,00,Q,W,L,K,-71.5,-40.7
5Q8K,A,00,Q,W,L,K,-70.7,-45.1
5Q8H,A,00,Q,W,L,K,-69.1,-42.8
5KPC,B,00,Q,W,L,K,-60.5,-35.0
3CT4,B,00,Q,W,L,K,-56.3,-43.9
5Q44,A,00,Q,W,L,K,-73.3,-48.1
5Q63,A,00,Q,W,L,K,-70.2,-49.5
5Q6H,A,00,Q,W,L,K,-76.2,-45.6
1FQ9,D,00,Q,W,L,K,-100.2,133.6
3WFZ,B,00,Q,W,L,K,-64.9,-36.0
2ZUV,A,00,Q,W,L,K,-59.2,-41.6
3GXA,A,00,Q,W,L,K,-67.7,-31.6
5Q6B,A,00,Q,W,L,K,-68.9,-48.7
3SCL,A,00,W,L,K,D,-48.7,-28.0
2ZPD,A,00,W,L,K,D,-69.6,137.7
2QSX,B,00,W,L,K,D,-61.7,-48.0
3WC2,A,00,W,L,K,D,-66.3,-15.9
5O31,i,00,W,L,K,D,-73.5,-41.8
6F3Z,D,00,W,L,K,D,-79.8,129.4
2FVU,A,00,W,L,K,D,-88.0,114.6
1N4Q,A,00,W,L,K,D,-59.1,-48.7
1TNU,G,00,W,L,K,D,-55.3,-53.6
1LBL,A,00,W,L,K,D,-55.8,-28.2
3NZ1,A,00,W,L,K,D,-66.4,-30.8
4EZC,A,00,W,L,K,D,-58.8,-41.4
1U94,A,00,W,L,K,D,-63.0,-46.1
6DU6,B,00,W,L,K,D,-70.9,-37.5
2Y7C,C,00,W,L,K,D,-141.1,5.2
2Y7H,B,00,W,L,K,D,-96.2,-30.5
2RHS,D,00,W,L,K,D,-60.8,-35.2
2JBS,A,00,W,L,K,D,-100.8,-38.6
4GTP,A,00,W,L,K,D,-73.2,-59.0
2JBT,C,00,W,L,K,D,-100.2,-24.1
3WC0,H,00,W,L,K,D,-69.3,-13.2
5SXE,A,00,W,L,K,D,-61.7,-34.9
5DNA,A,00,W,L,K,D,-60.0,-39.8
2EDF,A,00,W,L,K,D,-87.9,112.4
2EDF,A,01,W,L,K,D,-88.7,107.9
2EDF,A,02,W,L,K,D,-83.3,112.5
2EDF,A,03,W,L,K,D,-77.9,109.8
2EDF,A,04,W,L,K,D,-81.2,111.1
2EDF,A,05,W,L,K,D,-98.9,114.8
2EDF,A,06,W,L,K,D,-91.1,112.6
2EDF,A,07,W,L,K,D,-86.2,105.2
2EDF,A,08,W,L,K,D,-84.8,108.2
2EDF,A,09,W,L,K,D,-86.5,119.5
2EDF,A,10,W,L,K,D,-86.0,104.0
2EDF,A,11,W,L,K,D,-82.6,108.4
2EDF,A,12,W,L,K,D,-88.4,103.9
2EDF,A,13,W,L,K,D,-85.1,115.9
2EDF,A,14,W,L,K,D,-91.9,108.8
2EDF,A,15,W,L,K,D,-61.2,112.6
2EDF,A,16,W,L,K,D,-79.3,116.3
2EDF,A,17,W,L,K,D,-77.7,112.9
2EDF,A,18,W,L,K,D,-85.8,115.7
2EDF,A,19,W,L,K,D,-87.4,118.8
4FXG,A,00,W,L,K,D,-59.8,-14.1
3KBH,D,00,W,L,K,D,-90.0,-33.0
1TNZ,C,00,W,L,K,D,-56.5,-52.9
3LQQ,B,00,W,L,K,D,-115.9,114.7
1EXB,A,00,W,L,K,D,-62.8,-37.1
2ODG,B,00,W,L,K,D,-64.3,-49.1
5LCN,D,00,W,L,K,D,-65.7,-35.2
1N4S,E,00,W,L,K,D,-61.3,-47.1
3THI,A,00,W,L,K,D,-59.1,-34.3
2EZZ,A,00,W,L,K,D,-61.0,-50.0
2EZZ,A,01,W,L,K,D,-60.2,-50.1
2EZZ,A,02,W,L,K,D,-60.8,-49.7
2EZZ,A,03,W,L,K,D,-61.8,-49.1
2EZZ,A,04,W,L,K,D,-63.4,-46.3
2EZZ,A,05,W,L,K,D,-62.4,-46.5
2EZZ,A,06,W,L,K,D,-61.1,-49.9
2EZZ,A,07,W,L,K,D,-66.7,-43.7
2EZZ,A,08,W,L,K,D,-64.2,-48.2
2EZZ,A,09,W,L,K,D,-61.8,-49.9
2EZZ,A,10,W,L,K,D,-62.6,-49.3
2EZZ,A,11,W,L,K,D,-64.7,-47.7
2EZZ,A,12,W,L,K,D,-66.4,-44.0
2EZZ,A,13,W,L,K,D,-63.0,-47.5
2EZZ,A,14,W,L,K,D,-61.7,-48.4
2EZZ,A,15,W,L,K,D,-65.2,-44.9
2EZZ,A,16,W,L,K,D,-63.3,-47.7
2EZZ,A,17,W,L,K,D,-64.1,-47.0
2EZZ,A,18,W,L,K,D,-62.1,-48.1
2EZZ,A,19,W,L,K,D,-64.7,-46.0
1S3N,B,00,W,L,K,D,-48.0,-51.9
3WBZ,B,00,W,L,K,D,-68.6,-16.5
4GN1,D,00,W,L,K,D,-83.9,150.8
4M9Y,A,00,W,L,K,D,-114.9,115.0
5GZ4,A,00,W,L,K,D,-48.1,-63.5
1S64,K,00,W,L,K,D,-61.2,-47.4
1TNZ,E,00,W,L,K,D,-56.9,-53.0
4M9S,C,00,W,L,K,D,-114.6,115.6
3WFZ,A,00,W,L,K,D,-61.4,-35.8
5YMW,A,00,W,L,K,D,-98.8,119.8
5VKM,A,00,W,L,K,D,-127.3,146.8
4FXG,D,00,W,L,K,D,-60.2,-15.3
1O1T,A,00,W,L,K,D,-51.6,-46.4
3LQR,B,00,W,L,K,D,-126.8,117.9
3D0G,A,00,W,L,K,D,-46.4,-53.8
3WC0,N,00,W,L,K,D,-69.8,-13.9
3D0G,B,00,W,L,K,D,-65.5,-49.3
4U10,A,00,W,L,K,D,-66.9,-38.3
4CVZ,A,00,W,L,K,D,-93.4,140.7
1QRQ,D,00,W,L,K,D,-60.1,-42.2
3CMV,A,00,W,L,K,D,-94.7,-45.2
3CMV,A,01,W,L,K,D,-78.0,-52.7
3CMV,A,02,W,L,K,D,-104.5,-31.0
3CMV,A,03,W,L,K,D,-78.1,-61.4
4L2Y,A,00,W,L,K,D,-64.6,-44.0
2MQ3,A,00,W,L,K,D,-98.7,124.1
2MQ3,A,01,W,L,K,D,-98.5,119.8
2MQ3,A,02,W,L,K,D,-97.9,120.8
2MQ3,A,03,W,L,K,D,-98.0,121.4
2MQ3,A,04,W,L,K,D,-98.2,115.9
2MQ3,A,05,W,L,K,D,-98.8,115.4
2MQ3,A,06,W,L,K,D,-98.6,129.4
2MQ3,A,07,W,L,K,D,-99.3,138.1
2MQ3,A,08,W,L,K,D,-98.2,122.1
2MQ3,A,09,W,L,K,D,-98.3,137.4
1KZP,A,00,W,L,K,D,-58.4,-46.0
6EBK,E,00,W,L,K,D,-67.9,-25.6
2ZUS,D,00,W,L,K,D,-52.1,-41.9
1R42,A,00,W,L,K,D,-69.4,-44.1
5UBR,A,00,W,L,K,D,-62.6,-44.5
5UK8,A,00,W,L,K,D,-52.6,-45.5
2RHQ,B,00,W,L,K,D,-65.2,-44.5
5G59,A,00,W,L,K,D,-61.9,-43.5
4Q3L,B,00,W,L,K,D,-71.2,-52.2
2R2L,A,00,W,L,K,D,-57.4,-43.4
2THI,A,00,W,L,K,D,-64.2,-41.0
3D0H,B,00,W,L,K,D,-77.9,-39.0
3SCJ,A,00,W,L,K,D,-60.1,-31.0
6GHD,E,00,W,L,K,D,-64.8,-44.9
1N4R,A,00,W,L,K,D,-59.8,-51.2
1QBQ,A,00,W,L,K,D,-59.4,-42.6
1U98,A,00,W,L,K,D,-60.8,-59.4
1HOW,A,00,W,L,K,D,-66.6,-23.4
4JVU,A,00,W,L,K,D,-115.1,140.3
4DN7,A,00,W,L,K,D,-65.2,-17.5
1S64,G,00,W,L,K,D,-60.3,-48.4
1TNU,C,00,W,L,K,D,-55.4,-52.9
4M9Z,C,00,W,L,K,D,-114.9,115.8
3IR1,E,00,W,L,K,D,-65.6,-39.9
3CMV,F,00,W,L,K,D,-94.8,-45.3
3CMV,F,01,W,L,K,D,-77.9,-52.9
3CMV,F,02,W,L,K,D,-104.3,-31.0
3CMV,F,03,W,L,K,D,-78.1,-61.3
3D0I,B,00,W,L,K,D,-65.4,-41.3
5J3B,A,00,W,L,K,D,-107.0,2.0
2JBS,D,00,W,L,K,D,-100.3,-35.5
1TNB,C,00,W,L,K,D,-59.0,-51.4
2FSS,A,00,W,L,K,D,-57.2,-47.8
5GJY,A,00,W,L,K,D,-107.8,127.8
6EBL,C,00,W,L,K,D,-68.0,-25.5
3CMW,A,00,W,L,K,D,-65.3,-45.0
3CMW,A,01,W,L,K,D,-64.8,-45.4
3CMW,A,02,W,L,K,D,-65.7,-44.9
3CMW,A,03,W,L,K,D,-65.8,-44.8
3CMW,A,04,W,L,K,D,-66.6,-44.5
1Q99,B,00,W,L,K,D,-66.7,-20.5
3U4A,B,00,W,L,K,D,-125.3,120.7
5K7J,B,00,W,L,K,D,-60.6,-36.4
5GZ5,A,00,W,L,K,D,-53.8,-40.5
4M9X,A,00,W,L,K,D,-114.9,115.0
5JPN,A,00,W,L,K,D,-63.8,-31.3
3LQQ,A,00,W,L,K,D,-115.8,115.3
3BEW,D,00,W,L,K,D,-97.3,142.5
5JTW,D,00,W,L,K,D,-53.6,-33.4
1TNB,E,00,W,L,K,D,-58.6,-52.7
5WIE,G,00,W,L,K,D,-60.9,-37.6
3PZ4,A,00,W,L,K,D,-69.8,-46.2
4CKC,E,00,W,L,K,D,-102.3,26.2
4D0D,J,00,W,L,K,D,-83.2,136.4
3WC0,A,00,W,L,K,D,-69.6,-13.6
3WC0,M,00,W,L,K,D,-69.4,-13.7
3NYZ,A,00,W,L,K,D,-61.2,-25.3
1CI4,B,00,W,L,K,D,-65.9,-42.8
1TNB,A,00,W,L,K,D,-58.6,-53.4
5X9W,B,00,W,L,K,D,-108.6,139.4
2J6I,B,00,W,L,K,D,-52.9,-49.2
5G5M,B,00,W,L,K,D,-59.6,-40.8
3WC0,G,00,W,L,K,D,-69.6,-13.6
4JPS,A,00,W,L,K,D,-61.3,-44.6
3KSQ,A,00,W,L,K,D,-55.6,-46.5
2ZUU,C,00,W,L,K,D,-53.1,-40.6
1Q8Y,A,00,W,L,K,D,-67.3,-22.2
2JBT,B,00,W,L,K,D,-98.6,-23.5
2JBT,D,00,W,L,K,D,-97.2,-23.7
4Q3L,A,00,W,L,K,D,-66.8,-51.9
4CKB,B,00,W,L,K,D,-93.4,26.3
4CKC,B,00,W,L,K,D,-101.9,26.3
5K7J,A,00,W,L,K,D,-66.4,-34.4
2AHD,C,00,W,L,K,D,-59.8,-34.9
2JBR,D,00,W,L,K,D,-100.1,-20.9
5YK4,B,00,W,L,K,D,-111.3,151.8
1D8E,A,00,W,L,K,D,-53.7,-50.8
1O5M,A,00,W,L,K,D,-57.2,-45.1
4G42,A,00,W,L,K,D,-105.2,134.8
3LNM,C,00,W,L,K,D,-65.0,-33.0
2X7J,C,00,W,L,K,D,-65.0,-54.1
2FSS,B,00,W,L,K,D,-51.6,-39.8
4XAM,A,00,W,L,K,D,-45.3,-37.7
4DN7,B,00,W,L,K,D,-71.5,-18.0
5ITD,A,00,W,L,K,D,-56.6,-44.8
3SCL,B,00,W,L,K,D,-63.1,-49.0
3GXA,D,00,W,L,K,D,-59.9,-37.1
6EBL,G,00,W,L,K,D,-68.2,-25.1
2RF1,A,00,W,L,K,D,-68.2,-39.3
1TNB,K,00,W,L,K,D,-59.0,-51.4
2QSX,A,00,W,L,K,D,-61.2,-47.1
5I77,A,00,W,L,K,D,-57.3,-45.4
2X7J,A,00,W,L,K,D,-54.2,-61.0
3U48,A,00,W,L,K,D,-123.5,121.1
1L2Y,A,00,W,L,K,D,-73.1,-43.4
1L2Y,A,01,W,L,K,D,-66.8,-45.9
1L2Y,A,02,W,L,K,D,-64.0,-43.6
1L2Y,A,03,W,L,K,D,-57.5,-47.0
1L2Y,A,04,W,L,K,D,-61.4,-46.3
1L2Y,A,05,W,L,K,D,-62.9,-39.3
1L2Y,A,06,W,L,K,D,-65.0,-47.2
1L2Y,A,07,W,L,K,D,-63.0,-45.1
1L2Y,A,08,W,L,K,D,-64.5,-45.3
1L2Y,A,09,W,L,K,D,-76.4,-43.6
1L2Y,A,10,W,L,K,D,-61.6,-47.1
1L2Y,A,11,W,L,K,D,-61.2,-39.1
1L2Y,A,12,W,L,K,D,-62.0,-46.1
1L2Y,A,13,W,L,K,D,-62.8,-43.6
1L2Y,A,14,W,L,K,D,-60.7,-39.7
1L2Y,A,15,W,L,K,D,-64.0,-47.3
1L2Y,A,16,W,L,K,D,-60.1,-44.5
1L2Y,A,17,W,L,K,D,-62.8,-46.1
1L2Y,A,18,W,L,K,D,-60.7,-45.4
1L2Y,A,19,W,L,K,D,-59.9,-47.1
1L2Y,A,20,W,L,K,D,-61.4,-47.5
1L2Y,A,21,W,L,K,D,-61.5,-47.2
1L2Y,A,22,W,L,K,D,-60.2,-45.5
1L2Y,A,23,W,L,K,D,-60.6,-38.2
1L2Y,A,24,W,L,K,D,-55.5,-50.8
1L2Y,A,25,W,L,K,D,-64.3,-42.4
1L2Y,A,26,W,L,K,D,-60.6,-42.0
1L2Y,A,27,W,L,K,D,-61.0,-43.0
1L2Y,A,28,W,L,K,D,-62.7,-49.4
1L2Y,A,29,W,L,K,D,-62.8,-45.9
1L2Y,A,30,W,L,K,D,-57.5,-43.0
1L2Y,A,31,W,L,K,D,-60.1,-38.1
1L2Y,A,32,W,L,K,D,-65.3,-43.5
1L2Y,A,33,W,L,K,D,-60.5,-46.4
1L2Y,A,34,W,L,K,D,-62.4,-44.3
1L2Y,A,35,W,L,K,D,-57.7,-44.5
1L2Y,A,36,W,L,K,D,-64.9,-45.2
1L2Y,A,37,W,L,K,D,-59.6,-47.9
5DN9,B,00,W,L,K,D,-58.9,-43.7
1D8D,A,00,W,L,K,D,-62.2,-45.9
5SWT,A,00,W,L,K,D,-67.7,-37.8
4EZD,A,00,W,L,K,D,-63.5,-42.5
4GTQ,A,00,W,L,K,D,-68.7,-43.7
4JJN,L,00,W,L,K,D,-118.1,144.6
5LX9,A,00,W,L,K,D,-65.8,-10.4
5G5M,A,00,W,L,K,D,-60.1,-39.9
4TWZ,A,00,W,L,K,D,-55.3,-57.3
2YEZ,A,00,W,L,K,D,-89.7,145.2
1Q8Y,B,00,W,L,K,D,-66.1,-21.7
1RIJ,A,00,W,L,K,D,-62.7,-42.8
1RIJ,A,01,W,L,K,D,-66.0,-42.5
1RIJ,A,02,W,L,K,D,-65.1,-40.6
1RIJ,A,03,W,L,K,D,-63.0,-39.8
1RIJ,A,04,W,L,K,D,-64.1,-40.0
1RIJ,A,05,W,L,K,D,-64.7,-40.4
1RIJ,A,06,W,L,K,D,-64.4,-40.3
1RIJ,A,07,W,L,K,D,-65.6,-42.1
1RIJ,A,08,W,L,K,D,-63.6,-40.7
1RIJ,A,09,W,L,K,D,-65.3,-40.4
1RIJ,A,10,W,L,K,D,-63.7,-40.6
1RIJ,A,11,W,L,K,D,-65.2,-41.5
1RIJ,A,12,W,L,K,D,-65.9,-43.0
1RIJ,A,13,W,L,K,D,-81.0,-39.3
1RIJ,A,14,W,L,K,D,-64.4,-39.3
1RIJ,A,15,W,L,K,D,-64.1,-42.7
1RIJ,A,16,W,L,K,D,-62.9,-44.0
1RIJ,A,17,W,L,K,D,-63.9,-41.3
1RIJ,A,18,W,L,K,D,-64.9,-42.1
1RIJ,A,19,W,L,K,D,-64.9,-39.7
1RIJ,A,20,W,L,K,D,-66.9,-40.9
1RIJ,A,21,W,L,K,D,-65.6,-40.7
1RIJ,A,22,W,L,K,D,-64.0,-42.5
1RIJ,A,23,W,L,K,D,-61.8,-43.0
1RIJ,A,24,W,L,K,D,-63.7,-41.7
1RIJ,A,25,W,L,K,D,-64.9,-41.0
1RIJ,A,26,W,L,K,D,-64.9,-43.4
1RIJ,A,27,W,L,K,D,-64.0,-40.5
1RIJ,A,28,W,L,K,D,-65.2,-38.8
1RIJ,A,29,W,L,K,D,-65.8,-39.4
6D4B,A,00,W,L,K,D,-66.5,-45.9
6D4B,B,00,W,L,K,D,-60.4,-47.4
2PZI,A,00,W,L,K,D,-72.1,-44.1
3U48,B,00,W,L,K,D,-126.8,123.3
5SXC,A,00,W,L,K,D,-68.0,-34.1
5SXD,A,00,W,L,K,D,-56.7,-33.5
5SXA,A,00,W,L,K,D,-54.0,-39.1
5I79,A,00,W,L,K,D,-63.9,-43.1
3WC2,C,00,W,L,K,D,-66.6,-16.5
6EBL,E,00,W,L,K,D,-67.9,-25.6
5A08,A,00,W,L,K,D,-59.7,-43.0
5UL1,A,00,W,L,K,D,-56.3,-51.1
4CKE,B,00,W,L,K,D,-118.5,31.7
4M9X,B,00,W,L,K,D,-115.3,114.4
5WIE,A,00,W,L,K,D,-58.1,-35.9
6FCR,A,00,W,L,K,D,-77.2,-1.6
2PZI,B,00,W,L,K,D,-49.3,-37.0
1S3M,A,00,W,L,K,D,-58.7,-35.9
1TNU,K,00,W,L,K,D,-56.9,-51.6
4M9Y,B,00,W,L,K,D,-115.4,115.1
4GMV,B,00,W,L,K,D,-77.5,130.4
1Q8Z,A,00,W,L,K,D,-67.4,-21.4
1VF8,A,00,W,L,K,D,-59.8,-40.9
5XGI,A,00,W,L,K,D,-61.4,-48.2
5JTW,A,00,W,L,K,D,-56.9,-39.1
2JBR,A,00,W,L,K,D,-100.1,-21.5
3E33,A,00,W,L,K,D,-59.1,-45.5
5Y83,A,00,W,L,K,D,-65.8,-37.1
1XMS,A,00,W,L,K,D,-65.2,-46.5
6FCS,A,00,W,L,K,D,-75.0,-3.1
2AJF,A,00,W,L,K,D,-65.3,-33.6
2RHS,B,00,W,L,K,D,-55.9,-39.8
3FRM,A,00,W,L,K,D,-56.0,-37.1
4D0B,A,00,W,L,K,D,-86.3,144.1
2ZUW,D,00,W,L,K,D,-60.7,-38.1
3WC1,B,00,W,L,K,D,-65.4,-18.1
3CMV,D,00,W,L,K,D,-94.5,-45.3
3CMV,D,01,W,L,K,D,-78.2,-52.3
3CMV,D,02,W,L,K,D,-104.3,-30.7
3CMV,D,03,W,L,K,D,-77.4,-61.5
5SXK,A,00,W,L,K,D,-69.7,-30.5
1JUL,A,00,W,L,K,D,-62.4,-28.4
1X81,A,00,W,L,K,D,-78.0,-27.9
2V0X,B,00,W,L,K,D,-79.5,-23.9
6FBT,A,00,W,L,K,D,-71.1,-12.9
2RD0,A,00,W,L,K,D,-58.3,-36.6
2AHD,B,00,W,L,K,D,-59.5,-35.1
3CMT,A,00,W,L,K,D,-65.7,-39.0
3CMT,A,01,W,L,K,D,-65.2,-39.4
3CMT,A,02,W,L,K,D,-65.1,-39.4
3CMT,A,03,W,L,K,D,-65.3,-39.7
3CMT,A,04,W,L,K,D,-65.8,-39.8
2AR0,B,00,W,L,K,D,-141.5,26.3
4E0R,D,00,W,L,K,D,-97.4,130.4
5T89,Y,00,W,L,K,D,-102.7,149.0
1TNZ,G,00,W,L,K,D,-56.2,-54.8
3TU4,K,00,W,L,K,D,-116.0,141.2
1SG4,A,00,W,L,K,D,-72.2,-30.2
2ZUS,B,00,W,L,K,D,-55.8,-41.2
3GXA,E,00,W,L,K,D,-61.2,-42.1
4D0D,G,00,W,L,K,D,-83.1,136.5
5YMW,G,00,W,L,K,D,-98.6,130.1
5A08,B,00,W,L,K,D,-59.5,-41.1
2YPD,A,00,W,L,K,D,-98.4,111.9
6GHD,D,00,W,L,K,D,-66.4,-45.0
1TNZ,K,00,W,L,K,D,-56.3,-52.3
3KBH,B,00,W,L,K,D,-88.4,-32.8
3SCI,A,00,W,L,K,D,-50.0,-35.9
2ORY,B,00,W,L,K,D,-58.4,-44.4
4JTA,P,00,W,L,K,D,-64.1,-32.3
4U10,B,00,W,L,K,D,-69.7,-37.9
5LCN,C,00,W,L,K,D,-62.0,-37.8
4KUL,A,00,W,L,K,D,-128.6,139.9
1N4S,C,00,W,L,K,D,-60.4,-47.7
4HKH,F,00,W,L,K,D,-109.9,113.7
2FSS,D,00,W,L,K,D,-49.4,-33.1
4FXK,A,00,W,L,K,D,-55.1,-23.2
4GTM,A,00,W,L,K,D,-72.9,-42.6
4EZD,B,00,W,L,K,D,-73.2,-40.8
6G2J,i,00,W,L,K,D,-56.9,-49.6
3FRM,F,00,W,L,K,D,-68.7,-38.7
4ALY,B,00,W,L,K,D,-60.0,-43.2
1SG4,B,00,W,L,K,D,-74.1,-28.9
5ACZ,A,00,W,L,K,D,-95.0,141.9
2REG,A,00,W,L,K,D,-64.6,-40.4
2YPD,B,00,W,L,K,D,-98.0,112.0
2EZZ,B,00,W,L,K,D,-60.9,-50.0
2EZZ,B,01,W,L,K,D,-60.2,-50.0
2EZZ,B,02,W,L,K,D,-60.9,-49.8
2EZZ,B,03,W,L,K,D,-61.7,-49.2
2EZZ,B,04,W,L,K,D,-63.4,-46.3
2EZZ,B,05,W,L,K,D,-62.5,-46.5
2EZZ,B,06,W,L,K,D,-61.2,-50.0
2EZZ,B,07,W,L,K,D,-66.6,-43.6
2EZZ,B,08,W,L,K,D,-64.3,-48.1
2EZZ,B,09,W,L,K,D,-61.9,-49.9
2EZZ,B,10,W,L,K,D,-62.6,-49.3
2EZZ,B,11,W,L,K,D,-64.9,-47.5
2EZZ,B,12,W,L,K,D,-66.5,-44.0
2EZZ,B,13,W,L,K,D,-63.1,-47.5
2EZZ,B,14,W,L,K,D,-61.7,-48.5
2EZZ,B,15,W,L,K,D,-65.4,-44.7
2EZZ,B,16,W,L,K,D,-63.0,-48.0
2EZZ,B,17,W,L,K,D,-63.9,-47.2
2EZZ,B,18,W,L,K,D,-62.2,-48.1
2EZZ,B,19,W,L,K,D,-64.5,-46.3
4Q3L,G,00,W,L,K,D,-64.3,-49.7
2Y7H,C,00,W,L,K,D,-91.6,-20.9
4TUU,A,00,W,L,K,D,-71.1,-46.2
1QO9,A,00,W,L,K,D,-54.8,-37.5
3LQR,A,00,W,L,K,D,-126.7,116.7
4G42,D,00,W,L,K,D,-98.1,130.6
2RF1,B,00,W,L,K,D,-59.0,-31.0
5YSF,A,00,W,L,K,D,-74.0,-35.4
5FZO,A,00,W,L,K,D,-100.1,110.4
5LXG,A,00,W,L,K,D,-68.3,-19.9
1N4R,G,00,W,L,K,D,-58.0,-52.9
1SA5,A,00,W,L,K,D,-53.7,-50.9
4CVX,A,00,W,L,K,D,-100.8,136.6
3WC0,J,00,W,L,K,D,-69.8,-13.8
3WC0,K,00,W,L,K,D,-69.6,-13.4
1AA3,A,00,W,L,K,D,-71.3,-20.5
1N4P,I,00,W,L,K,D,-59.0,-47.8
3HCQ,B,00,W,L,K,D,-74.1,-39.3
3WC1,D,00,W,L,K,D,-66.2,-16.7
3CMV,B,00,W,L,K,D,-94.9,-45.5
3CMV,B,01,W,L,K,D,-77.5,-52.8
3CMV,B,02,W,L,K,D,-104.2,-31.2
3CMV,B,03,W,L,K,D,-77.6,-61.2
3D0H,A,00,W,L,K,D,-46.3,-57.5
4OVV,A,00,W,L,K,D,-60.2,-40.0
5DNA,C,00,W,L,K,D,-59.3,-40.5
2ZPC,A,00,W,L,K,D,-65.5,128.4
3E34,A,00,W,L,K,D,-58.9,-42.5
5X9W,A,00,W,L,K,D,-105.9,130.4
4WAF,A,00,W,L,K,D,-56.2,-48.3
6GHD,A,00,W,L,K,D,-65.7,-45.5
1N4P,C,00,W,L,K,D,-57.3,-49.2
4CKE,E,00,W,L,K,D,-118.7,31.7
4CKB,E,00,W,L,K,D,-93.9,25.9
1Q97,A,00,W,L,K,D,-64.9,-26.2
1N9A,A,00,W,L,K,D,-58.6,-43.2
1TNO,C,00,W,L,K,D,-61.3,-47.5
4GN1,C,00,W,L,K,D,-86.2,141.7
1TNB,G,00,W,L,K,D,-58.2,-53.7
5YK4,A,00,W,L,K,D,-107.4,133.5
4Q3L,C,00,W,L,K,D,-64.6,-51.2
4M9Z,D,00,W,L,K,D,-114.6,116.0
2ZUT,C,00,W,L,K,D,-50.4,-45.8
4JTC,A,00,W,L,K,D,-53.0,-40.5
1Q8Z,B,00,W,L,K,D,-67.2,-22.6
3WXW,A,00,W,L,K,D,-70.5,-10.7
5LXA,A,00,W,L,K,D,-69.1,-24.4
1JCS,A,00,W,L,K,D,-59.3,-47.2
5OHU,A,00,W,L,K,D,-73.7,-4.2
3IR1,D,00,W,L,K,D,-57.7,-39.7
5AD0,A,00,W,L,K,D,-105.6,144.3
3WC0,C,00,W,L,K,D,-68.6,-13.9
3K40,B,00,W,L,K,D,-111.4,144.9
1NL4,A,00,W,L,K,D,-50.4,-47.6
4JJN,K,00,W,L,K,D,-121.3,143.6
2ZUU,A,00,W,L,K,D,-59.7,-44.4
6EBK,A,00,W,L,K,D,-68.0,-25.7
5A07,A,00,W,L,K,D,-55.2,-40.5
2AR0,A,00,W,L,K,D,-141.0,25.2
5JPM,A,00,W,L,K,D,-56.7,-27.0
2JBT,A,00,W,L,K,D,-98.0,-24.6
3WC1,C,00,W,L,K,D,-66.2,-17.5
4XAM,B,00,W,L,K,D,-45.0,-38.0
1TNY,K,00,W,L,K,D,-59.2,-48.4
3WBZ,H,00,W,L,K,D,-69.5,-15.3
5LDW,i,00,W,L,K,D,-74.0,-41.1
3FRM,D,00,W,L,K,D,-62.9,-38.1
6F3Z,B,00,W,L,K,D,-78.6,131.3
5VL3,S,00,W,L,K,D,-126.8,140.8
3CMV,C,00,W,L,K,D,-94.9,-45.5
3CMV,C,01,W,L,K,D,-78.0,-51.5
3CMV,C,02,W,L,K,D,-104.2,-31.0
3CMV,C,03,W,L,K,D,-78.5,-61.0
6FHM,B,00,W,L,K,D,-59.4,146.8
1N4Q,G,00,W,L,K,D,-59.4,-48.0
3EU5,A,00,W,L,K,D,-69.5,-54.3
1N4S,I,00,W,L,K,D,-62.0,-45.6
4Q3L,E,00,W,L,K,D,-65.3,-48.2
3IR1,B,00,W,L,K,D,-64.0,-41.4
5I78,A,00,W,L,K,D,-58.3,-48.0
2A79,A,00,W,L,K,D,-55.2,-39.4
4HKH,D,00,W,L,K,D,-110.1,112.8
3FRM,C,00,W,L,K,D,-64.2,-46.1
1CI4,A,00,W,L,K,D,-59.6,-38.3
5YSF,B,00,W,L,K,D,-73.0,-35.8
4M9Z,B,00,W,L,K,D,-115.1,115.4
1DE4,G,00,W,L,K,D,-84.5,151.0
2IXU,A,00,W,L,K,D,-76.0,147.2
1S64,A,00,W,L,K,D,-61.2,-47.2
2ZUW,B,00,W,L,K,D,-54.3,-46.6
4M9S,B,00,W,L,K,D,-115.5,116.3
2ZUT,D,00,W,L,K,D,-57.8,-42.4
3WC0,F,00,W,L,K,D,-69.4,-13.5
5DNA,D,00,W,L,K,D,-55.9,-46.7
1QCK,A,00,W,L,K,D,-64.5,-50.0
1QCK,A,01,W,L,K,D,-62.4,-49.2
1QCK,A,02,W,L,K,D,-62.8,-49.9
1QCK,A,03,W,L,K,D,-64.0,-48.0
1QCK,A,04,W,L,K,D,-65.5,-48.8
1QCK,A,05,W,L,K,D,-66.8,-45.3
1QCK,A,06,W,L,K,D,-63.3,-49.6
1QCK,A,07,W,L,K,D,-65.3,-48.0
1QCK,A,08,W,L,K,D,-63.2,-49.5
1QCK,A,09,W,L,K,D,-63.3,-48.0
1QCK,A,10,W,L,K,D,-63.6,-49.0
1QCK,A,11,W,L,K,D,-64.8,-48.7
1QCK,A,12,W,L,K,D,-64.3,-49.5
1QCK,A,13,W,L,K,D,-66.9,-47.2
1QCK,A,14,W,L,K,D,-61.9,-50.0
1QCK,A,15,W,L,K,D,-61.6,-50.0
1QCK,A,16,W,L,K,D,-65.5,-46.3
1QCK,A,17,W,L,K,D,-61.7,-50.1
1QCK,A,18,W,L,K,D,-61.2,-49.3
1QCK,A,19,W,L,K,D,-66.1,-48.3
1QCK,A,20,W,L,K,D,-64.3,-47.0
2EZX,B,00,W,L,K,D,-62.4,-48.1
1N4Q,E,00,W,L,K,D,-59.3,-48.3
1H09,A,00,W,L,K,D,-82.3,148.4
3U7V,A,00,W,L,K,D,-74.2,-21.9
1S64,I,00,W,L,K,D,-61.4,-46.2
4D0D,D,00,W,L,K,D,-83.1,136.5
3HOJ,A,00,W,L,K,D,-62.8,-35.6
1S3L,B,00,W,L,K,D,-63.0,-38.3
2ZUT,A,00,W,L,K,D,-55.9,-47.5
1O1S,A,00,W,L,K,D,-56.9,-52.4
6CVA,A,00,W,L,K,D,-60.2,-34.3
5SXJ,A,00,W,L,K,D,-52.2,-38.1
4HKH,G,00,W,L,K,D,-109.7,114.3
2V0X,A,00,W,L,K,D,-74.7,-18.7
3CMV,G,00,W,L,K,D,-94.9,-45.3
3CMV,G,01,W,L,K,D,-77.2,-52.0
3CMV,G,02,W,L,K,D,-104.4,-30.9
3CMV,G,03,W,L,K,D,-77.7,-61.3
1N4P,E,00,W,L,K,D,-58.1,-49.2
1N4P,K,00,W,L,K,D,-58.3,-48.1
2IXV,A,00,W,L,K,D,-82.8,143.2
2YK0,A,00,W,L,K,D,-58.3,-43.3
1TNB,I,00,W,L,K,D,-58.8,-54.1
1TNY,E,00,W,L,K,D,-59.2,-49.7
1ZSX,A,00,W,L,K,D,-54.2,-35.2
2FL7,A,00,W,L,K,D,-128.8,140.4
1TNO,E,00,W,L,K,D,-61.3,-49.3
3WFZ,D,00,W,L,K,D,-63.9,-37.2
3IR1,F,00,W,L,K,D,-66.2,-34.2
3WC0,P,00,W,L,K,D,-70.0,-14.3
6G72,i,00,W,L,K,D,-75.1,-37.7
4JVU,B,00,W,L,K,D,-133.2,151.3
6BMQ,A,00,W,L,K,D,-94.2,-4.5
2JD5,B,00,W,L,K,D,-70.7,-17.2
1Q97,B,00,W,L,K,D,-66.2,-19.6
2AJF,B,00,W,L,K,D,-57.3,-48.2
2J8F,A,00,W,L,K,D,-77.5,143.7
2RIN,A,00,W,L,K,D,-67.5,-33.0
1Q99,A,00,W,L,K,D,-64.5,-22.6
1TNY,A,00,W,L,K,D,-59.3,-49.8
3E32,A,00,W,L,K,D,-60.9,-44.8
3WFZ,C,00,W,L,K,D,-52.6,-44.1
4D0D,A,00,W,L,K,D,-83.2,136.3
6EBK,C,00,W,L,K,D,-68.0,-25.5
1LBF,A,00,W,L,K,D,-59.6,-32.2
5XTD,b,00,W,L,K,D,-59.8,-49.8
6BMB,A,00,W,L,K,D,-94.5,-4.1
4L23,A,00,W,L,K,D,-56.6,-51.7
4JTD,G,00,W,L,K,D,-69.2,-30.9
5VL3,Q,00,W,L,K,D,-126.4,139.9
5YSE,B,00,W,L,K,D,-75.7,-34.5
1XX4,A,00,W,L,K,D,-62.6,-38.0
1TN8,A,00,W,L,K,D,-60.8,-46.3
1TNY,G,00,W,L,K,D,-58.6,-50.9
4Q3L,F,00,W,L,K,D,-64.1,-52.1
3SCK,B,00,W,L,K,D,-79.0,-38.2
2EZY,A,00,W,L,K,D,-61.7,-48.2
2EZY,A,01,W,L,K,D,-63.2,-48.6
2EZY,A,02,W,L,K,D,-67.1,-43.6
2EZY,A,03,W,L,K,D,-60.7,-49.6
2EZY,A,04,W,L,K,D,-63.8,-46.4
2EZY,A,05,W,L,K,D,-64.5,-48.0
2EZY,A,06,W,L,K,D,-63.9,-47.3
2EZY,A,07,W,L,K,D,-64.1,-46.6
2EZY,A,08,W,L,K,D,-64.0,-47.8
2EZY,A,09,W,L,K,D,-64.1,-48.2
2EZY,A,10,W,L,K,D,-62.6,-47.8
2EZY,A,11,W,L,K,D,-63.7,-47.5
2EZY,A,12,W,L,K,D,-64.4,-48.1
2EZY,A,13,W,L,K,D,-64.4,-46.3
2EZY,A,14,W,L,K,D,-67.9,-42.8
2EZY,A,15,W,L,K,D,-62.4,-49.5
2EZY,A,16,W,L,K,D,-61.6,-49.2
2EZY,A,17,W,L,K,D,-63.7,-46.6
2EZY,A,18,W,L,K,D,-61.5,-49.4
2EZY,A,19,W,L,K,D,-61.3,-49.8
2ZUW,C,00,W,L,K,D,-51.2,-41.8
4D0C,A,00,W,L,K,D,-91.8,142.7
1DE4,A,00,W,L,K,D,-84.7,151.6
5YMW,D,00,W,L,K,D,-107.6,129.2
6EBK,G,00,W,L,K,D,-68.2,-25.1
2JBR,B,00,W,L,K,D,-103.1,-19.8
2JBS,C,00,W,L,K,D,-98.3,-38.3
2ORY,A,00,W,L,K,D,-64.0,-42.5
2ZUU,B,00,W,L,K,D,-50.5,-49.2
5YSD,B,00,W,L,K,D,-78.4,-35.0
6CA8,A,00,W,L,K,D,-64.0,-46.7
5DXH,A,00,W,L,K,D,-61.4,-51.7
5LWY,A,00,W,L,K,D,-64.4,-12.1
3MW8,A,00,W,L,K,D,-79.7,-36.1
1TNO,K,00,W,L,K,D,-61.0,-46.9
3FRM,E,00,W,L,K,D,-64.0,-44.1
3HIZ,A,00,W,L,K,D,-57.7,-35.1
3WC1,A,00,W,L,K,D,-66.3,-17.2
2REB,A,00,W,L,K,D,-58.9,-49.0
6ACK,D,00,W,L,K,D,-68.5,-36.3
2VDW,H,00,W,L,K,D,-97.4,33.6
3GXA,F,00,W,L,K,D,-61.2,-39.0
1DE4,D,00,W,L,K,D,-83.6,150.6
4GMV,A,00,W,L,K,D,-81.6,127.0
3WC0,D,00,W,L,K,D,-68.3,-14.8
3KBH,A,00,W,L,K,D,-87.6,-32.0
1A53,A,00,W,L,K,D,-58.4,-30.0
3KSN,A,00,W,L,K,D,-69.3,130.7
3TU4,L,00,W,L,K,D,-113.2,140.3
4M9S,D,00,W,L,K,D,-115.2,114.9
3K40,A,00,W,L,K,D,-112.5,149.6
5T89,X,00,W,L,K,D,-97.4,151.1
2O7Q,A,00,W,L,K,D,-98.6,-3.0
2A5Y,C,00,W,L,K,D,-115.5,127.3
1QON,A,00,W,L,K,D,-49.4,-41.5
5VKJ,A,00,W,L,K,D,-123.3,144.3
3U4A,A,00,W,L,K,D,-124.0,117.1
1S3M,B,00,W,L,K,D,-58.6,-36.0
6FHM,A,00,W,L,K,D,-56.7,143.1
1QRQ,B,00,W,L,K,D,-60.1,-42.2
4CW1,A,00,W,L,K,D,-92.8,136.9
3CMV,H,00,W,L,K,D,-95.2,-45.4
3CMV,H,01,W,L,K,D,-77.3,-52.8
3CMV,H,02,W,L,K,D,-104.5,-31.1
3CMV,H,03,W,L,K,D,-78.3,-61.3
2O7S,A,00,W,L,K,D,-94.0,-6.5
1IWL,A,00,W,L,K,D,-77.2,132.1
1JCR,A,00,W,L,K,D,-58.9,-45.1
4JTC,G,00,W,L,K,D,-64.2,-37.1
3WBZ,G,00,W,L,K,D,-69.4,-16.0
2AHD,D,00,W,L,K,D,-59.3,-34.8
1N4P,G,00,W,L,K,D,-57.7,-49.4
2ZUS,C,00,W,L,K,D,-60.0,-43.7
4KUD,K,00,W,L,K,D,-126.4,138.5
1R4L,A,00,W,L,K,D,-78.9,-41.3
5SWP,A,00,W,L,K,D,-58.1,-39.2
1S3N,A,00,W,L,K,D,-48.1,-51.8
2ZIR,A,00,W,L,K,D,-61.4,-48.2
2BED,A,00,W,L,K,D,-53.9,-58.5
2ZUV,A,00,W,L,K,D,-59.2,-41.6
3WBZ,A,00,W,L,K,D,-69.9,-13.7
2JOF,A,00,W,L,K,D,-47.3,-50.3
2JOF,A,01,W,L,K,D,-51.2,-52.6
2JOF,A,02,W,L,K,D,-53.3,-47.5
2JOF,A,03,W,L,K,D,-47.9,-50.5
2JOF,A,04,W,L,K,D,-49.7,-52.1
2JOF,A,05,W,L,K,D,-51.9,-51.1
2JOF,A,06,W,L,K,D,-48.5,-49.3
2JOF,A,07,W,L,K,D,-52.1,-51.5
2JOF,A,08,W,L,K,D,-52.2,-55.2
2JOF,A,09,W,L,K,D,-48.0,-52.5
2JOF,A,10,W,L,K,D,-58.3,-52.1
2JOF,A,11,W,L,K,D,-53.9,-47.7
2JOF,A,12,W,L,K,D,-50.2,-48.8
2JOF,A,13,W,L,K,D,-51.9,-48.1
2JOF,A,14,W,L,K,D,-51.0,-49.8
2JOF,A,15,W,L,K,D,-51.1,-48.6
2JOF,A,16,W,L,K,D,-50.7,-50.5
2JOF,A,17,W,L,K,D,-49.8,-51.5
2JOF,A,18,W,L,K,D,-51.1,-49.8
2JOF,A,19,W,L,K,D,-49.9,-47.8
2JOF,A,20,W,L,K,D,-52.2,-46.9
2JOF,A,21,W,L,K,D,-54.5,-44.1
2JOF,A,22,W,L,K,D,-50.3,-50.8
2JOF,A,23,W,L,K,D,-53.5,-49.5
2JOF,A,24,W,L,K,D,-49.8,-51.6
2JOF,A,25,W,L,K,D,-53.9,-47.7
2JOF,A,26,W,L,K,D,-50.0,-50.4
2JOF,A,27,W,L,K,D,-53.7,-51.0
4EZC,B,00,W,L,K,D,-64.9,-55.2
4GN1,B,00,W,L,K,D,-89.9,126.3
2ZUS,A,00,W,L,K,D,-60.2,-39.4
5VL3,T,00,W,L,K,D,-126.4,141.1
3CMU,A,00,W,L,K,D,-89.7,-37.3
3CMU,A,01,W,L,K,D,-89.4,-37.8
3CMU,A,02,W,L,K,D,-89.3,-37.6
3CMU,A,03,W,L,K,D,-89.8,-36.6
3CMU,A,04,W,L,K,D,-89.5,-37.2
3CMU,A,05,W,L,K,D,-89.6,-37.6
5YSB,A,00,W,L,K,D,-58.5,-42.8
3FRM,B,00,W,L,K,D,-59.6,-43.6
1FT2,A,00,W,L,K,D,-55.7,-60.1
1TNY,I,00,W,L,K,D,-60.5,-50.2
3GXA,C,00,W,L,K,D,-69.7,-31.3
3LUT,A,00,W,L,K,D,-51.2,-39.1
4JTD,A,00,W,L,K,D,-58.0,-38.4
3WBZ,D,00,W,L,K,D,-68.5,-14.3
1IGS,A,00,W,L,K,D,-57.8,-29.2
5LCN,B,00,W,L,K,D,-62.7,-39.7
1TNO,I,00,W,L,K,D,-61.8,-48.7
3KSL,A,00,W,L,K,D,-59.5,-44.0
2VDW,D,00,W,L,K,D,-101.6,27.1
4E0R,A,00,W,L,K,D,-108.6,129.9
6D4C,B,00,W,L,K,D,-60.7,-41.5
2MQ0,A,00,W,L,K,D,-101.9,120.1
2MQ0,A,01,W,L,K,D,-101.2,126.8
2MQ0,A,02,W,L,K,D,-102.0,125.8
2MQ0,A,03,W,L,K,D,-101.4,125.3
2MQ0,A,04,W,L,K,D,-101.3,122.2
2MQ0,A,05,W,L,K,D,-102.1,125.9
2MQ0,A,06,W,L,K,D,-102.8,134.0
2MQ0,A,07,W,L,K,D,-103.3,131.5
2MQ0,A,08,W,L,K,D,-105.6,127.2
2MQ0,A,09,W,L,K,D,-100.9,116.8
1O1R,A,00,W,L,K,D,-60.0,-45.1
3WC2,D,00,W,L,K,D,-64.9,-14.8
6EBL,A,00,W,L,K,D,-68.1,-25.7
5YSE,A,00,W,L,K,D,-75.1,-34.6
2X7J,B,00,W,L,K,D,-59.0,-52.6
5DXT,A,00,W,L,K,D,-65.9,-42.1
5SWG,A,00,W,L,K,D,-53.5,-38.9
4EZC,C,00,W,L,K,D,-67.2,-35.6
2ODG,A,00,W,L,K,D,-64.5,-50.0
2JBR,C,00,W,L,K,D,-101.5,-22.2
6FCQ,A,00,W,L,K,D,-78.2,-10.7
6OAC,A,00,W,L,K,D,-60.3,-45.0
4L1B,A,00,W,L,K,D,-56.8,-55.1
5DN9,A,00,W,L,K,D,-68.2,-43.2
1TNZ,I,00,W,L,K,D,-55.4,-54.1
2REJ,A,00,W,L,K,D,-176.2,-8.2
1U99,A,00,W,L,K,D,-63.4,-63.0
5SXI,A,00,W,L,K,D,-59.6,-37.8
1PUL,A,00,W,L,K,D,-53.8,-35.6
1PUL,A,01,W,L,K,D,-55.2,-38.8
1PUL,A,02,W,L,K,D,-51.9,-32.3
1PUL,A,03,W,L,K,D,-61.8,-38.6
1PUL,A,04,W,L,K,D,-51.9,-38.6
1PUL,A,05,W,L,K,D,-54.9,-34.1
1PUL,A,06,W,L,K,D,-54.0,-42.5
1PUL,A,07,W,L,K,D,-58.2,-38.3
1PUL,A,08,W,L,K,D,-51.0,-44.9
1PUL,A,09,W,L,K,D,-59.9,-36.6
2J6I,A,00,W,L,K,D,-56.7,-48.4
2BZF,A,00,W,L,K,D,-68.9,-44.3
5A07,B,00,W,L,K,D,-59.0,-39.3
3WC0,O,00,W,L,K,D,-69.6,-13.1
5FI4,A,00,W,L,K,D,-58.4,-44.9
2EZY,B,00,W,L,K,D,-61.4,-48.5
2EZY,B,01,W,L,K,D,-63.3,-48.5
2EZY,B,02,W,L,K,D,-67.0,-43.7
2EZY,B,03,W,L,K,D,-60.7,-49.6
2EZY,B,04,W,L,K,D,-63.8,-46.3
2EZY,B,05,W,L,K,D,-64.4,-48.1
2EZY,B,06,W,L,K,D,-64.1,-47.2
2EZY,B,07,W,L,K,D,-64.3,-46.5
2EZY,B,08,W,L,K,D,-63.9,-48.0
2EZY,B,09,W,L,K,D,-64.1,-48.2
2EZY,B,10,W,L,K,D,-63.0,-47.6
2EZY,B,11,W,L,K,D,-63.9,-47.4
2EZY,B,12,W,L,K,D,-64.4,-48.1
2EZY,B,13,W,L,K,D,-64.5,-46.4
2EZY,B,14,W,L,K,D,-68.0,-42.6
2EZY,B,15,W,L,K,D,-62.7,-49.2
2EZY,B,16,W,L,K,D,-61.4,-49.3
2EZY,B,17,W,L,K,D,-63.5,-46.6
2EZY,B,18,W,L,K,D,-61.7,-49.1
2EZY,B,19,W,L,K,D,-61.2,-49.9
2ZUT,B,00,W,L,K,D,-57.0,-43.0
1QRQ,A,00,W,L,K,D,-60.1,-42.2
2ZUU,D,00,W,L,K,D,-68.3,-37.9
4A55,A,00,W,L,K,D,-79.9,-47.7
2GPT,A,00,W,L,K,D,-93.8,-9.1
1N4Q,K,00,W,L,K,D,-60.2,-45.4
2VDW,B,00,W,L,K,D,-102.9,29.1
6GSZ,A,00,W,L,K,D,-57.6,-44.7
5FZO,B,00,W,L,K,D,-100.3,110.6
4M9Z,A,00,W,L,K,D,-114.6,116.3
3WC0,B,00,W,L,K,D,-68.6,-16.1
4OVU,A,00,W,L,K,D,-49.4,-37.1
5SWO,A,00,W,L,K,D,-68.0,-36.0
4YKN,A,00,W,L,K,D,-61.4,-37.5
2LDJ,A,00,W,L,K,D,-100.3,-23.6
3BEW,A,00,W,L,K,D,-98.6,142.4
5XGH,A,00,W,L,K,D,-66.5,-45.7
5I78,B,00,W,L,K,D,-63.5,-45.0
1XMV,A,00,W,L,K,D,-63.0,-45.2
4THI,A,00,W,L,K,D,-58.1,-39.5
4HKH,B,00,W,L,K,D,-110.1,113.3
4Q3L,D,00,W,L,K,D,-60.8,-52.1
3GXA,A,00,W,L,K,D,-67.7,-31.6
5SW8,A,00,W,L,K,D,-64.2,-35.1
1N4R,K,00,W,L,K,D,-57.8,-50.4
2VDW,F,00,W,L,K,D,-99.1,32.9
3IR1,A,00,W,L,K,D,-62.7,-38.0
1QRQ,C,00,W,L,K,D,-60.1,-42.1
5DXH,D,00,W,L,K,D,-61.7,-51.2
5SX8,A,00,W,L,K,D,-63.0,-36.5
3NYZ,B,00,W,L,K,D,-65.5,-28.7
1N4R,E,00,W,L,K,D,-58.8,-50.4
1N4S,G,00,W,L,K,D,-61.5,-47.3
4L8T,A,00,W,L,K,D,-62.7,-38.2
5YSB,B,00,W,L,K,D,-57.0,-43.0
6ACG,D,00,W,L,K,D,-63.8,-39.4
6NCT,A,00,W,L,K,D,-56.9,-46.5
5DNA,B,00,W,L,K,D,-59.8,-42.9
4M9S,A,00,W,L,K,D,-114.7,116.7
4G43,A,00,W,L,K,D,-102.1,135.3
3WFZ,B,00,W,L,K,D,-64.9,-36.0
2AHD,A,00,W,L,K,D,-59.6,-34.9
1N94,A,00,W,L,K,D,-66.8,-50.0
4LD9,K,00,W,L,K,D,-106.6,143.3
1A6Z,C,00,W,L,K,D,-93.3,145.4
6DU6,D,00,W,L,K,D,-73.9,-50.6
3WBZ,E,00,W,L,K,D,-67.9,-16.7
3SCK,A,00,W,L,K,D,-42.9,-28.8
1N4Q,I,00,W,L,K,D,-58.6,-46.6
4GTO,A,00,W,L,K,D,-63.5,-42.3
1DX4,A,00,W,L,K,D,-59.9,-47.1
5CR4,A,00,W,L,K,D,-66.1,-44.5
3LNM,A,00,W,L,K,D,-56.3,-36.8
3CMV,E,00,W,L,K,D,-94.9,-45.5
3CMV,E,01,W,L,K,D,-77.8,-52.5
3CMV,E,02,W,L,K,D,-104.2,-31.2
3CMV,E,03,W,L,K,D,-77.6,-61.3
3ZIM,A,00,W,L,K,D,-57.7,-47.7
5G5C,A,00,W,L,K,D,-62.7,-43.2
1N4Q,C,00,W,L,K,D,-58.9,-47.7
4LD9,L,00,W,L,K,D,-116.5,132.8
2RIN,B,00,W,L,K,D,-70.5,-60.9
3CMW,C,00,W,L,K,D,-65.1,-44.9
3CMW,C,01,W,L,K,D,-65.2,-46.0
3CMW,C,02,W,L,K,D,-65.3,-44.7
3CMW,C,03,W,L,K,D,-64.6,-46.2
3CMW,C,04,W,L,K,D,-65.4,-44.7
3CMX,D,00,W,L,K,D,-72.1,-45.6
3CMX,D,01,W,L,K,D,-72.3,-45.2
3CMX,D,02,W,L,K,D,-71.2,-45.3
3CMX,D,03,W,L,K,D,-71.1,-46.3
3CMX,D,04,W,L,K,D,-71.8,-45.4
3D0I,A,00,W,L,K,D,-49.9,-49.5
5I79,B,00,W,L,K,D,-62.7,-44.5
3WC2,B,00,W,L,K,D,-66.4,-16.0
3WC0,I,00,W,L,K,D,-69.8,-13.8
4GN1,A,00,W,L,K,D,-89.1,135.4
1SG4,C,00,W,L,K,D,-72.6,-27.6
3EB4,A,00,W,L,K,D,-59.0,-38.2
6FC4,A,00,W,L,K,D,-72.1,-14.9
4HKH,A,00,W,L,K,D,-109.4,113.5
1NI1,A,00,W,L,K,D,-78.9,-49.4
1TN7,A,00,W,L,K,D,-59.3,-46.3
3GXA,B,00,W,L,K,D,-61.4,-41.9
5GJX,A,00,W,L,K,D,-102.1,132.9
3BEV,A,00,W,L,K,D,-100.7,145.5
4CVX,D,00,W,L,K,D,-100.8,136.5
5YMW,J,00,W,L,K,D,-95.9,123.2
5LC5,i,00,W,L,K,D,-73.7,-42.1
5LCN,A,00,W,L,K,D,-62.9,-39.7
3E30,A,00,W,L,K,D,-61.8,-43.9
5XGJ,A,00,W,L,K,D,-64.2,-42.9
2J6I,D,00,W,L,K,D,-52.5,-46.1
1S64,E,00,W,L,K,D,-62.1,-47.5
2THI,B,00,W,L,K,D,-67.6,-41.0
5YMV,D,00,W,L,K,D,-102.3,126.3
2R9R,A,00,W,L,K,D,-52.7,-35.1
2JD5,A,00,W,L,K,D,-72.6,-25.7
2YQM,A,00,W,L,K,D,-53.6,115.2
2YQM,A,01,W,L,K,D,-114.1,175.6
2YQM,A,02,W,L,K,D,-65.7,149.2
2YQM,A,03,W,L,K,D,-168.5,129.0
2YQM,A,04,W,L,K,D,-52.6,169.7
2YQM,A,05,W,L,K,D,-61.9,-172.0
2YQM,A,06,W,L,K,D,-138.9,122.3
2YQM,A,07,W,L,K,D,-142.3,134.2
2YQM,A,08,W,L,K,D,-113.1,122.2
2YQM,A,09,W,L,K,D,-70.6,153.3
2YQM,A,10,W,L,K,D,-156.2,125.0
2YQM,A,11,W,L,K,D,-115.6,-177.5
2YQM,A,12,W,L,K,D,-95.5,132.2
2YQM,A,13,W,L,K,D,-70.6,89.5
2YQM,A,14,W,L,K,D,-123.0,135.1
2YQM,A,15,W,L,K,D,-65.5,113.1
2YQM,A,16,W,L,K,D,-112.3,21.2
2YQM,A,17,W,L,K,D,-155.8,153.4
2YQM,A,18,W,L,K,D,-132.1,60.6
2YQM,A,19,W,L,K,D,-142.7,120.6
1N4R,I,00,W,L,K,D,-57.8,-51.7
1JBJ,A,00,W,L,K,D,-118.1,144.5
1JBJ,A,01,W,L,K,D,-93.0,148.0
1JBJ,A,02,W,L,K,D,-104.1,146.2
1JBJ,A,03,W,L,K,D,-90.4,144.0
1JBJ,A,04,W,L,K,D,-91.7,145.9
1JBJ,A,05,W,L,K,D,-92.3,149.2
1JBJ,A,06,W,L,K,D,-102.7,145.5
1JBJ,A,07,W,L,K,D,-92.0,144.0
1JBJ,A,08,W,L,K,D,-95.4,142.1
1JBJ,A,09,W,L,K,D,-92.5,146.8
1JBJ,A,10,W,L,K,D,-108.2,141.2
1JBJ,A,11,W,L,K,D,-96.3,148.5
1JBJ,A,12,W,L,K,D,-89.5,144.6
1JBJ,A,13,W,L,K,D,-97.3,143.0
1JBJ,A,14,W,L,K,D,-89.0,144.8
1JBJ,A,15,W,L,K,D,-87.4,145.4
1JBJ,A,16,W,L,K,D,-94.0,141.4
1JBJ,A,17,W,L,K,D,-109.7,148.4
5VL3,R,00,W,L,K,D,-125.7,141.5
5SX9,A,00,W,L,K,D,-61.6,-31.0
1N4S,K,00,W,L,K,D,-61.8,-46.7
4KUD,L,00,W,L,K,D,-126.3,136.1
2ZUW,A,00,W,L,K,D,-58.7,-41.3
1E9L,A,00,W,L,K,D,-62.1,-35.3
1N4P,A,00,W,L,K,D,-57.7,-49.6
1OBA,A,00,W,L,K,D,-88.5,146.8
2REJ,B,00,W,L,K,D,-70.1,-48.5
1TNU,A,00,W,L,K,D,-56.3,-53.2
2ZIS,A,00,W,L,K,D,-59.8,-52.7
3IR1,C,00,W,L,K,D,-66.5,-38.7
4JTA,A,00,W,L,K,D,-56.1,-39.0
3WBZ,C,00,W,L,K,D,-68.5,-14.6
1FT1,A,00,W,L,K,D,-50.4,-54.2
1TNZ,A,00,W,L,K,D,-56.3,-53.9
3EUV,A,00,W,L,K,D,-71.4,-52.9
3DPY,A,00,W,L,K,D,-68.5,-40.9
1A6Z,A,00,W,L,K,D,-93.4,146.0
6GHD,C,00,W,L,K,D,-65.4,-45.6
1QCK,B,00,W,L,K,D,-64.3,-49.1
1QCK,B,01,W,L,K,D,-62.4,-49.3
1QCK,B,02,W,L,K,D,-62.8,-49.9
1QCK,B,03,W,L,K,D,-63.8,-48.3
1QCK,B,04,W,L,K,D,-65.5,-48.8
1QCK,B,05,W,L,K,D,-66.8,-45.2
1QCK,B,06,W,L,K,D,-63.4,-49.4
1QCK,B,07,W,L,K,D,-65.1,-48.1
1QCK,B,08,W,L,K,D,-63.2,-49.6
1QCK,B,09,W,L,K,D,-63.2,-48.0
1QCK,B,10,W,L,K,D,-63.4,-49.1
1QCK,B,11,W,L,K,D,-65.0,-48.5
1QCK,B,12,W,L,K,D,-64.3,-49.4
1QCK,B,13,W,L,K,D,-66.6,-47.5
1QCK,B,14,W,L,K,D,-61.9,-50.1
1QCK,B,15,W,L,K,D,-61.8,-49.9
1QCK,B,16,W,L,K,D,-65.5,-46.3
1QCK,B,17,W,L,K,D,-61.7,-50.0
1QCK,B,18,W,L,K,D,-61.3,-49.2
1QCK,B,19,W,L,K,D,-66.0,-48.3
1QCK,B,20,W,L,K,D,-64.3,-46.9
1KZO,A,00,W,L,K,D,-56.0,-44.8
5UKJ,A,00,W,L,K,D,-48.8,-47.0
1N4S,A,00,W,L,K,D,-62.1,-46.4
4ALY,A,00,W,L,K,D,-63.4,-39.6
2R9R,G,00,W,L,K,D,-65.0,-28.8
3EAU,A,00,W,L,K,D,-56.6,-38.4
6FCU,A,00,W,L,K,D,-76.3,8.2
1N4R,C,00,W,L,K,D,-58.3,-50.8
6DU6,C,00,W,L,K,D,-67.8,-37.8
1JUK,A,00,W,L,K,D,-61.2,-35.8
2EZX,A,00,W,L,K,D,-62.3,-48.1
1UA8,A,00,W,L,K,D,-72.9,131.9
1TNU,E,00,W,L,K,D,-56.7,-53.0
2A5Y,B,00,W,L,K,D,-106.2,121.3
4G43,D,00,W,L,K,D,-105.4,131.0
2JBS,B,00,W,L,K,D,-99.3,-40.4
4GTR,A,00,W,L,K,D,-65.0,-41.8
5CR4,B,00,W,L,K,D,-61.9,-44.2
5SXB,A,00,W,L,K,D,-50.1,-34.1
3WC0,L,00,W,L,K,D,-70.1,-13.9
5YSD,A,00,W,L,K,D,-77.5,-36.1
2ZUV,B,00,W,L,K,D,-62.9,-40.8
3WBZ,F,00,W,L,K,D,-67.7,-13.3
3CMT,D,00,W,L,K,D,-65.4,-39.6
3CMT,D,01,W,L,K,D,-65.6,-39.0
3CMT,D,02,W,L,K,D,-65.6,-39.0
3CMT,D,03,W,L,K,D,-65.4,-39.8
3CMT,D,04,W,L,K,D,-65.7,-39.0
6ACJ,D,00,W,L,K,D,-65.4,-36.4
5SWR,A,00,W,L,K,D,-59.1,-39.0
4EZD,C,00,W,L,K,D,-71.0,-33.8
3WXV,A,00,W,L,K,D,-77.9,-3.9
1WYM,A,00,W,L,K,D,-58.3,-52.9
1WYM,A,01,W,L,K,D,-54.7,-44.1
1WYM,A,02,W,L,K,D,-43.4,-44.2
1WYM,A,03,W,L,K,D,-49.9,-44.0
1WYM,A,04,W,L,K,D,-64.4,-39.6
1WYM,A,05,W,L,K,D,-63.3,-41.9
1WYM,A,06,W,L,K,D,-54.2,-44.2
1WYM,A,07,W,L,K,D,-40.1,-42.8
1WYM,A,08,W,L,K,D,-61.5,-44.3
1WYM,A,09,W,L,K,D,-59.7,-40.3
1WYM,A,10,W,L,K,D,-71.1,-39.8
1WYM,A,11,W,L,K,D,-68.2,-43.4
1WYM,A,12,W,L,K,D,-54.7,-37.5
1WYM,A,13,W,L,K,D,-59.8,-40.0
1WYM,A,14,W,L,K,D,-60.5,-45.5
1WYM,A,15,W,L,K,D,-55.3,-43.9
1WYM,A,16,W,L,K,D,-65.2,-45.4
1WYM,A,17,W,L,K,D,-58.1,-41.5
1WYM,A,18,W,L,K,D,-70.2,-46.3
1WYM,A,19,W,L,K,D,-52.1,-49.8
5LDX,i,00,W,L,K,D,-74.0,-41.1
2FSS,C,00,W,L,K,D,-61.3,-37.1
1S64,C,00,W,L,K,D,-59.7,-47.8
5JPM,D,00,W,L,K,D,-51.5,-33.5
3EB3,A,00,W,L,K,D,-63.5,-33.5
2Y7C,B,00,W,L,K,D,-141.1,5.5
3SCJ,B,00,W,L,K,D,-66.5,-31.7
5XTC,b,00,W,L,K,D,-59.8,-49.7
5LNK,r,00,W,L,K,D,-58.9,-40.2
1S3L,A,00,W,L,K,D,-62.9,-38.5
4KUI,A,00,W,L,K,D,-134.8,137.0
4Q3L,H,00,W,L,K,D,-61.3,-54.2
2J8G,A,00,W,L,K,D,-74.7,143.1
2REG,B,00,W,L,K,D,-60.8,-41.5
6DU6,A,00,W,L,K,D,-70.1,-27.5
6D4C,A,00,W,L,K,D,-65.7,-41.8
2FVU,B,00,W,L,K,D,-97.9,123.9
1TNU,I,00,W,L,K,D,-56.3,-54.5
4TV3,A,00,W,L,K,D,-67.6,-43.9
4ZOP,A,00,W,L,K,D,-59.3,-44.3
4HKH,E,00,W,L,K,D,-108.8,111.5
3SCI,B,00,W,L,K,D,-74.3,-36.1
4CW1,D,00,W,L,K,D,-92.8,137.0
2X7J,D,00,W,L,K,D,-66.0,-48.8
5SXF,A,00,W,L,K,D,-50.0,-40.5
2J6I,C,00,W,L,K,D,-56.4,-47.2
1N95,A,00,W,L,K,D,-58.0,-43.8
1TNO,G,00,W,L,K,D,-59.7,-48.4
3KBH,C,00,W,L,K,D,-91.8,-32.1
1FPP,A,00,W,L,K,D,-48.8,-59.0
1TNO,A,00,W,L,K,D,-62.3,-47.7
3CMX,A,00,W,L,K,D,-71.5,-45.9
3CMX,A,01,W,L,K,D,-71.6,-45.8
3CMX,A,02,W,L,K,D,-71.9,-44.0
3CMX,A,03,W,L,K,D,-72.3,-45.9
3CMX,A,04,W,L,K,D,-72.3,-44.5
3HCQ,A,00,W,L,K,D,-172.7,-15.4
3HHM,A,00,W,L,K,D,-60.5,-42.8
5J3B,B,00,W,L,K,D,-108.3,2.7
1TNY,C,00,W,L,K,D,-59.1,-48.9
5YMV,A,00,W,L,K,D,-100.7,133.1
