6J69,B,00,R,P,P,P,-69.1,159.2
2LDJ,A,00,R,P,P,P,-83.1,-161.4
5TUU,A,00,R,P,P,P,-56.7,162.8
2AUH,A,00,R,P,P,P,-56.6,135.5
4XHZ,A,00,R,P,P,P,-57.8,145.3
3UC7,F,00,R,P,P,P,-71.7,154.7
2MJ9,A,00,R,P,P,P,-63.9,-166.3
2MJ9,A,01,R,P,P,P,-73.6,-168.0
2MJ9,A,02,R,P,P,P,-75.5,-167.5
2MJ9,A,03,R,P,P,P,-66.3,-167.0
2MJ9,A,04,R,P,P,P,-68.7,-167.9
2MJ9,A,05,R,P,P,P,-68.6,-167.0
2MJ9,A,06,R,P,P,P,-73.1,-167.3
2MJ9,A,07,R,P,P,P,-72.5,-167.7
2MJ9,A,08,R,P,P,P,-63.2,-166.4
2MJ9,A,09,R,P,P,P,-76.0,-167.9
4QAY,A,00,R,P,P,P,-71.4,169.4
6MZM,H,00,R,P,P,P,-93.0,-179.8
4C6I,A,00,R,P,P,P,-79.6,144.3
3L4G,C,00,R,P,P,P,-96.5,143.6
6MX7,C,00,R,P,P,P,-84.8,132.7
4ZFQ,A,00,R,P,P,P,-93.5,134.6
5TZN,F,00,R,P,P,P,-63.2,151.1
1UEO,A,00,R,P,P,P,-76.1,-173.2
1UEO,A,01,R,P,P,P,-72.6,91.6
1UEO,A,02,R,P,P,P,-73.0,90.2
1UEO,A,03,R,P,P,P,-76.0,76.5
1UEO,A,04,R,P,P,P,-73.7,82.9
1UEO,A,05,R,P,P,P,-76.3,149.6
1UEO,A,06,R,P,P,P,-75.7,175.7
1UEO,A,07,R,P,P,P,-74.9,169.9
1UEO,A,08,R,P,P,P,-74.3,97.4
1UEO,A,09,R,P,P,P,-73.1,95.8
1UEO,A,10,R,P,P,P,-76.0,-171.9
1UEO,A,11,R,P,P,P,-74.0,84.4
1UEO,A,12,R,P,P,P,-73.0,95.6
1UEO,A,13,R,P,P,P,-73.7,72.7
1UEO,A,14,R,P,P,P,-75.6,79.5
1UEO,A,15,R,P,P,P,-72.0,99.0
1UEO,A,16,R,P,P,P,-74.4,105.0
1UEO,A,17,R,P,P,P,-74.1,71.8
1UEO,A,18,R,P,P,P,-77.1,-169.5
1UEO,A,19,R,P,P,P,-74.7,80.9
6IE5,A,00,R,P,P,P,-75.2,156.6
4C6M,A,00,R,P,P,P,-75.2,145.1
6HFI,A,00,R,P,P,P,-75.6,146.6
5NOI,A,00,R,P,P,P,-57.3,161.5
4C6P,A,00,R,P,P,P,-77.8,146.9
4ZIC,B,00,R,P,P,P,-68.7,148.5
4GQB,A,00,R,P,P,P,-62.9,142.1
2LEA,A,00,R,P,P,P,-80.1,-137.2
2LEA,A,01,R,P,P,P,-69.0,-77.2
2LEA,A,02,R,P,P,P,-67.9,-75.0
2LEA,A,03,R,P,P,P,-82.0,-142.1
2LEA,A,04,R,P,P,P,-67.5,-73.3
2LEA,A,05,R,P,P,P,-82.0,-144.7
2LEA,A,06,R,P,P,P,-77.5,-127.7
2LEA,A,07,R,P,P,P,-87.2,-146.9
2LEA,A,08,R,P,P,P,-83.1,-145.8
2LEA,A,09,R,P,P,P,-65.6,-67.1
2LEA,A,10,R,P,P,P,-84.1,-144.6
2LEA,A,11,R,P,P,P,-83.4,-140.1
2LEA,A,12,R,P,P,P,-70.2,-76.8
2LEA,A,13,R,P,P,P,-84.7,-141.7
2LEA,A,14,R,P,P,P,-84.8,-146.7
2LEA,A,15,R,P,P,P,-82.7,-141.4
2LEA,A,16,R,P,P,P,-84.0,-149.6
2LEA,A,17,R,P,P,P,-82.5,-140.9
2LEA,A,18,R,P,P,P,-82.9,-145.4
2LEA,A,19,R,P,P,P,-69.8,-77.3
1P14,A,00,R,P,P,P,-57.1,133.7
6C13,B,00,R,P,P,P,-68.6,140.8
5OOL,q,00,R,P,P,P,-68.6,131.0
1I44,A,00,R,P,P,P,-59.8,142.8
3HIE,D,00,R,P,P,P,-58.8,136.7
5WJ9,D,00,R,P,P,P,-69.3,134.6
2ZGI,C,00,R,P,P,P,-77.0,146.7
4C6C,A,00,R,P,P,P,-77.3,144.9
2G04,A,00,R,P,P,P,-52.4,114.0
1IR3,A,00,R,P,P,P,-53.5,130.4
1L2Z,B,00,R,P,P,P,-65.7,155.7
1L2Z,B,01,R,P,P,P,-76.1,154.4
1L2Z,B,02,R,P,P,P,-72.1,156.6
1L2Z,B,03,R,P,P,P,-69.9,162.7
1L2Z,B,04,R,P,P,P,-59.4,166.7
1L2Z,B,05,R,P,P,P,-74.3,156.9
1L2Z,B,06,R,P,P,P,-68.9,168.6
1L2Z,B,07,R,P,P,P,-58.3,142.6
1L2Z,B,08,R,P,P,P,-68.5,164.5
1L2Z,B,09,R,P,P,P,-67.0,162.8
1L2Z,B,10,R,P,P,P,-56.9,167.5
1L2Z,B,11,R,P,P,P,-77.4,169.2
1L2Z,B,12,R,P,P,P,-78.3,155.0
1L2Z,B,13,R,P,P,P,-75.3,158.7
1L2Z,B,14,R,P,P,P,-68.0,165.0
2P4R,T,00,R,P,P,P,-71.8,151.5
5SXP,G,00,R,P,P,P,-64.8,150.0
5M4Y,D,00,R,P,P,P,-63.9,-21.3
5LG4,B,00,R,P,P,P,-62.0,-26.2
2AZE,A,00,R,P,P,P,-57.3,127.5
5MLC,Z,00,R,P,P,P,-50.9,148.0
3EKK,A,00,R,P,P,P,-52.8,131.0
4CYJ,B,00,R,P,P,P,-75.1,160.3
3V79,C,00,R,P,P,P,-50.7,144.1
3UC8,A,00,R,P,P,P,-79.1,167.3
5FY4,A,00,R,P,P,P,-50.6,-35.7
1RQQ,B,00,R,P,P,P,-52.5,151.1
3EKN,A,00,R,P,P,P,-63.7,136.6
3A58,A,00,R,P,P,P,-54.1,-21.0
2GYR,A,00,R,P,P,P,-55.8,129.7
6IE6,A,00,R,P,P,P,-69.1,151.0
5LC5,D,00,R,P,P,P,-56.2,-32.3
6HG2,A,00,R,P,P,P,-74.9,148.4
5MV9,A,00,R,P,P,P,-55.0,145.6
3UC7,B,00,R,P,P,P,-75.4,169.0
5FYT,A,00,R,P,P,P,-53.0,-33.5
5FZA,A,00,R,P,P,P,-59.1,-29.1
5WJ5,D,00,R,P,P,P,-74.2,171.8
5CDD,B,00,R,P,P,P,-59.5,-37.2
6H50,A,00,R,P,P,P,-49.4,-33.1
5FZ8,A,00,R,P,P,P,-53.6,-31.9
5SXP,F,00,R,P,P,P,-65.1,149.8
6EJ0,A,00,R,P,P,P,-62.5,-30.1
5LDX,D,00,R,P,P,P,-54.7,-30.4
5WJ5,B,00,R,P,P,P,-74.3,171.8
4C6N,A,00,R,P,P,P,-81.9,149.2
6EIN,A,00,R,P,P,P,-60.9,-32.2
5FZD,A,00,R,P,P,P,-48.8,-35.9
5LWG,C,00,R,P,P,P,-66.4,-44.6
5ZWU,A,00,R,P,P,P,-65.3,163.2
5A3T,A,00,R,P,P,P,-58.0,-33.0
4XLV,A,00,R,P,P,P,-64.8,140.2
5FPL,A,00,R,P,P,P,-50.9,-34.0
5FYU,A,00,R,P,P,P,-55.0,-31.1
5Y7O,B,00,R,P,P,P,-59.9,146.2
2ZGI,D,00,R,P,P,P,-78.4,150.4
6HFU,A,00,R,P,P,P,-79.4,147.5
5FZ3,A,00,R,P,P,P,-56.7,-27.3
4ZIC,F,00,R,P,P,P,-65.1,158.5
5UY6,A,00,R,P,P,P,-75.0,360.0
3TWT,F,00,R,P,P,P,-53.5,146.6
2M7D,A,00,R,P,P,P,-80.3,119.6
2M7D,A,01,R,P,P,P,-80.5,117.9
2M7D,A,02,R,P,P,P,-80.7,135.3
2M7D,A,03,R,P,P,P,-81.3,121.5
2M7D,A,04,R,P,P,P,-81.4,152.1
2M7D,A,05,R,P,P,P,-80.6,120.7
2M7D,A,06,R,P,P,P,-80.6,144.8
2M7D,A,07,R,P,P,P,-80.5,149.4
2M7D,A,08,R,P,P,P,-80.8,148.1
2M7D,A,09,R,P,P,P,-81.2,152.7
2M7D,A,10,R,P,P,P,-81.0,151.8
2M7D,A,11,R,P,P,P,-81.3,129.8
2M7D,A,12,R,P,P,P,-80.8,151.6
2M7D,A,13,R,P,P,P,-80.9,151.4
2M7D,A,14,R,P,P,P,-80.7,145.1
2M7D,A,15,R,P,P,P,-81.7,152.0
2M7D,A,16,R,P,P,P,-81.0,151.8
2M7D,A,17,R,P,P,P,-80.8,152.0
2M7D,A,18,R,P,P,P,-80.5,150.4
2M7D,A,19,R,P,P,P,-80.6,146.8
2M7D,A,20,R,P,P,P,-80.6,134.6
2M7D,A,21,R,P,P,P,-81.4,152.0
2M7D,A,22,R,P,P,P,-80.9,151.9
2M7D,A,23,R,P,P,P,-81.0,139.2
2M7D,A,24,R,P,P,P,-80.7,120.7
2M7D,A,25,R,P,P,P,-80.6,132.7
2M7D,A,26,R,P,P,P,-80.9,145.9
2M7D,A,27,R,P,P,P,-81.1,151.2
2M7D,A,28,R,P,P,P,-80.0,137.5
2M7D,A,29,R,P,P,P,-80.9,151.7
5FZ1,A,00,R,P,P,P,-54.0,-32.0
2GYZ,A,00,R,P,P,P,-66.1,134.0
6DU4,A,00,R,P,P,P,-70.7,166.2
4ZHS,C,00,R,P,P,P,-65.2,158.8
5MHF,A,00,R,P,P,P,-67.5,147.4
3A58,E,00,R,P,P,P,-52.6,-3.7
2ASK,A,00,R,P,P,P,-66.1,128.3
5Y7O,A,00,R,P,P,P,-61.3,148.4
2G04,F,00,R,P,P,P,-48.5,113.6
5FPU,A,00,R,P,P,P,-51.2,-33.2
5MMI,Z,00,R,P,P,P,-59.7,-29.0
5LVC,a,00,R,P,P,P,-71.2,151.5
4C6J,A,00,R,P,P,P,-78.8,145.0
5FYS,A,00,R,P,P,P,-54.9,-32.8
5FZ0,A,00,R,P,P,P,-60.8,-35.6
2GYR,D,00,R,P,P,P,-45.4,113.2
3BU5,A,00,R,P,P,P,-62.0,138.7
1Z3I,X,00,R,P,P,P,-46.8,146.3
6EIY,A,00,R,P,P,P,-63.1,-24.6
1GAG,A,00,R,P,P,P,-52.0,134.9
4X60,A,00,R,P,P,P,-60.4,121.6
6H51,A,00,R,P,P,P,-46.2,-35.4
5FZM,A,00,R,P,P,P,-60.4,-29.3
2GH0,C,00,R,P,P,P,-69.2,153.3
3WEN,A,00,R,P,P,P,-62.3,161.4
6BXZ,A,00,R,P,P,P,-60.1,149.9
3UC8,C,00,R,P,P,P,-77.4,157.3
5FZI,A,00,R,P,P,P,-54.1,-37.8
2GYR,F,00,R,P,P,P,-58.1,99.5
3WEM,A,00,R,P,P,P,-66.2,156.1
6HFL,A,00,R,P,P,P,-77.4,145.4
5FA5,A,00,R,P,P,P,-70.5,131.5
2D1X,P,00,R,P,P,P,-77.1,149.5
5FZ9,A,00,R,P,P,P,-50.8,-32.1
5XTB,Q,00,R,P,P,P,-58.3,-34.9
5GKA,A,00,R,P,P,P,-69.0,162.3
6HFJ,A,00,R,P,P,P,-75.3,145.2
4ZIC,A,00,R,P,P,P,-61.9,157.7
2BN5,B,00,R,P,P,P,-52.4,174.5
2BN5,B,01,R,P,P,P,-70.1,155.2
2BN5,B,02,R,P,P,P,-70.2,169.4
2BN5,B,03,R,P,P,P,-69.9,-43.2
2BN5,B,04,R,P,P,P,-70.0,171.4
2BN5,B,05,R,P,P,P,-69.7,170.3
2BN5,B,06,R,P,P,P,-69.6,-32.2
2BN5,B,07,R,P,P,P,-70.0,178.3
2BN5,B,08,R,P,P,P,-70.5,-45.5
2BN5,B,09,R,P,P,P,-52.5,160.7
2BN5,B,10,R,P,P,P,-44.1,94.5
2BN5,B,11,R,P,P,P,-69.8,158.2
2BN5,B,12,R,P,P,P,-69.9,-43.7
2BN5,B,13,R,P,P,P,-70.1,122.9
2BN5,B,14,R,P,P,P,-70.0,135.2
2BN5,B,15,R,P,P,P,-52.2,179.7
2BN5,B,16,R,P,P,P,-51.7,105.4
2BN5,B,17,R,P,P,P,-69.6,-43.8
2BN5,B,18,R,P,P,P,-52.4,-177.6
2BN5,B,19,R,P,P,P,-80.1,57.6
2BN5,B,20,R,P,P,P,-52.4,-28.5
2BN5,B,21,R,P,P,P,-68.2,82.5
2BN5,B,22,R,P,P,P,-70.0,165.4
2BN5,B,23,R,P,P,P,-69.3,-28.8
2BN5,B,24,R,P,P,P,-69.9,149.6
2BN5,B,25,R,P,P,P,-52.1,115.2
2BN5,B,26,R,P,P,P,-52.5,-176.1
2BN5,B,27,R,P,P,P,-70.0,-45.7
3TWT,E,00,R,P,P,P,-59.4,153.9
5FUP,A,00,R,P,P,P,-50.4,-33.0
5FYV,A,00,R,P,P,P,-52.8,-34.5
2B4S,D,00,R,P,P,P,-63.5,131.9
6MZC,H,00,R,P,P,P,-93.8,-176.4
4C6Q,A,00,R,P,P,P,-82.4,145.4
3WEL,A,00,R,P,P,P,-60.3,161.4
1RQQ,A,00,R,P,P,P,-56.1,153.8
4C6B,A,00,R,P,P,P,-79.2,140.3
6EJ1,A,00,R,P,P,P,-64.0,-26.2
5XTD,Q,00,R,P,P,P,-58.3,-35.0
5OOM,6,00,R,P,P,P,-72.0,137.4
6MZL,H,00,R,P,P,P,-93.8,-176.4
5OOM,q,00,R,P,P,P,-71.6,130.1
5FZB,A,00,R,P,P,P,-52.0,-36.7
4IBM,B,00,R,P,P,P,-61.4,142.1
1ZQ9,B,00,R,P,P,P,-76.4,174.7
6C13,A,00,R,P,P,P,-68.7,140.8
4X63,A,00,R,P,P,P,-63.2,132.4
6K1S,A,00,R,P,P,P,-70.6,109.8
3UC7,A,00,R,P,P,P,-68.9,157.2
6ICZ,X,00,R,P,P,P,-66.5,148.5
6HFK,A,00,R,P,P,P,-75.7,146.1
4ZIC,E,00,R,P,P,P,-72.3,160.3
3UC8,B,00,R,P,P,P,-75.4,156.0
6EIU,A,00,R,P,P,P,-62.3,-30.3
2GH0,D,00,R,P,P,P,-61.7,142.4
5CDC,B,00,R,P,P,P,-55.6,-45.2
4LNP,B,00,R,P,P,P,-57.5,154.8
5FZ4,A,00,R,P,P,P,-55.8,-32.0
3HIE,C,00,R,P,P,P,-52.7,-20.6
5TUV,A,00,R,P,P,P,-60.5,-57.0
3W37,A,00,R,P,P,P,-60.8,158.1
4CYI,A,00,R,P,P,P,-72.8,172.4
5FZG,A,00,R,P,P,P,-53.1,-33.2
5WJ9,B,00,R,P,P,P,-69.2,134.6
6HFQ,A,00,R,P,P,P,-75.9,145.4
3TWU,B,00,R,P,P,P,-60.4,153.6
1L2Y,A,00,R,P,P,P,-77.3,124.2
1L2Y,A,01,R,P,P,P,-78.7,117.7
1L2Y,A,02,R,P,P,P,-76.8,-21.8
1L2Y,A,03,R,P,P,P,-78.0,133.5
1L2Y,A,04,R,P,P,P,-82.7,97.1
1L2Y,A,05,R,P,P,P,-79.6,-18.5
1L2Y,A,06,R,P,P,P,-81.2,-19.7
1L2Y,A,07,R,P,P,P,-85.5,-8.2
1L2Y,A,08,R,P,P,P,-78.8,138.7
1L2Y,A,09,R,P,P,P,-77.2,110.9
1L2Y,A,10,R,P,P,P,-76.3,142.2
1L2Y,A,11,R,P,P,P,-84.8,-5.7
1L2Y,A,12,R,P,P,P,-77.1,142.1
1L2Y,A,13,R,P,P,P,-83.8,106.8
1L2Y,A,14,R,P,P,P,-79.8,145.6
1L2Y,A,15,R,P,P,P,-80.1,114.0
1L2Y,A,16,R,P,P,P,-75.6,106.7
1L2Y,A,17,R,P,P,P,-74.6,137.7
1L2Y,A,18,R,P,P,P,-81.1,145.7
1L2Y,A,19,R,P,P,P,-79.9,-20.9
1L2Y,A,20,R,P,P,P,-74.3,105.4
1L2Y,A,21,R,P,P,P,-79.6,-36.0
1L2Y,A,22,R,P,P,P,-78.3,-18.8
1L2Y,A,23,R,P,P,P,-77.0,127.4
1L2Y,A,24,R,P,P,P,-88.7,109.0
1L2Y,A,25,R,P,P,P,-81.8,-25.4
1L2Y,A,26,R,P,P,P,-80.5,-17.0
1L2Y,A,27,R,P,P,P,-76.4,141.1
1L2Y,A,28,R,P,P,P,-75.3,150.4
1L2Y,A,29,R,P,P,P,-75.0,139.4
1L2Y,A,30,R,P,P,P,-77.9,138.1
1L2Y,A,31,R,P,P,P,-84.9,150.3
1L2Y,A,32,R,P,P,P,-86.3,-10.3
1L2Y,A,33,R,P,P,P,-81.7,127.6
1L2Y,A,34,R,P,P,P,-81.6,-24.8
1L2Y,A,35,R,P,P,P,-75.6,130.6
1L2Y,A,36,R,P,P,P,-81.6,-18.3
1L2Y,A,37,R,P,P,P,-76.2,131.6
5LW9,A,00,R,P,P,P,-57.3,-31.0
3HIE,A,00,R,P,P,P,-61.8,-12.4
6HFD,A,00,R,P,P,P,-77.5,148.4
5FYB,A,00,R,P,P,P,-49.9,-33.6
5M4Y,F,00,R,P,P,P,-65.0,-24.6
2GYR,C,00,R,P,P,P,-52.9,133.5
4V1A,v,00,R,P,P,P,-64.3,126.3
5KJ4,C,00,R,P,P,P,-69.2,126.7
6HFE,A,00,R,P,P,P,-75.5,146.3
4ZHS,A,00,R,P,P,P,-65.8,163.1
5EMM,A,00,R,P,P,P,-66.3,128.2
5WJ5,A,00,R,P,P,P,-74.3,171.9
3TWT,H,00,R,P,P,P,-60.8,156.5
2LL5,A,00,R,P,P,P,-48.9,146.7
2LL5,A,01,R,P,P,P,-49.5,148.2
2LL5,A,02,R,P,P,P,-54.2,150.6
2LL5,A,03,R,P,P,P,-61.4,174.1
2LL5,A,04,R,P,P,P,-56.5,172.5
2LL5,A,05,R,P,P,P,-48.2,142.2
2LL5,A,06,R,P,P,P,-55.4,163.1
2LL5,A,07,R,P,P,P,-51.5,149.2
2LL5,A,08,R,P,P,P,-49.6,144.0
2LL5,A,09,R,P,P,P,-54.6,155.3
2LL5,A,10,R,P,P,P,-48.1,143.4
2LL5,A,11,R,P,P,P,-59.3,161.8
2LL5,A,12,R,P,P,P,-47.4,145.2
2LL5,A,13,R,P,P,P,-58.8,176.0
2LL5,A,14,R,P,P,P,-52.0,132.1
2LL5,A,15,R,P,P,P,-50.5,142.7
2LL5,A,16,R,P,P,P,-55.7,167.9
2LL5,A,17,R,P,P,P,-49.8,144.6
2LL5,A,18,R,P,P,P,-56.3,148.7
2LL5,A,19,R,P,P,P,-53.1,149.8
2LL5,A,20,R,P,P,P,-58.3,172.7
2LL5,A,21,R,P,P,P,-70.7,68.8
2LL5,A,22,R,P,P,P,-60.6,162.5
2LL5,A,23,R,P,P,P,-57.1,160.2
2LL5,A,24,R,P,P,P,-48.1,139.8
2LL5,A,25,R,P,P,P,-50.5,168.8
2LL5,A,26,R,P,P,P,-68.8,155.8
2LL5,A,27,R,P,P,P,-59.5,171.7
2LL5,A,28,R,P,P,P,-57.0,169.4
2LL5,A,29,R,P,P,P,-50.0,147.1
2LL5,A,30,R,P,P,P,-49.6,156.1
2LL5,A,31,R,P,P,P,-59.0,173.7
2LL5,A,32,R,P,P,P,-48.9,140.6
5A1F,A,00,R,P,P,P,-59.7,-26.8
5FZ7,A,00,R,P,P,P,-56.3,-33.1
4IBM,A,00,R,P,P,P,-56.7,136.0
6DU5,A,00,R,P,P,P,-74.9,165.6
5YNZ,A,00,R,P,P,P,-75.4,157.8
5LG4,C,00,R,P,P,P,-61.4,-27.8
5O31,D,00,R,P,P,P,-54.1,-40.9
5WJ9,C,00,R,P,P,P,-69.2,134.6
6IAA,C,00,R,P,P,P,-51.0,150.4
2LY3,1,00,R,P,P,P,-61.8,177.3
2LY3,1,01,R,P,P,P,-63.1,177.5
2LY3,1,02,R,P,P,P,-69.3,172.8
2LY3,1,03,R,P,P,P,-63.7,175.9
2LY3,1,04,R,P,P,P,-64.2,177.3
2LY3,1,05,R,P,P,P,-64.9,176.1
2LY3,1,06,R,P,P,P,-61.0,177.3
2LY3,1,07,R,P,P,P,-63.2,175.7
2LY3,1,08,R,P,P,P,-65.3,177.3
2LY3,1,09,R,P,P,P,-64.6,177.3
3ETA,B,00,R,P,P,P,-61.1,136.5
5HHW,A,00,R,P,P,P,-53.3,133.2
5WJ5,C,00,R,P,P,P,-74.2,171.9
6HFF,A,00,R,P,P,P,-76.4,145.9
4ZHS,B,00,R,P,P,P,-65.2,154.1
6MZM,I,00,R,P,P,P,-96.4,155.8
2M7C,A,00,R,P,P,P,-83.5,139.7
2M7C,A,01,R,P,P,P,-83.4,135.8
2M7C,A,02,R,P,P,P,-82.6,137.5
2M7C,A,03,R,P,P,P,-79.7,148.8
2M7C,A,04,R,P,P,P,-81.4,151.0
2M7C,A,05,R,P,P,P,-80.5,149.9
2M7C,A,06,R,P,P,P,-81.0,144.7
2M7C,A,07,R,P,P,P,-82.9,137.0
2M7C,A,08,R,P,P,P,-80.9,147.6
2M7C,A,09,R,P,P,P,-83.6,139.6
2M7C,A,10,R,P,P,P,-80.3,147.8
2M7C,A,11,R,P,P,P,-81.7,149.5
2M7C,A,12,R,P,P,P,-80.4,150.1
2M7C,A,13,R,P,P,P,-83.8,136.5
2M7C,A,14,R,P,P,P,-81.3,136.4
2M7C,A,15,R,P,P,P,-81.2,148.9
2M7C,A,16,R,P,P,P,-81.2,137.4
2M7C,A,17,R,P,P,P,-80.1,150.5
2M7C,A,18,R,P,P,P,-81.2,151.5
2M7C,A,19,R,P,P,P,-82.3,138.1
2M7C,A,20,R,P,P,P,-81.6,137.1
2M7C,A,21,R,P,P,P,-82.8,138.2
2M7C,A,22,R,P,P,P,-82.9,137.7
2M7C,A,23,R,P,P,P,-82.8,137.1
2M7C,A,24,R,P,P,P,-81.9,150.7
2M7C,A,25,R,P,P,P,-81.6,135.9
2M7C,A,26,R,P,P,P,-81.7,136.8
2M7C,A,27,R,P,P,P,-81.3,137.3
2M7C,A,28,R,P,P,P,-83.1,138.6
2M7C,A,29,R,P,P,P,-80.7,158.7
2M7C,A,30,R,P,P,P,-80.4,150.9
2M7C,A,31,R,P,P,P,-80.4,141.4
6BXZ,C,00,R,P,P,P,-59.3,149.7
2Z8C,A,00,R,P,P,P,-42.4,130.5
6IAA,A,00,R,P,P,P,-51.6,151.6
5KJ4,B,00,R,P,P,P,-69.8,126.9
5KJ4,D,00,R,P,P,P,-69.0,126.9
6HG1,A,00,R,P,P,P,-74.9,152.2
6CKC,A,00,R,P,P,P,-62.8,138.6
2JXB,A,00,R,P,P,P,-69.7,178.1
2JXB,A,01,R,P,P,P,-69.7,-179.8
2JXB,A,02,R,P,P,P,-69.7,-179.4
2JXB,A,03,R,P,P,P,-69.8,173.7
2JXB,A,04,R,P,P,P,-69.7,176.9
2JXB,A,05,R,P,P,P,-69.9,-179.7
2JXB,A,06,R,P,P,P,-69.8,-178.4
2JXB,A,07,R,P,P,P,-69.8,-177.2
2JXB,A,08,R,P,P,P,-69.7,-178.7
2JXB,A,09,R,P,P,P,-69.6,-179.7
2JXB,A,10,R,P,P,P,-69.7,-178.8
2JXB,A,11,R,P,P,P,-69.7,179.4
2JXB,A,12,R,P,P,P,-69.7,-176.2
2JXB,A,13,R,P,P,P,-69.8,175.6
2JXB,A,14,R,P,P,P,-69.9,175.1
2JXB,A,15,R,P,P,P,-69.7,175.3
2JXB,A,16,R,P,P,P,-69.8,178.1
2JXB,A,17,R,P,P,P,-69.6,-173.1
2JXB,A,18,R,P,P,P,-69.8,179.3
2JXB,A,19,R,P,P,P,-69.7,173.7
2GYR,B,00,R,P,P,P,-49.4,133.1
3W38,A,00,R,P,P,P,-65.2,160.8
5WJ9,A,00,R,P,P,P,-69.7,134.6
5MF9,B,00,R,P,P,P,-62.2,144.5
5MF9,B,01,R,P,P,P,-58.4,140.5
5MF9,B,02,R,P,P,P,-61.2,144.5
5MF9,B,03,R,P,P,P,-61.4,143.0
5MF9,B,04,R,P,P,P,-61.6,143.0
5MF9,B,05,R,P,P,P,-63.1,145.7
5MF9,B,06,R,P,P,P,-59.5,145.3
5MF9,B,07,R,P,P,P,-62.1,142.8
5MF9,B,08,R,P,P,P,-60.7,143.4
5MF9,B,09,R,P,P,P,-57.4,141.7
5H1S,Z,00,R,P,P,P,-59.3,-38.9
3BU6,A,00,R,P,P,P,-60.5,142.1
5OOL,6,00,R,P,P,P,-71.8,145.0
2D1X,Q,00,R,P,P,P,-75.8,144.4
6D5A,A,00,R,P,P,P,-70.2,159.1
5FZL,A,00,R,P,P,P,-58.2,-31.9
5C9Z,A,00,R,P,P,P,-60.8,136.1
5EMJ,A,00,R,P,P,P,-58.4,122.7
4V1A,b,00,R,P,P,P,-53.1,131.2
2G04,E,00,R,P,P,P,-56.2,95.6
3UC7,C,00,R,P,P,P,-64.0,161.0
2M1S,A,00,R,P,P,P,-71.9,149.3
2M1S,A,01,R,P,P,P,-69.7,-23.7
2M1S,A,02,R,P,P,P,-69.2,-22.1
2M1S,A,03,R,P,P,P,-69.1,-23.2
2M1S,A,04,R,P,P,P,-73.2,150.6
2M1S,A,05,R,P,P,P,-71.9,150.2
2M1S,A,06,R,P,P,P,-72.8,155.1
2M1S,A,07,R,P,P,P,-72.9,152.3
2M1S,A,08,R,P,P,P,-72.5,153.6
2M1S,A,09,R,P,P,P,-71.8,143.3
5AOO,A,00,R,P,P,P,-73.4,146.4
6HFN,A,00,R,P,P,P,-74.5,146.2
1RIJ,A,00,R,P,P,P,-62.2,-23.9
1RIJ,A,01,R,P,P,P,-72.8,73.5
1RIJ,A,02,R,P,P,P,-57.6,88.8
1RIJ,A,03,R,P,P,P,-43.3,93.5
1RIJ,A,04,R,P,P,P,-64.5,77.8
1RIJ,A,05,R,P,P,P,-48.5,-42.2
1RIJ,A,06,R,P,P,P,-42.3,92.2
1RIJ,A,07,R,P,P,P,-63.8,76.1
1RIJ,A,08,R,P,P,P,-67.6,76.2
1RIJ,A,09,R,P,P,P,-67.2,-27.6
1RIJ,A,10,R,P,P,P,-74.1,70.5
1RIJ,A,11,R,P,P,P,-78.2,-35.9
1RIJ,A,12,R,P,P,P,-69.5,74.1
1RIJ,A,13,R,P,P,P,-73.5,71.4
1RIJ,A,14,R,P,P,P,-60.7,86.1
1RIJ,A,15,R,P,P,P,-75.4,72.4
1RIJ,A,16,R,P,P,P,-78.4,71.9
1RIJ,A,17,R,P,P,P,-76.9,70.4
1RIJ,A,18,R,P,P,P,-63.0,-36.2
1RIJ,A,19,R,P,P,P,-77.5,70.9
1RIJ,A,20,R,P,P,P,-73.9,72.5
1RIJ,A,21,R,P,P,P,-74.6,72.5
1RIJ,A,22,R,P,P,P,-55.8,-50.3
1RIJ,A,23,R,P,P,P,-48.1,99.9
1RIJ,A,24,R,P,P,P,-73.1,72.6
1RIJ,A,25,R,P,P,P,-82.7,47.2
1RIJ,A,26,R,P,P,P,-66.2,-37.1
1RIJ,A,27,R,P,P,P,-68.6,-38.5
1RIJ,A,28,R,P,P,P,-64.6,-164.3
1RIJ,A,29,R,P,P,P,-72.3,71.3
3HIE,B,00,R,P,P,P,-58.9,-21.0
3A58,C,00,R,P,P,P,-54.6,-12.2
1ZQ9,A,00,R,P,P,P,-74.8,176.3
2G04,D,00,R,P,P,P,-53.7,110.7
2ZGI,B,00,R,P,P,P,-83.4,151.3
3TWT,G,00,R,P,P,P,-56.6,147.0
2JOF,A,00,R,P,P,P,-77.2,114.9
2JOF,A,01,R,P,P,P,-77.4,82.0
2JOF,A,02,R,P,P,P,-77.3,136.3
2JOF,A,03,R,P,P,P,-72.5,124.6
2JOF,A,04,R,P,P,P,-74.7,98.6
2JOF,A,05,R,P,P,P,-73.9,156.4
2JOF,A,06,R,P,P,P,-72.0,103.2
2JOF,A,07,R,P,P,P,-73.2,151.0
2JOF,A,08,R,P,P,P,-73.2,156.9
2JOF,A,09,R,P,P,P,-73.0,124.6
2JOF,A,10,R,P,P,P,-79.1,115.6
2JOF,A,11,R,P,P,P,-80.2,89.3
2JOF,A,12,R,P,P,P,-79.7,64.1
2JOF,A,13,R,P,P,P,-77.7,107.5
2JOF,A,14,R,P,P,P,-73.3,150.6
2JOF,A,15,R,P,P,P,-79.9,72.4
2JOF,A,16,R,P,P,P,-78.3,80.3
2JOF,A,17,R,P,P,P,-79.3,65.9
2JOF,A,18,R,P,P,P,-79.7,112.6
2JOF,A,19,R,P,P,P,-81.1,88.3
2JOF,A,20,R,P,P,P,-77.5,112.3
2JOF,A,21,R,P,P,P,-82.8,82.8
2JOF,A,22,R,P,P,P,-78.0,88.8
2JOF,A,23,R,P,P,P,-77.1,129.5
2JOF,A,24,R,P,P,P,-73.9,96.7
2JOF,A,25,R,P,P,P,-78.3,100.6
2JOF,A,26,R,P,P,P,-77.1,127.5
2JOF,A,27,R,P,P,P,-81.4,111.3
6EK6,A,00,R,P,P,P,-62.3,-34.1
6H52,A,00,R,P,P,P,-48.3,-32.9
5FZH,A,00,R,P,P,P,-57.5,-35.0
5E1S,A,00,R,P,P,P,-54.1,134.9
5KJ4,A,00,R,P,P,P,-69.5,126.7
4C6E,A,00,R,P,P,P,-80.2,144.5
3UC7,E,00,R,P,P,P,-59.2,151.5
5A3N,A,00,R,P,P,P,-59.7,-29.8
4C6F,A,00,R,P,P,P,-79.6,144.9
4C6O,A,00,R,P,P,P,-75.9,146.7
4ZHS,E,00,R,P,P,P,-72.5,159.6
2F8X,C,00,R,P,P,P,-48.6,133.1
4Z7A,A,00,R,P,P,P,-60.1,147.4
5FZK,A,00,R,P,P,P,-51.3,-36.1
4C6K,A,00,R,P,P,P,-76.6,146.0
6HFP,A,00,R,P,P,P,-72.1,144.6
5MHF,B,00,R,P,P,P,-66.3,147.1
5FV3,A,00,R,P,P,P,-54.2,-32.9
1IRK,A,00,R,P,P,P,-52.0,135.8
4C6L,A,00,R,P,P,P,-78.9,147.3
6MZC,I,00,R,P,P,P,-97.2,157.8
6H4Z,A,00,R,P,P,P,-49.8,-37.0
5FUN,A,00,R,P,P,P,-51.6,-29.6
2ASK,B,00,R,P,P,P,-58.7,138.3
5ZWZ,A,00,R,P,P,P,-71.6,150.6
6MZL,I,00,R,P,P,P,-97.2,157.8
4ZIC,C,00,R,P,P,P,-77.3,156.3
5FZE,A,00,R,P,P,P,-52.8,-32.9
5M4Y,B,00,R,P,P,P,-61.6,-26.8
2GYR,E,00,R,P,P,P,-57.1,138.1
5LDW,D,00,R,P,P,P,-54.8,-30.4
6DFL,A,00,R,P,P,P,-56.1,131.7
5K9N,B,00,R,P,P,P,-44.0,145.1
4BY3,A,00,R,P,P,P,-75.8,147.4
6IAA,B,00,R,P,P,P,-53.1,152.4
2G04,C,00,R,P,P,P,-53.7,110.7
5FYZ,A,00,R,P,P,P,-52.2,-32.9
5FZC,A,00,R,P,P,P,-50.1,-37.7
2ZGI,A,00,R,P,P,P,-68.4,141.7
6HFR,A,00,R,P,P,P,-79.2,146.9
4X61,A,00,R,P,P,P,-59.4,134.7
5EMK,A,00,R,P,P,P,-55.1,142.5
5LWI,C,00,R,P,P,P,-68.1,-40.6
5FZF,A,00,R,P,P,P,-57.6,-32.7
5FYY,A,00,R,P,P,P,-56.3,-30.8
4C6D,A,00,R,P,P,P,-79.2,144.6
5EML,A,00,R,P,P,P,-58.3,137.2
5MHF,C,00,R,P,P,P,-67.4,147.9
5MHF,D,00,R,P,P,P,-67.4,147.5
2LEB,A,00,R,P,P,P,-76.1,39.4
2LEB,A,01,R,P,P,P,-83.6,19.4
2LEB,A,02,R,P,P,P,-74.4,171.5
2LEB,A,03,R,P,P,P,-81.8,178.5
2LEB,A,04,R,P,P,P,-76.5,20.6
2LEB,A,05,R,P,P,P,-70.5,156.9
2LEB,A,06,R,P,P,P,-79.2,9.7
2LEB,A,07,R,P,P,P,-71.8,167.3
2LEB,A,08,R,P,P,P,-75.1,13.0
2LEB,A,09,R,P,P,P,-73.3,169.1
2LEB,A,10,R,P,P,P,-79.5,12.8
2LEB,A,11,R,P,P,P,-76.6,21.7
2LEB,A,12,R,P,P,P,-74.2,13.8
2LEB,A,13,R,P,P,P,-82.7,13.9
2LEB,A,14,R,P,P,P,-79.1,8.7
2LEB,A,15,R,P,P,P,-80.6,18.8
2LEB,A,16,R,P,P,P,-83.2,24.9
2LEB,A,17,R,P,P,P,-79.1,18.2
2LEB,A,18,R,P,P,P,-79.8,31.2
2LEB,A,19,R,P,P,P,-77.9,6.6
3UC7,D,00,R,P,P,P,-77.0,161.8
5FY5,A,00,R,P,P,P,-55.7,-32.5
5FY9,A,00,R,P,P,P,-48.7,-35.5
5A3W,A,00,R,P,P,P,-54.3,-31.5
5FZ6,A,00,R,P,P,P,-51.3,-34.5
4ZHS,D,00,R,P,P,P,-61.5,148.9
2LEC,A,00,R,P,P,P,-87.8,-167.9
2LEC,A,01,R,P,P,P,-84.3,-167.0
2LEC,A,02,R,P,P,P,-81.9,-166.0
2LEC,A,03,R,P,P,P,-87.5,-162.6
2LEC,A,04,R,P,P,P,-86.6,-162.1
2LEC,A,05,R,P,P,P,-75.7,-166.3
2LEC,A,06,R,P,P,P,-84.4,-166.6
2LEC,A,07,R,P,P,P,-68.0,-162.5
2LEC,A,08,R,P,P,P,-83.9,-172.3
2LEC,A,09,R,P,P,P,-84.4,-165.7
2LEC,A,10,R,P,P,P,-78.9,-169.0
2LEC,A,11,R,P,P,P,-86.0,-164.2
2LEC,A,12,R,P,P,P,-82.2,-163.8
2LEC,A,13,R,P,P,P,-87.6,-162.5
2LEC,A,14,R,P,P,P,-89.3,-163.3
2LEC,A,15,R,P,P,P,-81.6,-169.9
2LEC,A,16,R,P,P,P,-81.6,-170.0
2LEC,A,17,R,P,P,P,-88.9,-162.1
2LEC,A,18,R,P,P,P,-82.6,-169.3
2LEC,A,19,R,P,P,P,-80.9,-167.9
5TZN,G,00,R,P,P,P,-63.5,151.2
5A3P,A,00,R,P,P,P,-51.7,-35.8
5K9N,A,00,R,P,P,P,-55.7,146.9
6HG3,A,00,R,P,P,P,-77.0,149.2
2K4F,A,00,R,P,P,P,-33.4,144.5
2K4F,A,01,R,P,P,P,-42.4,128.1
2K4F,A,02,R,P,P,P,-49.6,-167.0
2K4F,A,03,R,P,P,P,-51.3,-134.6
2K4F,A,04,R,P,P,P,-65.2,-53.6
2K4F,A,05,R,P,P,P,-61.6,118.8
2K4F,A,06,R,P,P,P,-81.4,116.0
2K4F,A,07,R,P,P,P,-66.7,58.8
2K4F,A,08,R,P,P,P,-61.6,149.7
2K4F,A,09,R,P,P,P,-66.0,144.7
2K4F,A,10,R,P,P,P,-61.8,75.6
2K4F,A,11,R,P,P,P,-46.8,116.7
2K4F,A,12,R,P,P,P,-51.8,-135.2
2K4F,A,13,R,P,P,P,-58.9,135.9
2K4F,A,14,R,P,P,P,-73.1,81.5
2K4F,A,15,R,P,P,P,-63.0,22.4
2K4F,A,16,R,P,P,P,-69.3,143.8
2K4F,A,17,R,P,P,P,-61.0,-154.2
2K4F,A,18,R,P,P,P,-73.1,154.3
2K4F,A,19,R,P,P,P,-67.5,163.0
4ZHS,F,00,R,P,P,P,-68.1,164.7
2QV2,A,00,R,P,P,P,-55.8,-30.9
3J7Y,q,00,R,P,P,P,-82.8,139.6
5X8T,Z,00,R,P,P,P,-72.5,-3.3
3ETA,A,00,R,P,P,P,-62.3,135.6
2B4S,B,00,R,P,P,P,-58.2,136.6
6HFS,A,00,R,P,P,P,-79.1,146.5
2G04,B,00,R,P,P,P,-55.9,113.5
5LWB,A,00,R,P,P,P,-64.9,-28.7
3WEO,A,00,R,P,P,P,-63.8,159.3
3BU3,A,00,R,P,P,P,-65.0,140.8
6HFH,A,00,R,P,P,P,-74.8,144.9
4ZIC,D,00,R,P,P,P,-66.2,150.5
3J7Y,6,00,R,P,P,P,-67.5,148.4
1EMH,A,00,P,P,P,S,-46.9,-43.1
5VNJ,A,00,P,P,P,S,-89.1,152.6
2Z8I,A,00,P,P,P,S,-63.7,7.0
3KQU,F,00,P,P,P,S,-50.0,-33.0
4B76,A,00,P,P,P,S,-53.3,-27.6
5KNL,A,00,P,P,P,S,-57.1,-27.1
3WEM,A,00,P,P,P,S,-39.9,161.8
2WE1,A,00,P,P,P,S,-50.1,139.1
2Z8J,C,00,P,P,P,S,-61.5,7.2
2E0X,C,00,P,P,P,S,-80.4,14.9
4CR3,J,00,P,P,P,S,-49.2,163.3
3KQH,A,00,P,P,P,S,-53.5,-30.2
1W6L,A,00,P,P,P,S,-50.9,-34.0
3UC7,B,00,P,P,P,S,-75.4,169.0
1LYA,B,00,P,P,P,S,-87.3,-11.3
4OTT,A,00,P,P,P,S,-76.9,19.1
2DBX,C,00,P,P,P,S,-63.4,7.0
2DBU,C,00,P,P,P,S,-60.7,4.4
3O8D,B,00,P,P,P,S,-56.0,-32.4
4KWD,A,00,P,P,P,S,-59.7,139.7
5AJ3,O,00,P,P,P,S,-50.1,-27.9
4LYL,M,00,P,P,P,S,-53.9,-37.9
1QUB,A,00,P,P,P,S,-72.6,157.3
5ACJ,A,00,P,P,P,S,-74.0,161.9
1A1V,A,00,P,P,P,S,-53.1,-33.3
1CU1,B,00,P,P,P,S,-45.2,-28.1
2E4O,A,00,P,P,P,S,-51.1,146.4
4LYL,O,00,P,P,P,S,-44.3,-44.0
3KP9,A,00,P,P,P,S,-52.0,142.1
6CWG,A,00,P,P,P,S,-58.9,147.9
4UFL,A,00,P,P,P,S,-48.4,151.8
3O8B,A,00,P,P,P,S,-54.6,-35.8
2MDI,A,00,P,P,P,S,-89.0,158.4
2MDI,A,01,P,P,P,S,-87.7,158.9
2MDI,A,02,P,P,P,S,-86.8,157.3
2MDI,A,03,P,P,P,S,-87.4,158.6
2MDI,A,04,P,P,P,S,-86.1,157.5
2MDI,A,05,P,P,P,S,-86.2,157.4
2MDI,A,06,P,P,P,S,-85.5,159.9
2MDI,A,07,P,P,P,S,-87.1,157.0
2MDI,A,08,P,P,P,S,-81.3,159.3
2MDI,A,09,P,P,P,S,-87.4,158.7
2MDI,A,10,P,P,P,S,-87.0,157.5
2MDI,A,11,P,P,P,S,-86.7,159.4
2MDI,A,12,P,P,P,S,-86.3,158.8
2MDI,A,13,P,P,P,S,-85.7,160.5
2MDI,A,14,P,P,P,S,-82.3,155.5
1WIW,A,00,P,P,P,S,-49.4,-45.2
6NF8,O,00,P,P,P,S,-79.7,-28.7
6QZO,G,00,P,P,P,S,-84.4,-178.3
3EZS,B,00,P,P,P,S,-80.6,156.7
2NUP,A,00,P,P,P,S,-85.8,160.6
4HV3,A,00,P,P,P,S,-55.9,139.5
5FPT,A,00,P,P,P,S,-50.2,-39.4
5XQG,C,00,P,P,P,S,-44.9,-41.6
3BNY,D,00,P,P,P,S,-52.8,138.4
1ETE,B,00,P,P,P,S,-67.6,151.3
1WHQ,A,00,P,P,P,S,-69.7,-15.9
1WHQ,A,01,P,P,P,S,-69.8,135.8
1WHQ,A,02,P,P,P,S,-69.8,100.9
1WHQ,A,03,P,P,P,S,-69.8,120.5
1WHQ,A,04,P,P,P,S,-69.7,83.6
1WHQ,A,05,P,P,P,S,-69.8,-41.4
1WHQ,A,06,P,P,P,S,-69.7,173.0
1WHQ,A,07,P,P,P,S,-69.8,-7.1
1WHQ,A,08,P,P,P,S,-69.8,113.1
1WHQ,A,09,P,P,P,S,-69.8,-44.6
1WHQ,A,10,P,P,P,S,-69.8,109.6
1WHQ,A,11,P,P,P,S,-69.8,129.5
1WHQ,A,12,P,P,P,S,-69.8,-39.5
1WHQ,A,13,P,P,P,S,-69.8,-27.4
1WHQ,A,14,P,P,P,S,-69.7,-1.1
1WHQ,A,15,P,P,P,S,-69.7,-26.2
1WHQ,A,16,P,P,P,S,-69.8,163.3
1WHQ,A,17,P,P,P,S,-69.7,-23.2
1WHQ,A,18,P,P,P,S,-69.8,-43.6
1WHQ,A,19,P,P,P,S,-69.8,-6.6
5MPA,J,00,P,P,P,S,-74.5,129.6
6QZO,H,00,P,P,P,S,-83.8,-178.2
2OYT,A,00,P,P,P,S,-47.7,-42.3
4L5N,B,00,P,P,P,S,-47.8,-47.5
1OW0,A,00,P,P,P,S,-52.3,126.2
1QPA,A,00,P,P,P,S,-76.8,164.1
5FPS,B,00,P,P,P,S,-57.2,-25.8
5XQJ,G,00,P,P,P,S,-55.9,-32.2
1QPA,B,00,P,P,P,S,-70.1,138.0
3RGG,C,00,P,P,P,S,-66.2,148.8
2OG5,A,00,P,P,P,S,-51.2,-32.4
5ACF,A,00,P,P,P,S,-79.0,167.0
5NLS,A,00,P,P,P,S,-79.5,168.5
1IL9,A,00,P,P,P,S,-73.3,53.2
1ISW,B,00,P,P,P,S,-54.3,98.5
5K70,B,00,P,P,P,S,-70.3,147.0
5FPS,A,00,P,P,P,S,-51.9,-28.6
4II2,A,00,P,P,P,S,-48.0,-38.9
4NN0,B,00,P,P,P,S,-64.5,153.5
2QPS,A,00,P,P,P,S,-74.7,-14.0
4QAS,B,00,P,P,P,S,-71.7,139.7
1UDI,E,00,P,P,P,S,-49.2,-46.9
5NXB,B,00,P,P,P,S,-49.8,155.8
2Z8I,C,00,P,P,P,S,-63.2,6.7
4KVD,A,00,P,P,P,S,-55.2,137.7
5IMN,A,00,P,P,P,S,-44.6,151.3
4QAS,A,00,P,P,P,S,-57.1,133.0
5C5D,B,00,P,P,P,S,-71.8,145.9
2HDE,A,00,P,P,P,S,-49.4,171.7
2HDE,A,01,P,P,P,S,-61.5,125.8
2HDE,A,02,P,P,P,S,-73.4,120.8
2HDE,A,03,P,P,P,S,-75.0,83.8
2HDE,A,04,P,P,P,S,-74.7,124.0
2HDE,A,05,P,P,P,S,-48.9,-38.5
2HDE,A,06,P,P,P,S,-72.2,136.1
2HDE,A,07,P,P,P,S,-63.2,127.2
2HDE,A,08,P,P,P,S,-82.4,52.7
2HDE,A,09,P,P,P,S,-59.8,134.5
2HDE,A,10,P,P,P,S,-75.6,134.9
2HDE,A,11,P,P,P,S,-61.7,133.6
2HDE,A,12,P,P,P,S,-73.8,-45.2
2HDE,A,13,P,P,P,S,-66.8,120.9
2HDE,A,14,P,P,P,S,-71.3,-26.2
2HDE,A,15,P,P,P,S,-59.4,169.2
2HDE,A,16,P,P,P,S,-77.2,163.5
2HDE,A,17,P,P,P,S,-59.7,141.1
2HDE,A,18,P,P,P,S,-45.2,126.8
2HDE,A,19,P,P,P,S,-74.1,110.2
3UON,A,00,P,P,P,S,-58.7,-18.5
5N47,D,00,P,P,P,S,-63.4,134.7
1IL4,A,00,P,P,P,S,-61.9,92.3
1W6W,A,00,P,P,P,S,-54.6,-26.7
5WDX,A,00,P,P,P,S,-62.5,-22.2
6D6Q,K,00,P,P,P,S,-67.2,-6.4
5JB1,B,00,P,P,P,S,-44.8,157.6
5N4K,B,00,P,P,P,S,-82.4,154.7
6QZO,D,00,P,P,P,S,-84.1,-177.1
2VC3,A,00,P,P,P,S,-52.5,154.3
1BR5,A,00,P,P,P,S,-67.3,130.7
1HEI,B,00,P,P,P,S,-54.3,-35.2
4OK3,B,00,P,P,P,S,-71.3,-14.2
2PNL,C,00,P,P,P,S,-61.0,138.3
4QFB,B,00,P,P,P,S,-77.3,135.9
5K6X,B,00,P,P,P,S,-75.1,139.6
2PNL,H,00,P,P,P,S,-67.5,142.7
2CX9,B,00,P,P,P,S,-70.4,-79.5
4OKS,A,00,P,P,P,S,-69.0,-20.4
1LNL,B,00,P,P,P,S,-71.1,142.2
4B6E,B,00,P,P,P,S,-41.0,-37.8
4KVY,B,00,P,P,P,S,-50.6,144.5
3QS7,D,00,P,P,P,S,-72.4,160.0
5N47,B,00,P,P,P,S,-67.0,142.9
1BR6,A,00,P,P,P,S,-91.9,-179.6
1ISX,B,00,P,P,P,S,-57.1,111.8
3KQH,B,00,P,P,P,S,-53.0,-36.9
4B75,A,00,P,P,P,S,-52.6,-27.7
4AKP,A,00,P,P,P,S,-54.5,-31.9
3BNY,C,00,P,P,P,S,-54.4,143.6
6NEQ,O,00,P,P,P,S,-75.5,-22.5
3SSN,D,00,P,P,P,S,-65.8,155.4
1LYA,D,00,P,P,P,S,-77.6,-41.1
5ACG,A,00,P,P,P,S,-79.5,168.1
1RTC,A,00,P,P,P,S,-74.1,-156.4
5UX4,B,00,P,P,P,S,-83.6,-16.4
4NV5,A,00,P,P,P,S,-62.2,143.4
4B73,A,00,P,P,P,S,-48.1,-30.6
5Z58,2,00,P,P,P,S,-64.0,-38.1
1J1M,A,00,P,P,P,S,-55.7,154.2
3KQK,B,00,P,P,P,S,-58.7,-30.8
4B74,A,00,P,P,P,S,-57.8,-22.8
1FV1,C,00,P,P,P,S,-59.4,-25.1
5X8T,Z,00,P,P,P,S,-72.5,-3.3
5C5D,D,00,P,P,P,S,-76.2,147.4
4UFH,A,00,P,P,P,S,-51.6,156.4
5XQO,A,00,P,P,P,S,-55.7,-34.0
6QZO,F,00,P,P,P,S,-85.0,-177.8
2QZY,A,00,P,P,P,S,-60.5,-24.3
5CEF,C,00,P,P,P,S,-69.5,156.6
6EF3,J,00,P,P,P,S,-87.0,174.6
5K70,D,00,P,P,P,S,-68.6,145.4
4OJQ,A,00,P,P,P,S,-69.6,-17.0
3RVB,A,00,P,P,P,S,-56.8,-28.2
6QZO,B,00,P,P,P,S,-83.5,-178.2
4JA0,A,00,P,P,P,S,-67.1,145.7
4Q89,A,00,P,P,P,S,-49.1,-34.1
2HXM,A,00,P,P,P,S,-52.5,-39.4
6DU4,A,00,P,P,P,S,-70.7,166.2
1UQ4,A,00,P,P,P,S,-49.3,152.2
5CEF,A,00,P,P,P,S,-67.2,157.9
4AKQ,A,00,P,P,P,S,-50.5,-29.5
4NV2,A,00,P,P,P,S,-73.8,87.1
2M7C,A,00,P,P,P,S,-83.5,139.7
2M7C,A,01,P,P,P,S,-83.4,135.8
2M7C,A,02,P,P,P,S,-82.6,137.5
2M7C,A,03,P,P,P,S,-79.7,148.8
2M7C,A,04,P,P,P,S,-81.4,151.0
2M7C,A,05,P,P,P,S,-80.5,149.9
2M7C,A,06,P,P,P,S,-81.0,144.7
2M7C,A,07,P,P,P,S,-82.9,137.0
2M7C,A,08,P,P,P,S,-80.9,147.6
2M7C,A,09,P,P,P,S,-83.6,139.6
2M7C,A,10,P,P,P,S,-80.3,147.8
2M7C,A,11,P,P,P,S,-81.7,149.5
2M7C,A,12,P,P,P,S,-80.4,150.1
2M7C,A,13,P,P,P,S,-83.8,136.5
2M7C,A,14,P,P,P,S,-81.3,136.4
2M7C,A,15,P,P,P,S,-81.2,148.9
2M7C,A,16,P,P,P,S,-81.2,137.4
2M7C,A,17,P,P,P,S,-80.1,150.5
2M7C,A,18,P,P,P,S,-81.2,151.5
2M7C,A,19,P,P,P,S,-82.3,138.1
2M7C,A,20,P,P,P,S,-81.6,137.1
2M7C,A,21,P,P,P,S,-82.8,138.2
2M7C,A,22,P,P,P,S,-82.9,137.7
2M7C,A,23,P,P,P,S,-82.8,137.1
2M7C,A,24,P,P,P,S,-81.9,150.7
2M7C,A,25,P,P,P,S,-81.6,135.9
2M7C,A,26,P,P,P,S,-81.7,136.8
2M7C,A,27,P,P,P,S,-81.3,137.3
2M7C,A,28,P,P,P,S,-83.1,138.6
2M7C,A,29,P,P,P,S,-80.7,158.7
2M7C,A,30,P,P,P,S,-80.4,150.9
2M7C,A,31,P,P,P,S,-80.4,141.4
5IN8,A,00,P,P,P,S,-54.7,142.4
2OA6,A,00,P,P,P,S,-47.2,145.7
3BNX,A,00,P,P,P,S,-50.3,146.9
3WN6,C,00,P,P,P,S,-91.3,-14.6
1QOR,A,00,P,P,P,S,-54.6,-38.3
2AAI,A,00,P,P,P,S,7.3,176.9
5IVG,C,00,P,P,P,S,-57.9,159.4
5NLN,A,00,P,P,P,S,-77.2,169.9
1Q0Z,A,00,P,P,P,S,-67.5,-17.1
2DG5,C,00,P,P,P,S,-63.8,6.8
3KQU,C,00,P,P,P,S,-49.9,-33.0
3SSO,C,00,P,P,P,S,-63.2,147.1
2P35,A,00,P,P,P,S,-46.7,-42.2
5Y7O,A,00,P,P,P,S,-61.3,148.4
5A5B,J,00,P,P,P,S,-49.2,163.3
1V6W,B,00,P,P,P,S,-57.5,158.8
1F34,B,00,P,P,P,S,-50.9,147.1
5L7V,A,00,P,P,P,S,-49.0,-42.8
8OHM,A,00,P,P,P,S,-47.7,-31.2
2FN4,A,00,P,P,P,S,-87.1,-110.9
4DUR,A,00,P,P,P,S,-62.2,154.4
5Y8X,A,00,P,P,P,S,-81.6,17.8
5K6Y,B,00,P,P,P,S,-71.6,136.0
2DZM,A,00,P,P,P,S,-69.7,106.0
2DZM,A,01,P,P,P,S,-69.8,80.3
2DZM,A,02,P,P,P,S,-69.8,108.4
2DZM,A,03,P,P,P,S,-69.7,2.4
2DZM,A,04,P,P,P,S,-69.8,118.3
2DZM,A,05,P,P,P,S,-69.7,1.4
2DZM,A,06,P,P,P,S,-69.8,-174.5
2DZM,A,07,P,P,P,S,-69.8,-6.7
2DZM,A,08,P,P,P,S,-69.8,136.3
2DZM,A,09,P,P,P,S,-69.8,154.3
2DZM,A,10,P,P,P,S,-69.8,114.1
2DZM,A,11,P,P,P,S,-69.7,133.8
2DZM,A,12,P,P,P,S,-69.8,111.0
2DZM,A,13,P,P,P,S,-69.7,84.9
2DZM,A,14,P,P,P,S,-69.8,-0.4
2DZM,A,15,P,P,P,S,-69.7,-11.0
2DZM,A,16,P,P,P,S,-69.7,93.7
2DZM,A,17,P,P,P,S,-69.8,94.3
2DZM,A,18,P,P,P,S,-69.7,-5.2
2DZM,A,19,P,P,P,S,-69.7,96.2
4MQS,A,00,P,P,P,S,-59.5,-56.7
1LYW,B,00,P,P,P,S,-76.0,-1.7
4UFM,A,00,P,P,P,S,-53.8,157.9
5OU5,C,00,P,P,P,S,-69.7,161.4
4KVD,B,00,P,P,P,S,-55.5,142.1
4KVD,D,00,P,P,P,S,-54.2,145.3
5IN8,D,00,P,P,P,S,-55.1,142.6
1JVR,A,00,P,P,P,S,-75.1,56.5
1JVR,A,01,P,P,P,S,-75.1,-178.3
1JVR,A,02,P,P,P,S,-75.1,129.7
1JVR,A,03,P,P,P,S,-75.0,178.7
1JVR,A,04,P,P,P,S,-75.0,120.1
1JVR,A,05,P,P,P,S,-75.0,-54.5
1JVR,A,06,P,P,P,S,-74.9,173.9
1JVR,A,07,P,P,P,S,-75.1,-82.2
1JVR,A,08,P,P,P,S,-75.1,165.7
1JVR,A,09,P,P,P,S,-75.0,-176.1
1JVR,A,10,P,P,P,S,-75.0,-41.6
1JVR,A,11,P,P,P,S,-75.1,78.0
1JVR,A,12,P,P,P,S,-75.1,-70.5
1JVR,A,13,P,P,P,S,-74.9,-179.2
1JVR,A,14,P,P,P,S,-75.1,-41.2
1JVR,A,15,P,P,P,S,-74.9,143.6
1JVR,A,16,P,P,P,S,-74.9,-1.7
1JVR,A,17,P,P,P,S,-75.0,127.7
1JVR,A,18,P,P,P,S,-75.0,58.6
1JVR,A,19,P,P,P,S,-75.0,-176.8
6EF2,J,00,P,P,P,S,-81.7,-172.3
2DBW,C,00,P,P,P,S,-63.1,7.5
4A67,A,00,P,P,P,S,-49.2,-32.8
4KUX,D,00,P,P,P,S,-49.3,146.3
5IMP,C,00,P,P,P,S,-54.3,156.0
4F3J,A,00,P,P,P,S,-49.0,123.9
3PXJ,D,00,P,P,P,S,-76.1,153.8
5L7U,B,00,P,P,P,S,-48.6,-39.9
2DG5,A,00,P,P,P,S,-62.6,6.2
1V6V,A,00,P,P,P,S,-49.5,159.8
1HT6,A,00,P,P,P,S,-91.2,-5.4
3WN6,A,00,P,P,P,S,-91.5,-14.3
2OXM,A,00,P,P,P,S,-51.4,-54.4
1UDH,A,00,P,P,P,S,-47.3,-55.2
2DBU,A,00,P,P,P,S,-59.6,1.6
4B73,B,00,P,P,P,S,-43.5,-41.8
1L2Y,A,00,P,P,P,S,-77.3,124.2
1L2Y,A,01,P,P,P,S,-78.7,117.7
1L2Y,A,02,P,P,P,S,-76.8,-21.8
1L2Y,A,03,P,P,P,S,-78.0,133.5
1L2Y,A,04,P,P,P,S,-82.7,97.1
1L2Y,A,05,P,P,P,S,-79.6,-18.5
1L2Y,A,06,P,P,P,S,-81.2,-19.7
1L2Y,A,07,P,P,P,S,-85.5,-8.2
1L2Y,A,08,P,P,P,S,-78.8,138.7
1L2Y,A,09,P,P,P,S,-77.2,110.9
1L2Y,A,10,P,P,P,S,-76.3,142.2
1L2Y,A,11,P,P,P,S,-84.8,-5.7
1L2Y,A,12,P,P,P,S,-77.1,142.1
1L2Y,A,13,P,P,P,S,-83.8,106.8
1L2Y,A,14,P,P,P,S,-79.8,145.6
1L2Y,A,15,P,P,P,S,-80.1,114.0
1L2Y,A,16,P,P,P,S,-75.6,106.7
1L2Y,A,17,P,P,P,S,-74.6,137.7
1L2Y,A,18,P,P,P,S,-81.1,145.7
1L2Y,A,19,P,P,P,S,-79.9,-20.9
1L2Y,A,20,P,P,P,S,-74.3,105.4
1L2Y,A,21,P,P,P,S,-79.6,-36.0
1L2Y,A,22,P,P,P,S,-78.3,-18.8
1L2Y,A,23,P,P,P,S,-77.0,127.4
1L2Y,A,24,P,P,P,S,-88.7,109.0
1L2Y,A,25,P,P,P,S,-81.8,-25.4
1L2Y,A,26,P,P,P,S,-80.5,-17.0
1L2Y,A,27,P,P,P,S,-76.4,141.1
1L2Y,A,28,P,P,P,S,-75.3,150.4
1L2Y,A,29,P,P,P,S,-75.0,139.4
1L2Y,A,30,P,P,P,S,-77.9,138.1
1L2Y,A,31,P,P,P,S,-84.9,150.3
1L2Y,A,32,P,P,P,S,-86.3,-10.3
1L2Y,A,33,P,P,P,S,-81.7,127.6
1L2Y,A,34,P,P,P,S,-81.6,-24.8
1L2Y,A,35,P,P,P,S,-75.6,130.6
1L2Y,A,36,P,P,P,S,-81.6,-18.3
1L2Y,A,37,P,P,P,S,-76.2,131.6
2D29,B,00,P,P,P,S,-51.2,-36.8
3BJG,A,00,P,P,P,S,-56.1,141.2
5E4F,B,00,P,P,P,S,-52.4,-27.4
4CCD,A,00,P,P,P,S,-46.8,151.8
3ZR5,A,00,P,P,P,S,-48.4,151.6
5IMN,C,00,P,P,P,S,-44.9,149.6
5IVG,A,00,P,P,P,S,-61.8,146.7
3UC7,C,00,P,P,P,S,-64.0,161.0
2PNL,I,00,P,P,P,S,-69.3,147.4
1RP9,A,00,P,P,P,S,-83.6,-9.2
4QAR,A,00,P,P,P,S,-58.8,132.6
3BNX,C,00,P,P,P,S,-53.5,147.7
5AYR,C,00,P,P,P,S,-55.3,-32.6
3QS9,C,00,P,P,P,S,-71.5,160.4
5K6X,A,00,P,P,P,S,-75.2,138.7
2PNL,E,00,P,P,P,S,-64.3,148.8
1WIW,B,00,P,P,P,S,-49.0,-48.0
4GH7,D,00,P,P,P,S,-78.2,158.7
5ACI,A,00,P,P,P,S,-77.9,165.5
2Z8K,A,00,P,P,P,S,-63.7,6.7
2OA6,D,00,P,P,P,S,-59.2,147.3
1RIJ,A,00,P,P,P,S,-62.2,-23.9
1RIJ,A,01,P,P,P,S,-72.8,73.5
1RIJ,A,02,P,P,P,S,-57.6,88.8
1RIJ,A,03,P,P,P,S,-43.3,93.5
1RIJ,A,04,P,P,P,S,-64.5,77.8
1RIJ,A,05,P,P,P,S,-48.5,-42.2
1RIJ,A,06,P,P,P,S,-42.3,92.2
1RIJ,A,07,P,P,P,S,-63.8,76.1
1RIJ,A,08,P,P,P,S,-67.6,76.2
1RIJ,A,09,P,P,P,S,-67.2,-27.6
1RIJ,A,10,P,P,P,S,-74.1,70.5
1RIJ,A,11,P,P,P,S,-78.2,-35.9
1RIJ,A,12,P,P,P,S,-69.5,74.1
1RIJ,A,13,P,P,P,S,-73.5,71.4
1RIJ,A,14,P,P,P,S,-60.7,86.1
1RIJ,A,15,P,P,P,S,-75.4,72.4
1RIJ,A,16,P,P,P,S,-78.4,71.9
1RIJ,A,17,P,P,P,S,-76.9,70.4
1RIJ,A,18,P,P,P,S,-63.0,-36.2
1RIJ,A,19,P,P,P,S,-77.5,70.9
1RIJ,A,20,P,P,P,S,-73.9,72.5
1RIJ,A,21,P,P,P,S,-74.6,72.5
1RIJ,A,22,P,P,P,S,-55.8,-50.3
1RIJ,A,23,P,P,P,S,-48.1,99.9
1RIJ,A,24,P,P,P,S,-73.1,72.6
1RIJ,A,25,P,P,P,S,-82.7,47.2
1RIJ,A,26,P,P,P,S,-66.2,-37.1
1RIJ,A,27,P,P,P,S,-68.6,-38.5
1RIJ,A,28,P,P,P,S,-64.6,-164.3
1RIJ,A,29,P,P,P,S,-72.3,71.3
2QPU,A,00,P,P,P,S,-82.7,-14.1
3SSN,B,00,P,P,P,S,-57.5,150.2
1OW0,B,00,P,P,P,S,-51.8,126.6
4HV7,X,00,P,P,P,S,-54.3,145.6
6O82,A,00,P,P,P,S,-55.7,-22.5
5L59,B,00,P,P,P,S,-44.4,-30.8
4YMR,B,00,P,P,P,S,-65.5,147.3
3E03,C,00,P,P,P,S,-67.0,141.1
3GFH,B,00,P,P,P,S,-79.3,82.7
4OJQ,B,00,P,P,P,S,-62.7,-19.9
3CKE,D,00,P,P,P,S,-59.1,143.9
3RG8,E,00,P,P,P,S,-78.7,141.1
5L7U,A,00,P,P,P,S,-47.8,-40.8
5N05,A,00,P,P,P,S,-77.9,164.4
4AKO,A,00,P,P,P,S,-50.5,-33.3
2E4O,B,00,P,P,P,S,-54.9,149.4
5JB1,F,00,P,P,P,S,-74.7,159.4
3PXJ,B,00,P,P,P,S,-74.3,145.6
5UX4,A,00,P,P,P,S,-79.4,-16.4
3KQL,B,00,P,P,P,S,-52.7,-32.9
4II3,A,00,P,P,P,S,-38.9,-31.7
2WE0,A,00,P,P,P,S,-47.2,134.3
1KI0,A,00,P,P,P,S,-58.2,138.2
4YVU,A,00,P,P,P,S,-52.4,-33.5
5XQJ,E,00,P,P,P,S,-44.4,-50.5
6DU5,A,00,P,P,P,S,-74.9,165.6
3BNY,B,00,P,P,P,S,-54.5,145.0
5YS2,B,00,P,P,P,S,-66.3,122.6
3SSM,A,00,P,P,P,S,-69.0,154.2
3SSN,A,00,P,P,P,S,-65.8,158.9
3SSO,F,00,P,P,P,S,-62.5,148.1
4QAT,B,00,P,P,P,S,-73.4,136.3
2QZY,B,00,P,P,P,S,-53.2,-33.3
5NLQ,A,00,P,P,P,S,-81.6,162.9
4LGS,A,00,P,P,P,S,-64.8,164.3
5IMP,D,00,P,P,P,S,-55.0,141.7
1F32,A,00,P,P,P,S,-51.2,144.5
4B6F,A,00,P,P,P,S,-63.9,-13.8
5XQJ,F,00,P,P,P,S,-44.8,-40.0
3QS9,B,00,P,P,P,S,-71.3,160.2
3WHQ,A,00,P,P,P,S,-77.5,8.1
4A66,A,00,P,P,P,S,-50.0,-41.2
5UM6,A,00,P,P,P,S,-55.2,-25.5
4KUX,B,00,P,P,P,S,-47.5,147.1
1ETE,A,00,P,P,P,S,-73.2,160.3
2BSY,A,00,P,P,P,S,-52.6,141.9
2V36,C,00,P,P,P,S,-73.2,6.9
4A92,A,00,P,P,P,S,-56.2,-22.3
4KVD,C,00,P,P,P,S,-57.2,140.0
2QEJ,B,00,P,P,P,S,-68.0,134.3
4YMR,A,00,P,P,P,S,-59.7,159.2
1BOU,D,00,P,P,P,S,-61.2,167.3
5ZKB,A,00,P,P,P,S,-72.0,167.8
2E0X,A,00,P,P,P,S,-79.4,6.4
2X87,A,00,P,P,P,S,-52.3,-33.8
2LUG,A,00,P,P,P,S,-72.5,158.5
2LUG,A,01,P,P,P,S,-52.5,145.0
2LUG,A,02,P,P,P,S,-55.0,147.8
2LUG,A,03,P,P,P,S,-61.6,153.8
2LUG,A,04,P,P,P,S,-72.5,140.3
2LUG,A,05,P,P,P,S,-73.0,169.1
2LUG,A,06,P,P,P,S,-51.4,142.9
2LUG,A,07,P,P,P,S,-71.7,155.0
2LUG,A,08,P,P,P,S,-73.1,173.1
2LUG,A,09,P,P,P,S,-73.5,155.8
2OG7,A,00,P,P,P,S,-56.6,-25.9
5NLR,A,00,P,P,P,S,-87.1,172.2
1EJ6,A,00,P,P,P,S,-84.7,-171.8
4KVY,D,00,P,P,P,S,-47.3,140.8
1UFO,A,00,P,P,P,S,-61.7,142.3
3RG8,A,00,P,P,P,S,-70.8,150.8
2CX9,D,00,P,P,P,S,-69.7,-36.7
1LYB,D,00,P,P,P,S,-63.8,-52.7
1ISX,A,00,P,P,P,S,-55.6,159.6
2LL5,A,00,P,P,P,S,-48.9,146.7
2LL5,A,01,P,P,P,S,-49.5,148.2
2LL5,A,02,P,P,P,S,-54.2,150.6
2LL5,A,03,P,P,P,S,-61.4,174.1
2LL5,A,04,P,P,P,S,-56.5,172.5
2LL5,A,05,P,P,P,S,-48.2,142.2
2LL5,A,06,P,P,P,S,-55.4,163.1
2LL5,A,07,P,P,P,S,-51.5,149.2
2LL5,A,08,P,P,P,S,-49.6,144.0
2LL5,A,09,P,P,P,S,-54.6,155.3
2LL5,A,10,P,P,P,S,-48.1,143.4
2LL5,A,11,P,P,P,S,-59.3,161.8
2LL5,A,12,P,P,P,S,-47.4,145.2
2LL5,A,13,P,P,P,S,-58.8,176.0
2LL5,A,14,P,P,P,S,-52.0,132.1
2LL5,A,15,P,P,P,S,-50.5,142.7
2LL5,A,16,P,P,P,S,-55.7,167.9
2LL5,A,17,P,P,P,S,-49.8,144.6
2LL5,A,18,P,P,P,S,-56.3,148.7
2LL5,A,19,P,P,P,S,-53.1,149.8
2LL5,A,20,P,P,P,S,-58.3,172.7
2LL5,A,21,P,P,P,S,-70.7,68.8
2LL5,A,22,P,P,P,S,-60.6,162.5
2LL5,A,23,P,P,P,S,-57.1,160.2
2LL5,A,24,P,P,P,S,-48.1,139.8
2LL5,A,25,P,P,P,S,-50.5,168.8
2LL5,A,26,P,P,P,S,-68.8,155.8
2LL5,A,27,P,P,P,S,-59.5,171.7
2LL5,A,28,P,P,P,S,-57.0,169.4
2LL5,A,29,P,P,P,S,-50.0,147.1
2LL5,A,30,P,P,P,S,-49.6,156.1
2LL5,A,31,P,P,P,S,-59.0,173.7
2LL5,A,32,P,P,P,S,-48.9,140.6
5NLP,A,00,P,P,P,S,-80.1,167.7
4A5T,S,00,P,P,P,S,-61.1,151.2
4CR2,J,00,P,P,P,S,-88.0,131.2
2ZJO,A,00,P,P,P,S,-69.2,-21.2
4KVI,B,00,P,P,P,S,-55.6,142.1
3EGD,A,00,P,P,P,S,-78.0,163.6
2V36,A,00,P,P,P,S,-73.5,6.9
6CWG,C,00,P,P,P,S,-60.4,149.2
2X88,A,00,P,P,P,S,-50.5,-32.6
4KVW,A,00,P,P,P,S,-56.5,138.3
3QS7,B,00,P,P,P,S,-72.2,160.6
1ISV,A,00,P,P,P,S,-53.7,127.0
4WXR,A,00,P,P,P,S,-65.6,-21.1
4KVY,C,00,P,P,P,S,-56.2,145.9
5IMP,A,00,P,P,P,S,-58.8,146.4
3DZ1,A,00,P,P,P,S,-61.6,-12.0
5KYN,A,00,P,P,P,S,-91.4,141.9
5B5T,A,00,P,P,P,S,-77.9,9.8
4HUP,X,00,P,P,P,S,-49.4,126.5
2PNL,F,00,P,P,P,S,-69.7,143.7
1P6W,A,00,P,P,P,S,-84.6,-17.6
4QAT,A,00,P,P,P,S,-60.4,127.8
4F1N,B,00,P,P,P,S,-55.6,124.0
4CR4,J,00,P,P,P,S,-64.1,162.9
5XQJ,H,00,P,P,P,S,-53.4,-42.2
1GSK,A,00,P,P,P,S,-53.2,-33.8
5YS2,E,00,P,P,P,S,-78.6,150.3
5NPA,A,00,P,P,P,S,-73.4,150.8
5NPA,A,01,P,P,P,S,-55.7,140.2
5NPA,A,02,P,P,P,S,-76.7,159.7
5NPA,A,03,P,P,P,S,-77.7,163.0
5NPA,A,04,P,P,P,S,-78.3,161.3
5NPA,A,05,P,P,P,S,-75.8,150.0
5NPA,A,06,P,P,P,S,-74.6,160.6
5NPA,A,07,P,P,P,S,-76.4,153.6
5NPA,A,08,P,P,P,S,-66.0,140.0
5NPA,A,09,P,P,P,S,-53.7,129.7
2LDJ,A,00,P,P,P,S,-83.1,-161.4
2YD1,A,00,P,P,P,S,-84.1,158.2
5NLO,A,00,P,P,P,S,-77.9,163.9
5Y9B,A,00,P,P,P,S,-81.4,15.8
4JA0,D,00,P,P,P,S,-68.6,145.2
5IVG,B,00,P,P,P,S,-57.2,150.5
2OA6,B,00,P,P,P,S,-57.2,149.5
3CKE,C,00,P,P,P,S,-48.4,133.8
5Y7O,B,00,P,P,P,S,-59.9,146.2
4INQ,A,00,P,P,P,S,-56.4,101.7
4DUU,A,00,P,P,P,S,-71.1,142.0
4F1N,A,00,P,P,P,S,-56.4,125.1
6QZO,A,00,P,P,P,S,-83.7,-177.8
2PNL,D,00,P,P,P,S,-63.5,155.3
3SSO,A,00,P,P,P,S,-64.0,147.5
3RGG,A,00,P,P,P,S,-74.4,150.0
2GEE,A,00,P,P,P,S,-75.9,165.7
5YS2,C,00,P,P,P,S,-71.6,109.3
6D37,A,00,P,P,P,S,-74.4,131.6
6D37,A,01,P,P,P,S,-73.8,149.6
6D37,A,02,P,P,P,S,-77.5,128.4
6D37,A,03,P,P,P,S,-75.4,135.5
6D37,A,04,P,P,P,S,-74.4,139.0
6D37,A,05,P,P,P,S,-71.1,140.8
6D37,A,06,P,P,P,S,-71.0,142.4
6D37,A,07,P,P,P,S,-75.0,106.8
6D37,A,08,P,P,P,S,-75.8,121.8
6D37,A,09,P,P,P,S,-80.8,110.1
6D37,A,10,P,P,P,S,-74.8,102.1
6D37,A,11,P,P,P,S,-75.5,143.7
6D37,A,12,P,P,P,S,-50.0,109.1
6D37,A,13,P,P,P,S,-75.4,126.8
6D37,A,14,P,P,P,S,-76.7,101.5
6D37,A,15,P,P,P,S,-74.0,114.5
6D37,A,16,P,P,P,S,-79.1,83.6
6D37,A,17,P,P,P,S,-72.2,115.8
6D37,A,18,P,P,P,S,-76.7,94.0
6D37,A,19,P,P,P,S,-49.2,117.4
6D37,A,20,P,P,P,S,-73.6,106.0
6D37,A,21,P,P,P,S,-76.6,82.4
6D37,A,22,P,P,P,S,-53.0,119.3
6D37,A,23,P,P,P,S,-70.1,128.2
6D37,A,24,P,P,P,S,-53.3,116.6
6D37,A,25,P,P,P,S,-78.1,117.0
6D37,A,26,P,P,P,S,-70.3,108.0
6D37,A,27,P,P,P,S,-81.4,79.2
6D37,A,28,P,P,P,S,-76.8,141.0
6D37,A,29,P,P,P,S,-53.3,121.5
6D37,A,30,P,P,P,S,-76.1,138.9
6D37,A,31,P,P,P,S,-52.6,116.2
3BSG,A,00,P,P,P,S,-78.3,-21.5
4IC4,A,00,P,P,P,S,-67.0,155.2
5ZLJ,A,00,P,P,P,S,-51.3,-37.7
5OU5,D,00,P,P,P,S,-66.6,150.9
5XQG,B,00,P,P,P,S,-60.9,-35.3
5IMN,B,00,P,P,P,S,-54.2,143.7
2SSP,E,00,P,P,P,S,-46.6,-49.3
5AYS,A,00,P,P,P,S,-55.1,-39.4
5XQG,A,00,P,P,P,S,-60.8,-33.2
5YS2,F,00,P,P,P,S,-66.9,133.0
1Q3F,A,00,P,P,P,S,-46.8,-47.8
3E03,B,00,P,P,P,S,-67.2,139.7
4OK5,A,00,P,P,P,S,-62.3,-20.7
2E4O,D,00,P,P,P,S,-54.0,143.3
2OA6,C,00,P,P,P,S,-49.3,143.0
3QS9,A,00,P,P,P,S,-71.5,160.3
1UDG,A,00,P,P,P,S,-49.5,-54.5
6EF0,J,00,P,P,P,S,-83.1,178.3
2QPU,B,00,P,P,P,S,-85.8,-8.1
5L59,A,00,P,P,P,S,-44.5,-30.7
1WS9,B,00,P,P,P,S,-62.9,-38.1
5N47,F,00,P,P,P,S,-65.7,133.1
5NXB,A,00,P,P,P,S,-49.0,155.5
3O8R,A,00,P,P,P,S,-46.9,-34.1
3GFH,A,00,P,P,P,S,-87.4,78.4
5IN8,C,00,P,P,P,S,-53.8,144.6
5YS6,A,00,P,P,P,S,-72.7,109.9
4OV6,G,00,P,P,P,S,-75.0,165.4
5CE6,A,00,P,P,P,S,-59.3,140.8
3RG8,H,00,P,P,P,S,-73.4,147.3
4L5N,A,00,P,P,P,S,-53.1,-45.2
3E03,A,00,P,P,P,S,-63.2,143.0
3SRP,A,00,P,P,P,S,-50.8,129.3
1UQ5,A,00,P,P,P,S,-50.3,151.8
4OK3,A,00,P,P,P,S,-51.5,-22.7
4KUX,C,00,P,P,P,S,-57.4,156.3
6QZO,C,00,P,P,P,S,-83.8,-178.3
3I82,A,00,P,P,P,S,-103.0,156.5
1FSU,A,00,P,P,P,S,-45.5,-47.4
4B6F,B,00,P,P,P,S,-35.5,-43.7
3SSM,B,00,P,P,P,S,-67.7,152.2
5VNN,A,00,P,P,P,S,-85.1,167.0
2E0W,A,00,P,P,P,S,-90.7,24.3
5FPY,A,00,P,P,P,S,-49.0,-28.0
2RS6,A,00,P,P,P,S,-69.6,148.2
2RS6,A,01,P,P,P,S,-75.0,170.5
2RS6,A,02,P,P,P,S,-73.1,-14.1
2RS6,A,03,P,P,P,S,-68.3,-16.1
2RS6,A,04,P,P,P,S,-69.0,-14.0
2RS6,A,05,P,P,P,S,-73.4,163.0
2RS6,A,06,P,P,P,S,-72.5,157.0
2RS6,A,07,P,P,P,S,-70.5,-13.2
2RS6,A,08,P,P,P,S,-82.8,161.6
2RS6,A,09,P,P,P,S,-77.6,-21.0
2RS6,A,10,P,P,P,S,-57.7,-23.6
2RS6,A,11,P,P,P,S,-75.9,163.5
2RS6,A,12,P,P,P,S,-73.2,144.9
2RS6,A,13,P,P,P,S,-52.5,128.5
2RS6,A,14,P,P,P,S,-73.7,144.3
2RS6,A,15,P,P,P,S,-72.7,-19.4
2RS6,A,16,P,P,P,S,-57.1,149.7
2RS6,A,17,P,P,P,S,-79.6,160.9
2RS6,A,18,P,P,P,S,-73.5,148.5
2RS6,A,19,P,P,P,S,-73.2,141.1
5L7R,A,00,P,P,P,S,-48.0,-33.7
4OD9,B,00,P,P,P,S,-71.5,-25.8
3BNY,A,00,P,P,P,S,-58.7,149.8
1UFO,F,00,P,P,P,S,-55.9,150.5
3RG8,D,00,P,P,P,S,-61.9,139.0
2C56,A,00,P,P,P,S,-41.6,-53.2
2D29,A,00,P,P,P,S,-62.5,-24.5
4B74,B,00,P,P,P,S,-55.0,-30.5
5XQJ,B,00,P,P,P,S,-63.3,-40.6
1FV1,F,00,P,P,P,S,-64.0,-14.3
3FCK,B,00,P,P,P,S,-51.5,-41.4
2Y0N,C,00,P,P,P,S,-43.3,-32.1
2Y0N,A,00,P,P,P,S,-44.6,-31.2
4OD9,D,00,P,P,P,S,-71.7,-29.5
5XLU,A,00,P,P,P,S,-87.3,12.7
4OV6,F,00,P,P,P,S,-75.6,150.6
5AYR,A,00,P,P,P,S,-63.8,-31.3
5FPY,B,00,P,P,P,S,-52.6,-29.8
2E4O,C,00,P,P,P,S,-48.9,145.5
3JD5,O,00,P,P,P,S,-71.6,-7.9
1W0B,A,00,P,P,P,S,-55.3,86.7
1W0B,A,01,P,P,P,S,-79.3,-166.0
1W0B,A,02,P,P,P,S,-84.1,24.9
1W0B,A,03,P,P,P,S,-72.3,143.8
1W0B,A,04,P,P,P,S,-84.6,119.0
1W0B,A,05,P,P,P,S,-72.1,15.5
1W0B,A,06,P,P,P,S,-80.5,76.9
1W0B,A,07,P,P,P,S,-60.6,-86.0
1W0B,A,08,P,P,P,S,-78.2,-55.2
1W0B,A,09,P,P,P,S,-71.6,-176.4
1W0B,A,10,P,P,P,S,-73.3,169.4
1W0B,A,11,P,P,P,S,-74.1,94.1
1W0B,A,12,P,P,P,S,-94.5,-77.8
1W0B,A,13,P,P,P,S,-55.8,-161.1
1W0B,A,14,P,P,P,S,-75.6,108.6
1W0B,A,15,P,P,P,S,-81.4,152.4
1W0B,A,16,P,P,P,S,-76.1,119.8
1W0B,A,17,P,P,P,S,-75.6,-178.0
1W0B,A,18,P,P,P,S,-74.5,-166.6
1W0B,A,19,P,P,P,S,-83.0,-139.8
2WE2,A,00,P,P,P,S,-52.0,142.9
4OBZ,B,00,P,P,P,S,-70.1,-20.7
4OC6,B,00,P,P,P,S,-68.7,-23.5
5ACH,A,00,P,P,P,S,-78.5,161.2
3O8C,B,00,P,P,P,S,-57.4,-25.3
2P35,B,00,P,P,P,S,-46.3,-40.9
3T1W,A,00,P,P,P,S,-5.3,-123.5
5U0S,a,00,P,P,P,S,-41.6,-40.8
3UC7,E,00,P,P,P,S,-59.2,151.5
5K9M,A,00,P,P,P,S,-66.1,-27.3
6IW6,B,00,P,P,P,S,-76.1,144.1
2CYG,A,00,P,P,P,S,-47.2,-35.1
4LYL,E,00,P,P,P,S,-50.3,-37.2
3A75,A,00,P,P,P,S,-59.1,2.6
2Z8J,A,00,P,P,P,S,-56.4,-10.3
3UC8,C,00,P,P,P,S,-77.4,157.3
4LYL,I,00,P,P,P,S,-59.0,-30.2
1V6X,A,00,P,P,P,S,-58.2,115.0
5E4F,A,00,P,P,P,S,-47.7,-32.7
3QS9,D,00,P,P,P,S,-71.3,160.2
5C5D,C,00,P,P,P,S,-73.5,147.2
2C53,A,00,P,P,P,S,-45.2,-48.7
3H0G,M,00,P,P,P,S,-41.6,-40.8
3A75,C,00,P,P,P,S,-64.2,5.3
1ISW,A,00,P,P,P,S,-63.0,153.3
5K70,C,00,P,P,P,S,-71.7,143.2
4UFI,A,00,P,P,P,S,-50.8,154.6
3ZDW,A,00,P,P,P,S,-53.4,-30.3
4YVN,A,00,P,P,P,S,-50.5,-40.1
4KVW,D,00,P,P,P,S,-52.8,138.5
3PXJ,C,00,P,P,P,S,-70.0,148.0
4QFB,A,00,P,P,P,S,-69.7,138.7
1V31,A,00,P,P,P,S,-75.0,167.5
1V31,A,01,P,P,P,S,-75.0,-63.8
1V31,A,02,P,P,P,S,-75.0,-64.7
1V31,A,03,P,P,P,S,-75.0,-51.1
1V31,A,04,P,P,P,S,-75.0,-45.8
1V31,A,05,P,P,P,S,-75.0,-163.6
1V31,A,06,P,P,P,S,-75.0,-60.4
1V31,A,07,P,P,P,S,-75.1,-51.4
1V31,A,08,P,P,P,S,-75.0,-173.0
1V31,A,09,P,P,P,S,-75.0,-46.0
1V31,A,10,P,P,P,S,-75.0,170.0
1V31,A,11,P,P,P,S,-75.0,155.5
1V31,A,12,P,P,P,S,-75.0,-174.5
1V31,A,13,P,P,P,S,-75.0,177.0
1V31,A,14,P,P,P,S,-75.0,-167.6
1V31,A,15,P,P,P,S,-75.0,119.7
1V31,A,16,P,P,P,S,-75.0,-178.7
1V31,A,17,P,P,P,S,-75.0,152.7
1V31,A,18,P,P,P,S,-75.0,-177.2
1V31,A,19,P,P,P,S,-75.0,93.6
3RG8,G,00,P,P,P,S,-71.2,146.3
5ZVS,2,00,P,P,P,S,-68.1,-13.1
3BNX,D,00,P,P,P,S,-58.2,138.3
4SKN,E,00,P,P,P,S,-26.1,-57.5
6IW6,A,00,P,P,P,S,-66.9,150.0
5BOZ,B,00,P,P,P,S,-76.5,-22.8
4OK6,A,00,P,P,P,S,-64.7,-26.0
2F55,B,00,P,P,P,S,-46.1,-6.5
3ZR6,A,00,P,P,P,S,-47.9,153.1
3UC7,D,00,P,P,P,S,-77.0,161.8
5C5D,A,00,P,P,P,S,-73.8,148.5
2Z8K,C,00,P,P,P,S,-62.8,5.6
5CEF,B,00,P,P,P,S,-68.5,157.7
1V6U,A,00,P,P,P,S,-69.5,59.5
1V6V,B,00,P,P,P,S,-57.5,98.3
5K70,A,00,P,P,P,S,-71.1,147.7
3O8B,B,00,P,P,P,S,-54.0,-30.5
3UC7,A,00,P,P,P,S,-68.9,157.2
2PNL,A,00,P,P,P,S,-60.6,148.9
3QS7,C,00,P,P,P,S,-73.0,161.1
4HSP,A,00,P,P,P,S,-59.4,155.1
2CX9,A,00,P,P,P,S,-85.9,-18.2
1MWO,A,00,P,P,P,S,-84.9,-11.6
4QAR,B,00,P,P,P,S,-65.3,133.5
1ETE,D,00,P,P,P,S,-79.0,173.4
1V6W,A,00,P,P,P,S,-53.2,159.1
4CCE,A,00,P,P,P,S,-45.9,152.4
5XQ3,A,00,P,P,P,S,-55.4,-35.2
4JA0,B,00,P,P,P,S,-66.2,146.5
3WN6,B,00,P,P,P,S,-89.9,-14.1
3SSO,B,00,P,P,P,S,-68.2,149.6
1QOR,B,00,P,P,P,S,-53.7,-43.1
4LYL,K,00,P,P,P,S,-52.7,-42.3
1ETE,C,00,P,P,P,S,-63.9,157.2
3EZS,A,00,P,P,P,S,-82.1,148.4
4MX5,X,00,P,P,P,S,-60.7,102.4
5ZLM,A,00,P,P,P,S,-50.7,-38.6
4B71,A,00,P,P,P,S,-55.1,-25.2
6QZO,E,00,P,P,P,S,-83.6,-178.9
1MXG,A,00,P,P,P,S,-83.9,-7.8
5L56,A,00,P,P,P,S,-44.4,-30.8
5JK7,D,00,P,P,P,S,-51.8,-55.6
4Y23,A,00,P,P,P,S,-75.0,7.2
4KVI,D,00,P,P,P,S,-55.9,143.4
2FAH,B,00,P,P,P,S,-55.2,-31.1
1B4U,B,00,P,P,P,S,-63.1,146.4
1K30,A,00,P,P,P,S,-65.7,147.6
5YS2,A,00,P,P,P,S,-59.2,146.0
6GDZ,A,00,P,P,P,S,-70.9,83.9
6GDZ,A,01,P,P,P,S,-74.0,160.0
6GDZ,A,02,P,P,P,S,-74.4,169.4
6GDZ,A,03,P,P,P,S,-77.4,67.8
6GDZ,A,04,P,P,P,S,-78.8,75.5
6GDZ,A,05,P,P,P,S,-81.2,71.1
6GDZ,A,06,P,P,P,S,-75.5,82.9
6GDZ,A,07,P,P,P,S,-79.1,72.7
6GDZ,A,08,P,P,P,S,-73.0,75.7
6GDZ,A,09,P,P,P,S,-70.4,87.4
5MMI,Z,00,P,P,P,S,-59.7,-29.0
2Y0N,D,00,P,P,P,S,-43.7,-32.3
3LAF,A,00,P,P,P,S,-85.6,164.4
5XQG,G,00,P,P,P,S,-57.3,-24.3
4NN0,C,00,P,P,P,S,-79.0,162.4
3SSM,D,00,P,P,P,S,-69.6,152.1
6AH0,2,00,P,P,P,S,-59.4,-28.9
4CCC,A,00,P,P,P,S,-46.4,149.7
3O8C,A,00,P,P,P,S,-54.5,-30.4
3RG8,B,00,P,P,P,S,-68.3,153.3
1LYW,F,00,P,P,P,S,-72.7,-26.3
3WHR,A,00,P,P,P,S,-79.9,8.1
2KNO,A,00,P,P,P,S,-74.0,-22.2
2KNO,A,01,P,P,P,S,-70.0,-54.2
2KNO,A,02,P,P,P,S,-66.9,-32.8
2KNO,A,03,P,P,P,S,-59.1,-48.8
2KNO,A,04,P,P,P,S,-69.4,-47.6
2KNO,A,05,P,P,P,S,-68.9,-24.5
2KNO,A,06,P,P,P,S,-61.3,-40.9
2KNO,A,07,P,P,P,S,-59.8,-37.1
2KNO,A,08,P,P,P,S,-57.3,-45.3
2KNO,A,09,P,P,P,S,-50.6,-35.6
2KNO,A,10,P,P,P,S,-66.4,-60.4
2KNO,A,11,P,P,P,S,-63.8,-46.9
2KNO,A,12,P,P,P,S,-62.1,-42.0
2KNO,A,13,P,P,P,S,-61.5,-34.5
2KNO,A,14,P,P,P,S,-68.0,-41.6
2KNO,A,15,P,P,P,S,-65.2,-54.2
2KNO,A,16,P,P,P,S,-55.6,-44.9
2KNO,A,17,P,P,P,S,-71.8,-47.5
2KNO,A,18,P,P,P,S,-63.2,-48.1
2KNO,A,19,P,P,P,S,-75.2,-11.6
4DUR,B,00,P,P,P,S,-59.9,151.8
5AOO,B,00,P,P,P,S,-58.2,152.3
5XX0,B,00,P,P,P,S,-70.6,133.1
5MP9,J,00,P,P,P,S,-62.3,140.4
5XX0,A,00,P,P,P,S,-62.5,144.3
3KQL,A,00,P,P,P,S,-54.9,-41.2
4B71,B,00,P,P,P,S,-53.5,-39.3
4KVI,C,00,P,P,P,S,-54.3,143.2
3BNX,B,00,P,P,P,S,-57.8,137.6
2M7D,A,00,P,P,P,S,-80.3,119.6
2M7D,A,01,P,P,P,S,-80.5,117.9
2M7D,A,02,P,P,P,S,-80.7,135.3
2M7D,A,03,P,P,P,S,-81.3,121.5
2M7D,A,04,P,P,P,S,-81.4,152.1
2M7D,A,05,P,P,P,S,-80.6,120.7
2M7D,A,06,P,P,P,S,-80.6,144.8
2M7D,A,07,P,P,P,S,-80.5,149.4
2M7D,A,08,P,P,P,S,-80.8,148.1
2M7D,A,09,P,P,P,S,-81.2,152.7
2M7D,A,10,P,P,P,S,-81.0,151.8
2M7D,A,11,P,P,P,S,-81.3,129.8
2M7D,A,12,P,P,P,S,-80.8,151.6
2M7D,A,13,P,P,P,S,-80.9,151.4
2M7D,A,14,P,P,P,S,-80.7,145.1
2M7D,A,15,P,P,P,S,-81.7,152.0
2M7D,A,16,P,P,P,S,-81.0,151.8
2M7D,A,17,P,P,P,S,-80.8,152.0
2M7D,A,18,P,P,P,S,-80.5,150.4
2M7D,A,19,P,P,P,S,-80.6,146.8
2M7D,A,20,P,P,P,S,-80.6,134.6
2M7D,A,21,P,P,P,S,-81.4,152.0
2M7D,A,22,P,P,P,S,-80.9,151.9
2M7D,A,23,P,P,P,S,-81.0,139.2
2M7D,A,24,P,P,P,S,-80.7,120.7
2M7D,A,25,P,P,P,S,-80.6,132.7
2M7D,A,26,P,P,P,S,-80.9,145.9
2M7D,A,27,P,P,P,S,-81.1,151.2
2M7D,A,28,P,P,P,S,-80.0,137.5
2M7D,A,29,P,P,P,S,-80.9,151.7
3UC7,F,00,P,P,P,S,-71.7,154.7
5VNM,A,00,P,P,P,S,-93.2,158.1
1V6U,B,00,P,P,P,S,-62.5,73.5
5ZLL,A,00,P,P,P,S,-61.3,-31.7
1UFO,B,00,P,P,P,S,-58.6,143.3
3WEN,A,00,P,P,P,S,-62.0,152.2
2CX9,C,00,P,P,P,S,-87.5,-32.2
3O8D,A,00,P,P,P,S,-55.6,-35.2
4WXR,B,00,P,P,P,S,-57.1,-33.4
5IMN,D,00,P,P,P,S,-44.3,137.6
5IMI,B,00,P,P,P,S,-53.3,140.7
5AYS,B,00,P,P,P,S,-56.5,-43.1
1C1Z,A,00,P,P,P,S,-80.2,160.2
4OBZ,D,00,P,P,P,S,-69.9,-20.7
5B5T,C,00,P,P,P,S,-77.2,10.2
5LVC,b,00,P,P,P,S,-58.6,152.2
4WXP,A,00,P,P,P,S,-50.7,-35.3
6O83,C,00,P,P,P,S,-66.1,-8.1
2MJ9,A,00,P,P,P,S,-63.9,-166.3
2MJ9,A,01,P,P,P,S,-73.6,-168.0
2MJ9,A,02,P,P,P,S,-75.5,-167.5
2MJ9,A,03,P,P,P,S,-66.3,-167.0
2MJ9,A,04,P,P,P,S,-68.7,-167.9
2MJ9,A,05,P,P,P,S,-68.6,-167.0
2MJ9,A,06,P,P,P,S,-73.1,-167.3
2MJ9,A,07,P,P,P,S,-72.5,-167.7
2MJ9,A,08,P,P,P,S,-63.2,-166.4
2MJ9,A,09,P,P,P,S,-76.0,-167.9
3SSM,C,00,P,P,P,S,-60.1,152.1
1EMJ,A,00,P,P,P,S,-42.2,-41.1
4B75,B,00,P,P,P,S,-51.9,-28.3
5IMI,A,00,P,P,P,S,-58.9,139.9
3RG8,C,00,P,P,P,S,-75.8,144.0
2VC4,A,00,P,P,P,S,-49.4,151.0
4KVW,C,00,P,P,P,S,-55.4,146.4
1WS9,A,00,P,P,P,S,-60.4,-20.8
2FAH,A,00,P,P,P,S,-57.9,-29.1
1LYB,B,00,P,P,P,S,-89.5,-19.2
3CKE,A,00,P,P,P,S,-57.4,147.0
2PNM,A,00,P,P,P,S,-68.1,150.0
5H1S,Z,00,P,P,P,S,-59.3,-38.9
2FAF,A,00,P,P,P,S,-66.1,-19.8
4JA0,C,00,P,P,P,S,-66.3,145.6
4UFK,A,00,P,P,P,S,-51.8,152.7
1W8E,A,00,P,P,P,S,-49.3,-31.7
3SSO,D,00,P,P,P,S,-66.5,147.0
2L3J,A,00,P,P,P,S,-69.2,172.4
2L3J,A,01,P,P,P,S,-74.6,176.9
2L3J,A,02,P,P,P,S,-78.7,1.1
2L3J,A,03,P,P,P,S,-54.6,-16.0
2L3J,A,04,P,P,P,S,-72.3,154.9
2L3J,A,05,P,P,P,S,-69.9,176.3
2L3J,A,06,P,P,P,S,-73.0,178.0
2L3J,A,07,P,P,P,S,-70.2,162.8
2L3J,A,08,P,P,P,S,-75.2,1.2
2L3J,A,09,P,P,P,S,-55.5,7.0
2L3J,A,10,P,P,P,S,-75.7,-13.8
2L3J,A,11,P,P,P,S,-80.4,11.5
2L3J,A,12,P,P,P,S,-71.6,166.5
2L3J,A,13,P,P,P,S,-55.0,161.5
2L3J,A,14,P,P,P,S,-74.6,-11.6
2L3J,A,15,P,P,P,S,-76.6,174.6
2L3J,A,16,P,P,P,S,-75.7,39.5
2L3J,A,17,P,P,P,S,-74.4,15.1
2L3J,A,18,P,P,P,S,-70.2,161.6
2OG6,A,00,P,P,P,S,-48.1,-31.9
1ISY,B,00,P,P,P,S,-60.6,87.4
1CU1,A,00,P,P,P,S,-59.9,-23.8
5XQG,H,00,P,P,P,S,-61.5,-31.9
3CKE,B,00,P,P,P,S,-53.5,137.0
3UC8,A,00,P,P,P,S,-79.1,167.3
3RGG,B,00,P,P,P,S,-75.6,148.0
1LYW,H,00,P,P,P,S,-80.0,-7.6
4KWD,B,00,P,P,P,S,-57.4,147.8
5JXM,A,00,P,P,P,S,-69.0,-29.5
1BOU,B,00,P,P,P,S,-66.0,161.7
5OU5,A,00,P,P,P,S,-68.7,172.4
5YS2,D,00,P,P,P,S,-76.4,138.9
1JRJ,A,00,P,P,P,S,-74.9,90.3
1JRJ,A,01,P,P,P,S,-65.5,-36.2
1JRJ,A,02,P,P,P,S,-89.1,43.7
1JRJ,A,03,P,P,P,S,-78.0,121.9
1JRJ,A,04,P,P,P,S,-68.7,159.1
1JRJ,A,05,P,P,P,S,-75.2,155.6
1JRJ,A,06,P,P,P,S,-72.8,94.7
1JRJ,A,07,P,P,P,S,-76.7,-17.8
1JRJ,A,08,P,P,P,S,-71.7,101.7
1JRJ,A,09,P,P,P,S,-62.2,-41.5
1JRJ,A,10,P,P,P,S,-73.6,142.4
1JRJ,A,11,P,P,P,S,-71.2,117.4
1JRJ,A,12,P,P,P,S,-76.0,101.3
1JRJ,A,13,P,P,P,S,-71.3,119.0
1JRJ,A,14,P,P,P,S,-71.5,104.9
1JRJ,A,15,P,P,P,S,-82.0,-1.3
1JRJ,A,16,P,P,P,S,-69.0,109.3
1JRJ,A,17,P,P,P,S,-70.5,134.1
1JRJ,A,18,P,P,P,S,-74.1,146.0
1JRJ,A,19,P,P,P,S,-74.7,84.1
1JRJ,A,20,P,P,P,S,-76.1,169.9
1JRJ,A,21,P,P,P,S,-70.6,131.1
1JRJ,A,22,P,P,P,S,-82.6,-175.5
1JRJ,A,23,P,P,P,S,-85.5,54.7
1JRJ,A,24,P,P,P,S,-72.9,108.5
1JRJ,A,25,P,P,P,S,-70.6,-40.5
1JRJ,A,26,P,P,P,S,-75.6,106.1
1JRJ,A,27,P,P,P,S,-71.8,116.5
1JRJ,A,28,P,P,P,S,-80.9,67.7
1JRJ,A,29,P,P,P,S,-85.4,54.7
1JRJ,A,30,P,P,P,S,-69.7,155.0
1JRJ,A,31,P,P,P,S,-73.1,106.1
1JRJ,A,32,P,P,P,S,-73.1,109.3
1JRJ,A,33,P,P,P,S,-66.9,-44.5
1JRJ,A,34,P,P,P,S,-70.9,139.2
1JRJ,A,35,P,P,P,S,-69.6,151.1
5NKW,A,00,P,P,P,S,-72.6,158.2
2E0W,B,00,P,P,P,S,-69.9,8.4
4A68,A,00,P,P,P,S,-51.6,-32.9
5XQG,F,00,P,P,P,S,-48.2,-43.4
3QS7,A,00,P,P,P,S,-73.0,160.5
4HUO,X,00,P,P,P,S,-51.8,121.0
2F55,A,00,P,P,P,S,-39.5,-73.9
5XQG,D,00,P,P,P,S,-45.0,-39.0
3O8R,B,00,P,P,P,S,-54.0,-28.9
4KVI,A,00,P,P,P,S,-56.7,141.2
5IMI,D,00,P,P,P,S,-50.9,136.1
2O9V,B,00,P,P,P,S,-61.9,146.4
5MLC,Z,00,P,P,P,S,-50.9,148.0
2Y0N,B,00,P,P,P,S,-44.5,-30.6
2BT1,A,00,P,P,P,S,-55.4,160.5
1Q0R,A,00,P,P,P,S,-63.8,-17.9
4F12,A,00,P,P,P,S,-65.6,-46.1
5L5C,A,00,P,P,P,S,-44.5,-30.7
1UGH,E,00,P,P,P,S,-35.2,-58.1
3KQU,B,00,P,P,P,S,-49.3,-33.0
5ZLK,A,00,P,P,P,S,-58.6,-33.2
5KNL,D,00,P,P,P,S,-57.7,-26.9
2E0Y,C,00,P,P,P,S,-62.4,4.9
3KQN,A,00,P,P,P,S,-48.1,-43.3
1HEI,A,00,P,P,P,S,-65.6,-15.0
2PNL,J,00,P,P,P,S,-73.4,147.6
3FCL,B,00,P,P,P,S,-47.6,-41.5
4LYL,G,00,P,P,P,S,-55.8,-42.9
5GKA,B,00,P,P,P,S,-58.8,152.9
3BSH,A,00,P,P,P,S,-72.4,-22.4
3FCI,A,00,P,P,P,S,-54.3,-38.1
2EBN,A,00,P,P,P,S,-64.0,173.2
4B6E,A,00,P,P,P,S,-54.0,-33.8
6O83,A,00,P,P,P,S,-64.7,-11.3
5IMP,B,00,P,P,P,S,-57.6,144.5
1B4U,D,00,P,P,P,S,-66.9,165.1
3H0G,A,00,P,P,P,S,-41.6,-40.7
5BOZ,F,00,P,P,P,S,-81.7,-30.5
1ISV,B,00,P,P,P,S,-48.7,142.9
4OK5,B,00,P,P,P,S,-60.5,-13.8
3KQU,A,00,P,P,P,S,-49.6,-33.0
3UC8,B,00,P,P,P,S,-75.4,156.0
5L7R,B,00,P,P,P,S,-54.1,-35.8
5J57,A,00,P,P,P,S,-58.8,130.8
5CEF,D,00,P,P,P,S,-66.1,159.0
2F55,C,00,P,P,P,S,-59.2,-130.5
4KVY,A,00,P,P,P,S,-62.2,144.6
3PXJ,A,00,P,P,P,S,-73.5,154.1
1OKB,A,00,P,P,P,S,-45.4,-43.9
2KPY,A,00,P,P,P,S,-69.8,-173.5
2KPY,A,01,P,P,P,S,-69.8,-173.3
2KPY,A,02,P,P,P,S,-69.8,-5.8
2KPY,A,03,P,P,P,S,-69.8,-39.5
2KPY,A,04,P,P,P,S,-69.8,-5.5
2KPY,A,05,P,P,P,S,-69.8,-173.6
2KPY,A,06,P,P,P,S,-69.7,172.3
2KPY,A,07,P,P,P,S,-69.8,171.1
2KPY,A,08,P,P,P,S,-69.8,-48.2
2KPY,A,09,P,P,P,S,-69.8,-174.0
2KPY,A,10,P,P,P,S,-69.8,139.9
2KPY,A,11,P,P,P,S,-69.7,169.0
2KPY,A,12,P,P,P,S,-69.8,-171.5
2KPY,A,13,P,P,P,S,-69.7,-172.0
2KPY,A,14,P,P,P,S,-69.8,-171.2
2KPY,A,15,P,P,P,S,-69.7,-43.3
2KPY,A,16,P,P,P,S,-69.7,166.8
2KPY,A,17,P,P,P,S,-69.7,120.0
2KPY,A,18,P,P,P,S,-69.8,-172.8
2KPY,A,19,P,P,P,S,-69.8,-180.0
1LYW,D,00,P,P,P,S,-81.9,-1.9
2MDJ,A,00,P,P,P,S,-85.7,156.4
2MDJ,A,01,P,P,P,S,-82.6,154.6
2MDJ,A,02,P,P,P,S,-64.4,153.7
2MDJ,A,03,P,P,P,S,-82.9,156.6
2MDJ,A,04,P,P,P,S,-85.5,145.3
2MDJ,A,05,P,P,P,S,-86.3,148.6
2MDJ,A,06,P,P,P,S,-82.8,155.3
2MDJ,A,07,P,P,P,S,-85.6,153.9
2MDJ,A,08,P,P,P,S,-72.1,155.3
2MDJ,A,09,P,P,P,S,-83.5,157.2
2MDJ,A,10,P,P,P,S,-83.9,155.7
2MDJ,A,11,P,P,P,S,-74.2,156.0
2MDJ,A,12,P,P,P,S,-70.7,159.2
2MDJ,A,13,P,P,P,S,-72.4,154.5
2MDJ,A,14,P,P,P,S,-80.8,154.6
5ZS0,C,00,P,P,P,S,-76.5,126.4
3TKB,A,00,P,P,P,S,-51.9,-42.7
4LYL,C,00,P,P,P,S,-49.5,-40.3
2BHF,A,00,P,P,P,S,-51.4,-30.8
5XQJ,C,00,P,P,P,S,-41.1,-41.3
4KVW,B,00,P,P,P,S,-55.9,144.1
5N4K,A,00,P,P,P,S,-81.0,155.7
1SSP,E,00,P,P,P,S,-47.2,-47.1
4OTU,A,00,P,P,P,S,-81.2,25.4
4OKS,B,00,P,P,P,S,-61.0,-22.1
4Q8B,B,00,P,P,P,S,-51.7,-33.9
1RPK,A,00,P,P,P,S,-82.2,-9.9
1UFO,E,00,P,P,P,S,-55.7,144.1
1OKB,B,00,P,P,P,S,-45.7,-44.4
3KQU,E,00,P,P,P,S,-49.7,-33.4
4B76,B,00,P,P,P,S,-55.4,-29.0
4QAQ,B,00,P,P,P,S,-65.1,135.0
5VNO,A,00,P,P,P,S,-87.5,153.3
1IL3,A,00,P,P,P,S,-75.9,73.5
2DBW,A,00,P,P,P,S,-60.7,5.9
4OK6,B,00,P,P,P,S,-45.6,-34.5
5Z5K,A,00,P,P,P,S,-88.5,164.6
5IMI,C,00,P,P,P,S,-53.6,153.6
4NN0,A,00,P,P,P,S,-65.7,153.2
2JOF,A,00,P,P,P,S,-77.2,114.9
2JOF,A,01,P,P,P,S,-77.4,82.0
2JOF,A,02,P,P,P,S,-77.3,136.3
2JOF,A,03,P,P,P,S,-72.5,124.6
2JOF,A,04,P,P,P,S,-74.7,98.6
2JOF,A,05,P,P,P,S,-73.9,156.4
2JOF,A,06,P,P,P,S,-72.0,103.2
2JOF,A,07,P,P,P,S,-73.2,151.0
2JOF,A,08,P,P,P,S,-73.2,156.9
2JOF,A,09,P,P,P,S,-73.0,124.6
2JOF,A,10,P,P,P,S,-79.1,115.6
2JOF,A,11,P,P,P,S,-80.2,89.3
2JOF,A,12,P,P,P,S,-79.7,64.1
2JOF,A,13,P,P,P,S,-77.7,107.5
2JOF,A,14,P,P,P,S,-73.3,150.6
2JOF,A,15,P,P,P,S,-79.9,72.4
2JOF,A,16,P,P,P,S,-78.3,80.3
2JOF,A,17,P,P,P,S,-79.3,65.9
2JOF,A,18,P,P,P,S,-79.7,112.6
2JOF,A,19,P,P,P,S,-81.1,88.3
2JOF,A,20,P,P,P,S,-77.5,112.3
2JOF,A,21,P,P,P,S,-82.8,82.8
2JOF,A,22,P,P,P,S,-78.0,88.8
2JOF,A,23,P,P,P,S,-77.1,129.5
2JOF,A,24,P,P,P,S,-73.9,96.7
2JOF,A,25,P,P,P,S,-78.3,100.6
2JOF,A,26,P,P,P,S,-77.1,127.5
2JOF,A,27,P,P,P,S,-81.4,111.3
6ESC,A,00,P,P,P,S,-82.8,125.3
5NIQ,A,00,P,P,P,S,-79.0,71.8
5NIQ,A,01,P,P,P,S,-72.8,69.2
5NIQ,A,02,P,P,P,S,-77.9,79.7
5NIQ,A,03,P,P,P,S,-74.0,88.4
5NIQ,A,04,P,P,P,S,-71.2,81.7
5NIQ,A,05,P,P,P,S,-70.6,90.1
5NIQ,A,06,P,P,P,S,-77.4,69.1
5NIQ,A,07,P,P,P,S,-68.4,91.9
5NIQ,A,08,P,P,P,S,-50.7,88.3
5NIQ,A,09,P,P,P,S,-79.0,71.8
2QPU,C,00,P,P,P,S,-85.0,-9.8
2L6K,A,00,P,P,P,S,-69.7,-20.0
2L6K,A,01,P,P,P,S,-69.6,-35.8
2L6K,A,02,P,P,P,S,-69.7,-27.8
2L6K,A,03,P,P,P,S,-69.8,-46.1
2L6K,A,04,P,P,P,S,-69.7,-16.1
2L6K,A,05,P,P,P,S,-69.8,-20.1
2L6K,A,06,P,P,P,S,-69.8,78.9
2L6K,A,07,P,P,P,S,-69.8,89.7
2L6K,A,08,P,P,P,S,-69.8,-38.3
2L6K,A,09,P,P,P,S,-69.8,92.1
2L6K,A,10,P,P,P,S,-69.8,-19.0
2L6K,A,11,P,P,P,S,-69.8,-166.0
2L6K,A,12,P,P,P,S,-69.8,-48.4
2L6K,A,13,P,P,P,S,-69.7,-165.9
2L6K,A,14,P,P,P,S,-69.8,85.7
2L6K,A,15,P,P,P,S,-69.7,-20.1
2L6K,A,16,P,P,P,S,-69.7,-36.7
2L6K,A,17,P,P,P,S,-69.8,-8.7
2L6K,A,18,P,P,P,S,-69.7,78.6
2L6K,A,19,P,P,P,S,-69.7,81.4
1IL5,B,00,P,P,P,S,-47.4,100.2
5OU5,B,00,P,P,P,S,-68.1,156.4
4KWD,D,00,P,P,P,S,-45.2,140.0
4NV5,B,00,P,P,P,S,-61.6,150.4
1LNL,C,00,P,P,P,S,-73.6,149.5
5IVG,D,00,P,P,P,S,-45.1,147.7
2QEJ,A,00,P,P,P,S,-56.1,131.3
6D6R,K,00,P,P,P,S,-67.3,-6.6
6F0W,S,00,P,P,P,S,-61.1,-23.6
3SSN,C,00,P,P,P,S,-72.5,161.9
2FAH,D,00,P,P,P,S,-56.3,-28.5
1LNL,A,00,P,P,P,S,-77.7,141.9
2WSD,A,00,P,P,P,S,-49.4,-32.8
2PNL,G,00,P,P,P,S,-79.9,134.3
1RP8,A,00,P,P,P,S,-86.6,-10.3
3WN6,D,00,P,P,P,S,-92.9,-12.8
2ED9,A,00,P,P,P,S,-69.7,156.5
2ED9,A,01,P,P,P,S,-69.8,150.4
2ED9,A,02,P,P,P,S,-69.8,141.8
2ED9,A,03,P,P,P,S,-69.8,140.2
2ED9,A,04,P,P,P,S,-69.8,149.4
2ED9,A,05,P,P,P,S,-69.8,136.5
2ED9,A,06,P,P,P,S,-69.8,172.4
2ED9,A,07,P,P,P,S,-69.7,131.0
2ED9,A,08,P,P,P,S,-69.8,124.8
2ED9,A,09,P,P,P,S,-69.7,161.3
2ED9,A,10,P,P,P,S,-69.8,143.5
2ED9,A,11,P,P,P,S,-69.7,131.3
2ED9,A,12,P,P,P,S,-69.7,152.7
2ED9,A,13,P,P,P,S,-69.7,150.3
2ED9,A,14,P,P,P,S,-69.8,160.6
2ED9,A,15,P,P,P,S,-69.7,149.6
2ED9,A,16,P,P,P,S,-69.8,153.1
2ED9,A,17,P,P,P,S,-69.7,134.4
2ED9,A,18,P,P,P,S,-69.7,139.6
2ED9,A,19,P,P,P,S,-69.7,134.6
2WE3,A,00,P,P,P,S,-58.7,132.6
2DBX,A,00,P,P,P,S,-62.3,6.7
4Q8B,A,00,P,P,P,S,-52.4,-34.5
4LYL,A,00,P,P,P,S,-47.3,-39.9
3RGG,D,00,P,P,P,S,-67.8,143.4
1FNF,A,00,P,P,P,S,-72.7,164.4
5FPT,B,00,P,P,P,S,-53.2,-22.6
6H25,J,00,P,P,P,S,-80.4,-3.5
4KWD,C,00,P,P,P,S,-54.6,149.6
5INJ,A,00,P,P,P,S,-71.0,-27.1
4GH7,B,00,P,P,P,S,-70.1,158.6
1ISY,A,00,P,P,P,S,-71.8,127.7
4A92,B,00,P,P,P,S,-55.9,-21.9
1MXD,A,00,P,P,P,S,-85.7,-8.1
2FAH,C,00,P,P,P,S,-56.0,-29.0
3KQU,D,00,P,P,P,S,-49.6,-33.1
6H04,D,00,P,P,P,S,-70.0,108.2
5XQJ,D,00,P,P,P,S,-35.0,-42.9
5XQG,E,00,P,P,P,S,-49.8,-46.9
4QAQ,A,00,P,P,P,S,-58.3,128.5
1UFO,D,00,P,P,P,S,-52.9,145.1
5JK7,G,00,P,P,P,S,-51.1,-50.1
5L7V,B,00,P,P,P,S,-45.9,-42.8
4MX1,A,00,P,P,P,S,-44.0,135.8
4Q89,B,00,P,P,P,S,-51.6,-38.1
5XQJ,A,00,P,P,P,S,-56.6,-31.1
4KUX,A,00,P,P,P,S,-59.4,142.0
5IN8,B,00,P,P,P,S,-52.8,134.6
1YUO,A,00,P,P,P,S,-39.0,-44.4
3RG8,F,00,P,P,P,S,-64.9,148.7
4UFJ,A,00,P,P,P,S,-53.7,154.4
1V6X,B,00,P,P,P,S,-58.0,86.0
2PNL,B,00,P,P,P,S,-60.2,138.7
1UFO,C,00,P,P,P,S,-59.2,143.9
3FCL,A,00,P,P,P,S,-51.7,-43.3
5VNL,A,00,P,P,P,S,-90.9,155.4
5N04,A,00,P,P,P,S,-80.8,168.1
4ESI,A,00,P,P,P,S,-52.2,136.1
2E0Y,A,00,P,P,P,S,-60.7,1.0
1OF0,A,00,P,P,P,S,-45.4,-34.0
5XQO,B,00,P,P,P,S,-65.5,136.8
3SSO,E,00,P,P,P,S,-67.3,148.5
1AKZ,A,00,P,P,P,S,-46.9,-44.5
2FAF,B,00,P,P,P,S,-54.1,-28.5
4NV6,A,00,P,P,P,S,-57.7,120.5
3WHS,A,00,P,P,P,S,-77.5,10.3
3KQK,A,00,P,P,P,S,-48.9,-32.2
3FCF,A,00,P,P,P,S,-52.0,-40.4
1LAU,E,00,P,P,P,S,-43.0,-53.6
6EF1,J,00,P,P,P,S,-86.0,171.2
5K6Y,A,00,P,P,P,S,-72.0,136.5
5XQ3,B,00,P,P,P,S,-59.2,-22.1
