1EMH,A,00,P,P,P,S,-60.9,-39.5
5VNJ,A,00,P,P,P,S,-166.7,139.9
2Z8I,A,00,P,P,P,S,-103.3,147.0
3KQU,F,00,P,P,P,S,-158.6,-174.6
4B76,A,00,P,P,P,S,-159.3,177.1
5KNL,A,00,P,P,P,S,-71.4,-22.2
3WEM,A,00,P,P,P,S,-99.4,170.3
2WE1,A,00,P,P,P,S,-81.1,132.2
2Z8J,C,00,P,P,P,S,-94.5,143.9
2E0X,C,00,P,P,P,S,-71.0,126.9
4CR3,J,00,P,P,P,S,-149.7,-177.7
3KQH,A,00,P,P,P,S,-171.7,178.6
1W6L,A,00,P,P,P,S,-63.7,-23.9
3UC7,B,00,P,P,P,S,-97.8,-24.7
1LYA,B,00,P,P,P,S,-81.3,-37.3
4OTT,A,00,P,P,P,S,-99.4,147.1
2DBX,C,00,P,P,P,S,-99.1,151.0
2DBU,C,00,P,P,P,S,-94.6,149.4
3O8D,B,00,P,P,P,S,-157.3,177.2
4KWD,A,00,P,P,P,S,-132.7,142.8
5AJ3,O,00,P,P,P,S,-95.9,7.2
4LYL,M,00,P,P,P,S,-70.1,-39.1
1QUB,A,00,P,P,P,S,-94.4,146.2
5ACJ,A,00,P,P,P,S,-71.5,161.5
1A1V,A,00,P,P,P,S,-157.6,-178.1
1CU1,B,00,P,P,P,S,-167.6,-165.0
2E4O,A,00,P,P,P,S,-142.3,147.3
4LYL,O,00,P,P,P,S,-68.0,-40.8
3KP9,A,00,P,P,P,S,-55.2,151.0
6CWG,A,00,P,P,P,S,-74.4,140.9
4UFL,A,00,P,P,P,S,-66.4,168.4
3O8B,A,00,P,P,P,S,-153.7,178.9
2MDI,A,00,P,P,P,S,-89.2,143.5
2MDI,A,01,P,P,P,S,-87.2,141.5
2MDI,A,02,P,P,P,S,-88.0,140.8
2MDI,A,03,P,P,P,S,-86.8,143.5
2MDI,A,04,P,P,P,S,-86.5,155.9
2MDI,A,05,P,P,P,S,-87.8,142.6
2MDI,A,06,P,P,P,S,-86.8,141.1
2MDI,A,07,P,P,P,S,-88.0,142.1
2MDI,A,08,P,P,P,S,-85.5,151.1
2MDI,A,09,P,P,P,S,-89.2,142.7
2MDI,A,10,P,P,P,S,-88.5,144.1
2MDI,A,11,P,P,P,S,-87.1,142.7
2MDI,A,12,P,P,P,S,-87.6,142.1
2MDI,A,13,P,P,P,S,-86.3,141.3
2MDI,A,14,P,P,P,S,-88.5,144.3
1WIW,A,00,P,P,P,S,-85.6,67.6
6NF8,O,00,P,P,P,S,-96.1,16.9
6QZO,G,00,P,P,P,S,-65.5,-36.7
3EZS,B,00,P,P,P,S,-90.9,145.5
2NUP,A,00,P,P,P,S,176.5,138.9
4HV3,A,00,P,P,P,S,122.8,14.2
5FPT,A,00,P,P,P,S,-139.5,-174.0
5XQG,C,00,P,P,P,S,-75.6,4.5
3BNY,D,00,P,P,P,S,-135.5,143.7
1ETE,B,00,P,P,P,S,-56.6,-30.8
1WHQ,A,00,P,P,P,S,-41.7,94.3
1WHQ,A,01,P,P,P,S,-99.2,83.4
1WHQ,A,02,P,P,P,S,-173.6,145.3
1WHQ,A,03,P,P,P,S,64.7,42.4
1WHQ,A,04,P,P,P,S,-84.1,93.1
1WHQ,A,05,P,P,P,S,-51.0,161.8
1WHQ,A,06,P,P,P,S,-108.8,-49.7
1WHQ,A,07,P,P,P,S,-38.2,157.3
1WHQ,A,08,P,P,P,S,-109.8,43.9
1WHQ,A,09,P,P,P,S,-35.7,126.3
1WHQ,A,10,P,P,P,S,-143.7,153.8
1WHQ,A,11,P,P,P,S,-119.6,101.7
1WHQ,A,12,P,P,P,S,-84.9,139.8
1WHQ,A,13,P,P,P,S,-71.2,111.7
1WHQ,A,14,P,P,P,S,-49.6,-53.4
1WHQ,A,15,P,P,P,S,-49.3,178.0
1WHQ,A,16,P,P,P,S,-174.8,159.9
1WHQ,A,17,P,P,P,S,-79.6,111.7
1WHQ,A,18,P,P,P,S,-104.1,141.4
1WHQ,A,19,P,P,P,S,-59.8,119.6
5MPA,J,00,P,P,P,S,-70.2,175.7
6QZO,H,00,P,P,P,S,-65.4,-36.8
2OYT,A,00,P,P,P,S,-55.4,-48.7
4L5N,B,00,P,P,P,S,-64.7,-41.0
1OW0,A,00,P,P,P,S,-44.8,-40.7
1QPA,A,00,P,P,P,S,-50.8,136.5
5FPS,B,00,P,P,P,S,-160.5,-175.4
5XQJ,G,00,P,P,P,S,-75.7,-0.1
1QPA,B,00,P,P,P,S,-68.3,108.2
3RGG,C,00,P,P,P,S,-154.8,140.7
2OG5,A,00,P,P,P,S,-60.9,-28.3
5ACF,A,00,P,P,P,S,-76.2,159.4
5NLS,A,00,P,P,P,S,-81.2,164.7
1IL9,A,00,P,P,P,S,44.5,57.9
1ISW,B,00,P,P,P,S,-66.3,91.1
5K70,B,00,P,P,P,S,-85.9,152.3
5FPS,A,00,P,P,P,S,-156.5,-173.4
4II2,A,00,P,P,P,S,-69.7,-7.6
4NN0,B,00,P,P,P,S,-118.0,20.8
2QPS,A,00,P,P,P,S,-87.5,166.9
4QAS,B,00,P,P,P,S,-94.9,168.9
1UDI,E,00,P,P,P,S,-64.3,-40.3
5NXB,B,00,P,P,P,S,-64.3,158.1
2Z8I,C,00,P,P,P,S,-100.9,147.5
4KVD,A,00,P,P,P,S,-128.9,143.1
5IMN,A,00,P,P,P,S,-131.1,149.9
4QAS,A,00,P,P,P,S,-99.7,158.3
5C5D,B,00,P,P,P,S,-149.5,144.2
2HDE,A,00,P,P,P,S,-73.8,137.0
2HDE,A,01,P,P,P,S,-163.8,64.7
2HDE,A,02,P,P,P,S,-157.7,135.2
2HDE,A,03,P,P,P,S,-159.8,117.0
2HDE,A,04,P,P,P,S,-158.6,142.5
2HDE,A,05,P,P,P,S,-81.2,144.6
2HDE,A,06,P,P,P,S,-164.6,159.3
2HDE,A,07,P,P,P,S,-82.8,144.5
2HDE,A,08,P,P,P,S,-117.3,113.0
2HDE,A,09,P,P,P,S,-155.2,-52.9
2HDE,A,10,P,P,P,S,-143.0,143.3
2HDE,A,11,P,P,P,S,-128.7,93.0
2HDE,A,12,P,P,P,S,-128.6,-53.1
2HDE,A,13,P,P,P,S,-168.6,-58.4
2HDE,A,14,P,P,P,S,-67.1,144.2
2HDE,A,15,P,P,P,S,-111.1,91.6
2HDE,A,16,P,P,P,S,-118.3,107.1
2HDE,A,17,P,P,P,S,-122.7,154.4
2HDE,A,18,P,P,P,S,-105.6,114.0
2HDE,A,19,P,P,P,S,-123.8,40.0
3UON,A,00,P,P,P,S,71.2,-19.3
5N47,D,00,P,P,P,S,64.9,17.8
1IL4,A,00,P,P,P,S,-61.7,81.5
1W6W,A,00,P,P,P,S,-66.8,-25.7
5WDX,A,00,P,P,P,S,-153.7,-169.1
6D6Q,K,00,P,P,P,S,-71.1,-0.1
5JB1,B,00,P,P,P,S,-106.0,-84.2
5N4K,B,00,P,P,P,S,-77.9,149.5
6QZO,D,00,P,P,P,S,-65.8,-36.0
2VC3,A,00,P,P,P,S,-51.2,-47.5
1BR5,A,00,P,P,P,S,11.2,-72.1
1HEI,B,00,P,P,P,S,-150.5,173.2
4OK3,B,00,P,P,P,S,-159.0,-170.1
2PNL,C,00,P,P,P,S,-55.6,-39.1
4QFB,B,00,P,P,P,S,-89.5,157.5
5K6X,B,00,P,P,P,S,-84.0,152.4
2PNL,H,00,P,P,P,S,-59.8,-35.0
2CX9,B,00,P,P,P,S,-86.1,154.2
4OKS,A,00,P,P,P,S,-156.6,-175.7
1LNL,B,00,P,P,P,S,-103.2,158.4
4B6E,B,00,P,P,P,S,-164.5,175.3
4KVY,B,00,P,P,P,S,-140.4,147.2
3QS7,D,00,P,P,P,S,-60.2,-27.6
5N47,B,00,P,P,P,S,55.2,19.4
1BR6,A,00,P,P,P,S,-81.0,-79.7
1ISX,B,00,P,P,P,S,-77.5,103.6
3KQH,B,00,P,P,P,S,-159.0,171.2
4B75,A,00,P,P,P,S,-160.5,178.5
4AKP,A,00,P,P,P,S,-60.1,-25.0
3BNY,C,00,P,P,P,S,-141.1,141.2
6NEQ,O,00,P,P,P,S,-81.4,-9.1
3SSN,D,00,P,P,P,S,-115.0,-15.7
1LYA,D,00,P,P,P,S,-72.2,-51.6
5ACG,A,00,P,P,P,S,-80.3,161.5
1RTC,A,00,P,P,P,S,-128.5,-20.5
5UX4,B,00,P,P,P,S,-71.5,-40.1
4NV5,A,00,P,P,P,S,-69.4,152.5
4B73,A,00,P,P,P,S,-161.9,-176.5
5Z58,2,00,P,P,P,S,-61.5,-41.0
1J1M,A,00,P,P,P,S,-47.9,-48.5
3KQK,B,00,P,P,P,S,-161.8,167.6
4B74,A,00,P,P,P,S,-159.4,173.9
1FV1,C,00,P,P,P,S,78.3,131.6
5X8T,Z,00,P,P,P,S,-78.7,99.7
5C5D,D,00,P,P,P,S,-146.2,144.2
4UFH,A,00,P,P,P,S,-65.2,163.1
5XQO,A,00,P,P,P,S,-99.7,34.3
6QZO,F,00,P,P,P,S,-65.7,-36.4
2QZY,A,00,P,P,P,S,-88.6,-1.0
5CEF,C,00,P,P,P,S,-75.7,165.1
6EF3,J,00,P,P,P,S,-78.0,-172.9
5K70,D,00,P,P,P,S,-89.6,154.5
4OJQ,A,00,P,P,P,S,-166.3,175.5
3RVB,A,00,P,P,P,S,-153.9,176.5
6QZO,B,00,P,P,P,S,-65.4,-36.2
4JA0,A,00,P,P,P,S,-173.4,151.5
4Q89,A,00,P,P,P,S,-59.3,-31.0
2HXM,A,00,P,P,P,S,-61.1,-41.5
6DU4,A,00,P,P,P,S,-90.8,-11.1
1UQ4,A,00,P,P,P,S,-50.6,-46.8
5CEF,A,00,P,P,P,S,-78.0,166.0
4AKQ,A,00,P,P,P,S,-62.8,-25.4
4NV2,A,00,P,P,P,S,-132.7,141.7
2M7C,A,00,P,P,P,S,-55.4,-52.2
2M7C,A,01,P,P,P,S,-53.9,-57.4
2M7C,A,02,P,P,P,S,-54.3,-53.2
2M7C,A,03,P,P,P,S,-62.5,-57.3
2M7C,A,04,P,P,P,S,-64.7,-57.6
2M7C,A,05,P,P,P,S,-64.6,-55.6
2M7C,A,06,P,P,P,S,-58.4,-51.8
2M7C,A,07,P,P,P,S,-53.4,-57.6
2M7C,A,08,P,P,P,S,-60.0,-52.6
2M7C,A,09,P,P,P,S,-56.6,-52.7
2M7C,A,10,P,P,P,S,-61.7,-59.3
2M7C,A,11,P,P,P,S,-61.9,-54.8
2M7C,A,12,P,P,P,S,-65.9,-42.8
2M7C,A,13,P,P,P,S,-54.6,-56.1
2M7C,A,14,P,P,P,S,-52.4,-50.6
2M7C,A,15,P,P,P,S,-64.8,-47.7
2M7C,A,16,P,P,P,S,-54.8,-54.8
2M7C,A,17,P,P,P,S,-65.4,-48.4
2M7C,A,18,P,P,P,S,-65.8,-46.6
2M7C,A,19,P,P,P,S,-54.7,-49.8
2M7C,A,20,P,P,P,S,-53.5,-49.3
2M7C,A,21,P,P,P,S,-54.2,-44.4
2M7C,A,22,P,P,P,S,-55.6,-48.3
2M7C,A,23,P,P,P,S,-51.7,-54.7
2M7C,A,24,P,P,P,S,-63.4,-58.7
2M7C,A,25,P,P,P,S,-53.1,-50.3
2M7C,A,26,P,P,P,S,-54.8,-50.2
2M7C,A,27,P,P,P,S,-54.3,-52.7
2M7C,A,28,P,P,P,S,-56.6,-56.1
2M7C,A,29,P,P,P,S,-76.0,-55.7
2M7C,A,30,P,P,P,S,-65.6,-51.5
2M7C,A,31,P,P,P,S,-56.4,-55.5
5IN8,A,00,P,P,P,S,-135.6,144.1
2OA6,A,00,P,P,P,S,-147.7,139.3
3BNX,A,00,P,P,P,S,-146.1,144.9
3WN6,C,00,P,P,P,S,-80.2,157.3
1QOR,A,00,P,P,P,S,-168.6,165.6
2AAI,A,00,P,P,P,S,-59.6,87.7
5IVG,C,00,P,P,P,S,-143.2,144.4
5NLN,A,00,P,P,P,S,-84.4,163.9
1Q0Z,A,00,P,P,P,S,-53.9,-30.6
2DG5,C,00,P,P,P,S,-98.9,149.9
3KQU,C,00,P,P,P,S,-158.5,-174.2
3SSO,C,00,P,P,P,S,-110.3,-5.1
2P35,A,00,P,P,P,S,-56.4,-35.1
5Y7O,A,00,P,P,P,S,-59.7,-12.1
5A5B,J,00,P,P,P,S,-149.6,-177.7
1V6W,B,00,P,P,P,S,-143.1,133.1
1F34,B,00,P,P,P,S,-54.3,-40.2
5L7V,A,00,P,P,P,S,-51.3,-24.4
8OHM,A,00,P,P,P,S,-166.7,-176.6
2FN4,A,00,P,P,P,S,-76.7,14.8
4DUR,A,00,P,P,P,S,-64.8,131.1
5Y8X,A,00,P,P,P,S,-93.0,145.0
5K6Y,B,00,P,P,P,S,-78.3,148.5
2DZM,A,00,P,P,P,S,-130.6,143.9
2DZM,A,01,P,P,P,S,48.3,44.7
2DZM,A,02,P,P,P,S,-111.5,103.2
2DZM,A,03,P,P,P,S,-34.6,-39.9
2DZM,A,04,P,P,P,S,-70.0,173.5
2DZM,A,05,P,P,P,S,74.7,47.9
2DZM,A,06,P,P,P,S,-114.6,151.5
2DZM,A,07,P,P,P,S,42.2,43.2
2DZM,A,08,P,P,P,S,-71.1,128.5
2DZM,A,09,P,P,P,S,-71.5,145.1
2DZM,A,10,P,P,P,S,-117.6,-15.2
2DZM,A,11,P,P,P,S,-106.1,159.8
2DZM,A,12,P,P,P,S,-104.0,-38.7
2DZM,A,13,P,P,P,S,-105.7,42.8
2DZM,A,14,P,P,P,S,-37.1,101.8
2DZM,A,15,P,P,P,S,-36.6,-51.4
2DZM,A,16,P,P,P,S,-71.6,-53.1
2DZM,A,17,P,P,P,S,-36.2,142.4
2DZM,A,18,P,P,P,S,50.4,39.1
2DZM,A,19,P,P,P,S,-88.0,-47.9
4MQS,A,00,P,P,P,S,-129.7,-48.7
1LYW,B,00,P,P,P,S,-81.9,-46.7
4UFM,A,00,P,P,P,S,-69.6,161.7
5OU5,C,00,P,P,P,S,-76.3,-38.1
4KVD,B,00,P,P,P,S,-139.2,146.0
4KVD,D,00,P,P,P,S,-141.3,149.5
5IN8,D,00,P,P,P,S,-138.1,145.7
1JVR,A,00,P,P,P,S,-169.0,150.7
1JVR,A,01,P,P,P,S,-43.5,151.4
1JVR,A,02,P,P,P,S,-92.3,154.5
1JVR,A,03,P,P,P,S,-41.2,157.5
1JVR,A,04,P,P,P,S,168.4,-54.3
1JVR,A,05,P,P,P,S,63.8,151.1
1JVR,A,06,P,P,P,S,-170.5,152.6
1JVR,A,07,P,P,P,S,-50.3,-51.9
1JVR,A,08,P,P,P,S,-102.4,152.3
1JVR,A,09,P,P,P,S,162.3,-52.3
1JVR,A,10,P,P,P,S,-37.6,-59.0
1JVR,A,11,P,P,P,S,-82.2,154.0
1JVR,A,12,P,P,P,S,175.9,-56.8
1JVR,A,13,P,P,P,S,167.1,-54.3
1JVR,A,14,P,P,P,S,65.5,160.7
1JVR,A,15,P,P,P,S,-40.7,150.1
1JVR,A,16,P,P,P,S,-153.3,151.0
1JVR,A,17,P,P,P,S,-68.3,157.8
1JVR,A,18,P,P,P,S,-78.0,-54.1
1JVR,A,19,P,P,P,S,163.0,-52.5
6EF2,J,00,P,P,P,S,-94.4,-178.1
2DBW,C,00,P,P,P,S,-101.8,149.9
4A67,A,00,P,P,P,S,-65.6,-24.5
4KUX,D,00,P,P,P,S,-135.5,157.0
5IMP,C,00,P,P,P,S,-146.4,147.3
4F3J,A,00,P,P,P,S,-120.8,167.0
3PXJ,D,00,P,P,P,S,-88.4,156.5
5L7U,B,00,P,P,P,S,-54.4,-24.2
2DG5,A,00,P,P,P,S,-102.4,150.1
1V6V,A,00,P,P,P,S,-111.5,63.7
1HT6,A,00,P,P,P,S,-99.0,168.1
3WN6,A,00,P,P,P,S,-78.4,157.3
2OXM,A,00,P,P,P,S,-48.2,-39.3
1UDH,A,00,P,P,P,S,-61.2,-45.4
2DBU,A,00,P,P,P,S,-97.9,148.9
4B73,B,00,P,P,P,S,-156.2,178.2
1L2Y,A,00,P,P,P,S,-78.1,360.0
1L2Y,A,01,P,P,P,S,-94.0,360.0
1L2Y,A,02,P,P,P,S,-127.1,360.0
1L2Y,A,03,P,P,P,S,-82.9,360.0
1L2Y,A,04,P,P,P,S,70.9,360.0
1L2Y,A,05,P,P,P,S,60.3,360.0
1L2Y,A,06,P,P,P,S,-95.3,360.0
1L2Y,A,07,P,P,P,S,-139.3,360.0
1L2Y,A,08,P,P,P,S,-146.1,360.0
1L2Y,A,09,P,P,P,S,-136.7,360.0
1L2Y,A,10,P,P,P,S,-133.8,360.0
1L2Y,A,11,P,P,P,S,-153.9,360.0
1L2Y,A,12,P,P,P,S,-103.8,360.0
1L2Y,A,13,P,P,P,S,77.6,360.0
1L2Y,A,14,P,P,P,S,-135.8,360.0
1L2Y,A,15,P,P,P,S,71.7,360.0
1L2Y,A,16,P,P,P,S,-88.1,360.0
1L2Y,A,17,P,P,P,S,-145.4,360.0
1L2Y,A,18,P,P,P,S,80.8,360.0
1L2Y,A,19,P,P,P,S,-121.1,360.0
1L2Y,A,20,P,P,P,S,-93.3,360.0
1L2Y,A,21,P,P,P,S,-89.1,360.0
1L2Y,A,22,P,P,P,S,-87.5,360.0
1L2Y,A,23,P,P,P,S,-147.4,360.0
1L2Y,A,24,P,P,P,S,58.2,360.0
1L2Y,A,25,P,P,P,S,-161.0,360.0
1L2Y,A,26,P,P,P,S,-147.7,360.0
1L2Y,A,27,P,P,P,S,-134.4,360.0
1L2Y,A,28,P,P,P,S,-122.9,360.0
1L2Y,A,29,P,P,P,S,-70.4,360.0
1L2Y,A,30,P,P,P,S,-131.8,360.0
1L2Y,A,31,P,P,P,S,59.3,360.0
1L2Y,A,32,P,P,P,S,-131.1,360.0
1L2Y,A,33,P,P,P,S,-136.7,360.0
1L2Y,A,34,P,P,P,S,-157.8,360.0
1L2Y,A,35,P,P,P,S,-81.2,360.0
1L2Y,A,36,P,P,P,S,-137.5,360.0
1L2Y,A,37,P,P,P,S,-148.3,360.0
2D29,B,00,P,P,P,S,-159.0,160.6
3BJG,A,00,P,P,P,S,-61.5,159.1
5E4F,B,00,P,P,P,S,-164.7,-176.8
4CCD,A,00,P,P,P,S,-61.0,158.5
3ZR5,A,00,P,P,P,S,-66.8,168.8
5IMN,C,00,P,P,P,S,-116.2,154.3
5IVG,A,00,P,P,P,S,-128.6,148.9
3UC7,C,00,P,P,P,S,-89.2,-28.8
2PNL,I,00,P,P,P,S,-64.5,-24.2
1RP9,A,00,P,P,P,S,-96.2,170.8
4QAR,A,00,P,P,P,S,-98.3,157.2
3BNX,C,00,P,P,P,S,-145.3,145.7
5AYR,C,00,P,P,P,S,-67.2,-39.5
3QS9,C,00,P,P,P,S,-62.2,-25.5
5K6X,A,00,P,P,P,S,-84.5,151.3
2PNL,E,00,P,P,P,S,-57.8,-32.1
1WIW,B,00,P,P,P,S,-86.3,75.4
4GH7,D,00,P,P,P,S,40.0,68.0
5ACI,A,00,P,P,P,S,-73.5,159.9
2Z8K,A,00,P,P,P,S,-102.6,148.7
2OA6,D,00,P,P,P,S,-137.0,151.6
1RIJ,A,00,P,P,P,S,-61.7,360.0
1RIJ,A,01,P,P,P,S,63.0,360.0
1RIJ,A,02,P,P,P,S,-153.9,360.0
1RIJ,A,03,P,P,P,S,-78.7,360.0
1RIJ,A,04,P,P,P,S,-156.2,360.0
1RIJ,A,05,P,P,P,S,-160.9,360.0
1RIJ,A,06,P,P,P,S,-161.8,360.0
1RIJ,A,07,P,P,P,S,-150.5,360.0
1RIJ,A,08,P,P,P,S,-75.6,360.0
1RIJ,A,09,P,P,P,S,-77.0,360.0
1RIJ,A,10,P,P,P,S,-122.6,360.0
1RIJ,A,11,P,P,P,S,-134.4,360.0
1RIJ,A,12,P,P,P,S,-143.6,360.0
1RIJ,A,13,P,P,P,S,-113.1,360.0
1RIJ,A,14,P,P,P,S,-156.9,360.0
1RIJ,A,15,P,P,P,S,-150.7,360.0
1RIJ,A,16,P,P,P,S,-164.2,360.0
1RIJ,A,17,P,P,P,S,-156.2,360.0
1RIJ,A,18,P,P,P,S,75.9,360.0
1RIJ,A,19,P,P,P,S,-143.4,360.0
1RIJ,A,20,P,P,P,S,-156.6,360.0
1RIJ,A,21,P,P,P,S,-150.5,360.0
1RIJ,A,22,P,P,P,S,-77.1,360.0
1RIJ,A,23,P,P,P,S,-75.7,360.0
1RIJ,A,24,P,P,P,S,-59.0,360.0
1RIJ,A,25,P,P,P,S,69.4,360.0
1RIJ,A,26,P,P,P,S,-91.9,360.0
1RIJ,A,27,P,P,P,S,-81.8,360.0
1RIJ,A,28,P,P,P,S,-113.0,360.0
1RIJ,A,29,P,P,P,S,-73.9,360.0
2QPU,A,00,P,P,P,S,-91.1,169.4
3SSN,B,00,P,P,P,S,-123.1,15.9
1OW0,B,00,P,P,P,S,-45.1,-40.7
4HV7,X,00,P,P,P,S,-118.9,108.6
6O82,A,00,P,P,P,S,-59.5,-25.8
5L59,B,00,P,P,P,S,-50.5,-48.6
4YMR,B,00,P,P,P,S,-88.9,163.5
3E03,C,00,P,P,P,S,-145.6,144.8
3GFH,B,00,P,P,P,S,-66.4,171.1
4OJQ,B,00,P,P,P,S,-163.9,-179.4
3CKE,D,00,P,P,P,S,-142.4,138.2
3RG8,E,00,P,P,P,S,-134.1,144.9
5L7U,A,00,P,P,P,S,-54.6,-23.1
5N05,A,00,P,P,P,S,-75.5,162.4
4AKO,A,00,P,P,P,S,-59.9,-23.4
2E4O,B,00,P,P,P,S,-145.5,150.9
5JB1,F,00,P,P,P,S,-106.0,-164.8
3PXJ,B,00,P,P,P,S,-84.6,153.8
5UX4,A,00,P,P,P,S,-73.1,-45.7
3KQL,B,00,P,P,P,S,-159.6,-168.3
4II3,A,00,P,P,P,S,-55.0,-41.7
2WE0,A,00,P,P,P,S,-87.6,141.3
1KI0,A,00,P,P,P,S,-65.3,135.0
4YVU,A,00,P,P,P,S,-56.5,-29.2
5XQJ,E,00,P,P,P,S,-73.1,4.4
6DU5,A,00,P,P,P,S,-90.2,-9.0
3BNY,B,00,P,P,P,S,-137.3,150.4
5YS2,B,00,P,P,P,S,-83.3,162.1
3SSM,A,00,P,P,P,S,-114.6,-3.1
3SSN,A,00,P,P,P,S,-120.0,-0.7
3SSO,F,00,P,P,P,S,-112.5,-4.9
4QAT,B,00,P,P,P,S,-97.5,166.9
2QZY,B,00,P,P,P,S,-77.0,-3.3
5NLQ,A,00,P,P,P,S,-67.7,158.8
4LGS,A,00,P,P,P,S,-51.0,-33.7
5IMP,D,00,P,P,P,S,-134.0,148.1
1F32,A,00,P,P,P,S,-59.7,-27.3
4B6F,A,00,P,P,P,S,-159.3,-175.8
5XQJ,F,00,P,P,P,S,-81.4,7.1
3QS9,B,00,P,P,P,S,-61.9,-25.2
3WHQ,A,00,P,P,P,S,-89.7,145.0
4A66,A,00,P,P,P,S,-53.2,-27.3
5UM6,A,00,P,P,P,S,-71.2,-26.6
4KUX,B,00,P,P,P,S,-140.5,143.2
1ETE,A,00,P,P,P,S,-63.7,-23.3
2BSY,A,00,P,P,P,S,-91.4,131.5
2V36,C,00,P,P,P,S,-81.5,136.0
4A92,A,00,P,P,P,S,-166.0,174.1
4KVD,C,00,P,P,P,S,-130.8,143.0
2QEJ,B,00,P,P,P,S,-43.8,-42.9
4YMR,A,00,P,P,P,S,-106.2,165.4
1BOU,D,00,P,P,P,S,-85.6,156.0
5ZKB,A,00,P,P,P,S,-97.6,77.2
2E0X,A,00,P,P,P,S,-67.8,129.1
2X87,A,00,P,P,P,S,-57.0,-28.8
2LUG,A,00,P,P,P,S,-68.7,144.2
2LUG,A,01,P,P,P,S,-95.8,130.0
2LUG,A,02,P,P,P,S,-82.6,165.0
2LUG,A,03,P,P,P,S,-80.0,170.1
2LUG,A,04,P,P,P,S,-73.5,155.2
2LUG,A,05,P,P,P,S,-60.0,148.3
2LUG,A,06,P,P,P,S,-75.1,151.1
2LUG,A,07,P,P,P,S,-75.1,166.7
2LUG,A,08,P,P,P,S,-77.7,170.0
2LUG,A,09,P,P,P,S,-63.5,131.6
2OG7,A,00,P,P,P,S,-59.2,-23.1
5NLR,A,00,P,P,P,S,-84.9,164.9
1EJ6,A,00,P,P,P,S,-89.4,-38.3
4KVY,D,00,P,P,P,S,-132.3,155.3
1UFO,A,00,P,P,P,S,-113.4,133.9
3RG8,A,00,P,P,P,S,-153.0,143.4
2CX9,D,00,P,P,P,S,-137.3,131.6
1LYB,D,00,P,P,P,S,-70.6,-37.2
1ISX,A,00,P,P,P,S,-116.8,72.6
2LL5,A,00,P,P,P,S,-113.0,84.8
2LL5,A,01,P,P,P,S,-104.9,82.4
2LL5,A,02,P,P,P,S,-98.2,77.7
2LL5,A,03,P,P,P,S,-69.4,178.1
2LL5,A,04,P,P,P,S,-77.3,-173.7
2LL5,A,05,P,P,P,S,-86.0,78.1
2LL5,A,06,P,P,P,S,-72.6,-171.6
2LL5,A,07,P,P,P,S,-106.4,82.8
2LL5,A,08,P,P,P,S,-87.8,77.0
2LL5,A,09,P,P,P,S,-112.0,80.7
2LL5,A,10,P,P,P,S,-91.4,79.6
2LL5,A,11,P,P,P,S,-110.4,51.4
2LL5,A,12,P,P,P,S,-87.3,73.5
2LL5,A,13,P,P,P,S,-71.1,-178.6
2LL5,A,14,P,P,P,S,-85.9,82.7
2LL5,A,15,P,P,P,S,-101.8,44.8
2LL5,A,16,P,P,P,S,-75.7,-172.6
2LL5,A,17,P,P,P,S,-91.2,81.4
2LL5,A,18,P,P,P,S,-99.5,59.2
2LL5,A,19,P,P,P,S,-106.4,48.4
2LL5,A,20,P,P,P,S,-68.3,175.8
2LL5,A,21,P,P,P,S,47.3,-159.7
2LL5,A,22,P,P,P,S,-99.9,55.3
2LL5,A,23,P,P,P,S,-104.8,44.0
2LL5,A,24,P,P,P,S,-100.0,82.0
2LL5,A,25,P,P,P,S,-84.8,58.4
2LL5,A,26,P,P,P,S,-115.7,28.8
2LL5,A,27,P,P,P,S,-71.9,-178.5
2LL5,A,28,P,P,P,S,-71.2,-177.0
2LL5,A,29,P,P,P,S,-95.5,79.0
2LL5,A,30,P,P,P,S,-86.8,63.9
2LL5,A,31,P,P,P,S,-69.1,174.1
2LL5,A,32,P,P,P,S,-89.1,79.0
5NLP,A,00,P,P,P,S,-78.8,163.4
4A5T,S,00,P,P,P,S,-50.3,111.3
4CR2,J,00,P,P,P,S,-126.7,166.7
2ZJO,A,00,P,P,P,S,-164.5,167.3
4KVI,B,00,P,P,P,S,-136.7,148.6
3EGD,A,00,P,P,P,S,178.4,171.6
2V36,A,00,P,P,P,S,-79.8,136.4
6CWG,C,00,P,P,P,S,-72.9,360.0
2X88,A,00,P,P,P,S,-62.5,-22.9
4KVW,A,00,P,P,P,S,-132.1,146.8
3QS7,B,00,P,P,P,S,-60.1,-28.7
1ISV,A,00,P,P,P,S,-86.4,63.5
4WXR,A,00,P,P,P,S,-155.9,167.0
4KVY,C,00,P,P,P,S,-134.9,145.4
5IMP,A,00,P,P,P,S,-131.9,150.2
3DZ1,A,00,P,P,P,S,-87.2,-18.8
5KYN,A,00,P,P,P,S,-137.0,114.2
5B5T,A,00,P,P,P,S,-93.3,144.1
4HUP,X,00,P,P,P,S,-70.0,75.0
2PNL,F,00,P,P,P,S,-55.9,-39.5
1P6W,A,00,P,P,P,S,-84.2,165.3
4QAT,A,00,P,P,P,S,-95.6,157.2
4F1N,B,00,P,P,P,S,61.2,64.0
4CR4,J,00,P,P,P,S,-137.4,172.0
5XQJ,H,00,P,P,P,S,-68.6,-25.5
1GSK,A,00,P,P,P,S,-65.0,-17.7
5YS2,E,00,P,P,P,S,-112.8,173.0
5NPA,A,00,P,P,P,S,-133.1,151.4
5NPA,A,01,P,P,P,S,-104.5,125.1
5NPA,A,02,P,P,P,S,-127.7,160.1
5NPA,A,03,P,P,P,S,-129.8,163.5
5NPA,A,04,P,P,P,S,-153.4,141.7
5NPA,A,05,P,P,P,S,-124.4,155.8
5NPA,A,06,P,P,P,S,-141.0,174.2
5NPA,A,07,P,P,P,S,-122.4,154.0
5NPA,A,08,P,P,P,S,-105.5,117.0
5NPA,A,09,P,P,P,S,-105.9,120.5
2LDJ,A,00,P,P,P,S,-93.9,360.0
2YD1,A,00,P,P,P,S,-99.8,151.9
5NLO,A,00,P,P,P,S,-68.7,158.3
5Y9B,A,00,P,P,P,S,-91.7,142.3
4JA0,D,00,P,P,P,S,-174.6,152.5
5IVG,B,00,P,P,P,S,-131.1,144.5
2OA6,B,00,P,P,P,S,-146.3,139.1
3CKE,C,00,P,P,P,S,-132.8,149.5
5Y7O,B,00,P,P,P,S,-63.7,-10.2
4INQ,A,00,P,P,P,S,156.6,-37.0
4DUU,A,00,P,P,P,S,-70.9,128.9
4F1N,A,00,P,P,P,S,-91.9,33.4
6QZO,A,00,P,P,P,S,-65.2,-36.8
2PNL,D,00,P,P,P,S,-53.3,-47.4
3SSO,A,00,P,P,P,S,-109.2,-6.7
3RGG,A,00,P,P,P,S,-153.4,143.1
2GEE,A,00,P,P,P,S,53.0,42.5
5YS2,C,00,P,P,P,S,-73.4,160.3
6D37,A,00,P,P,P,S,-114.6,360.0
6D37,A,01,P,P,P,S,-119.5,360.0
6D37,A,02,P,P,P,S,-147.2,360.0
6D37,A,03,P,P,P,S,-103.3,360.0
6D37,A,04,P,P,P,S,-136.0,360.0
6D37,A,05,P,P,P,S,-114.1,360.0
6D37,A,06,P,P,P,S,-134.1,360.0
6D37,A,07,P,P,P,S,-145.9,360.0
6D37,A,08,P,P,P,S,-154.7,360.0
6D37,A,09,P,P,P,S,-148.5,360.0
6D37,A,10,P,P,P,S,-156.3,360.0
6D37,A,11,P,P,P,S,-140.3,360.0
6D37,A,12,P,P,P,S,-159.3,360.0
6D37,A,13,P,P,P,S,-153.1,360.0
6D37,A,14,P,P,P,S,-156.9,360.0
6D37,A,15,P,P,P,S,-130.1,360.0
6D37,A,16,P,P,P,S,-139.0,360.0
6D37,A,17,P,P,P,S,-134.1,360.0
6D37,A,18,P,P,P,S,-147.2,360.0
6D37,A,19,P,P,P,S,-130.7,360.0
6D37,A,20,P,P,P,S,-147.6,360.0
6D37,A,21,P,P,P,S,-148.1,360.0
6D37,A,22,P,P,P,S,-143.4,360.0
6D37,A,23,P,P,P,S,-135.7,360.0
6D37,A,24,P,P,P,S,-94.7,360.0
6D37,A,25,P,P,P,S,-148.9,360.0
6D37,A,26,P,P,P,S,-144.2,360.0
6D37,A,27,P,P,P,S,-113.0,360.0
6D37,A,28,P,P,P,S,-140.9,360.0
6D37,A,29,P,P,P,S,-149.2,360.0
6D37,A,30,P,P,P,S,-137.7,360.0
6D37,A,31,P,P,P,S,-127.2,360.0
3BSG,A,00,P,P,P,S,-82.8,164.4
4IC4,A,00,P,P,P,S,75.6,10.6
5ZLJ,A,00,P,P,P,S,-54.9,-26.8
5OU5,D,00,P,P,P,S,-81.5,-31.6
5XQG,B,00,P,P,P,S,-82.1,0.1
5IMN,B,00,P,P,P,S,-134.3,144.9
2SSP,E,00,P,P,P,S,-52.5,-46.5
5AYS,A,00,P,P,P,S,-65.2,-49.4
5XQG,A,00,P,P,P,S,-72.5,-11.7
5YS2,F,00,P,P,P,S,-92.0,178.6
1Q3F,A,00,P,P,P,S,-56.8,-44.4
3E03,B,00,P,P,P,S,-145.1,144.0
4OK5,A,00,P,P,P,S,-164.0,177.7
2E4O,D,00,P,P,P,S,-137.1,141.9
2OA6,C,00,P,P,P,S,-140.1,142.1
3QS9,A,00,P,P,P,S,-62.3,-25.3
1UDG,A,00,P,P,P,S,-59.9,-44.2
6EF0,J,00,P,P,P,S,-100.4,168.6
2QPU,B,00,P,P,P,S,-92.2,168.1
5L59,A,00,P,P,P,S,-50.5,-48.6
1WS9,B,00,P,P,P,S,-147.7,169.4
5N47,F,00,P,P,P,S,60.3,41.3
5NXB,A,00,P,P,P,S,-63.9,157.9
3O8R,A,00,P,P,P,S,-154.7,-175.2
3GFH,A,00,P,P,P,S,-58.2,169.7
5IN8,C,00,P,P,P,S,-132.7,152.0
5YS6,A,00,P,P,P,S,-87.9,169.4
4OV6,G,00,P,P,P,S,-63.2,145.7
5CE6,A,00,P,P,P,S,-138.7,360.0
3RG8,H,00,P,P,P,S,-151.2,148.2
4L5N,A,00,P,P,P,S,-62.1,-44.4
3E03,A,00,P,P,P,S,-149.6,142.7
3SRP,A,00,P,P,P,S,-54.7,116.3
1UQ5,A,00,P,P,P,S,-55.9,-43.3
4OK3,A,00,P,P,P,S,-162.3,-172.5
4KUX,C,00,P,P,P,S,-143.9,143.4
6QZO,C,00,P,P,P,S,-64.7,-36.9
3I82,A,00,P,P,P,S,-85.4,179.2
1FSU,A,00,P,P,P,S,-73.5,-4.2
4B6F,B,00,P,P,P,S,-158.5,179.8
3SSM,B,00,P,P,P,S,-112.9,-10.2
5VNN,A,00,P,P,P,S,-175.2,175.8
2E0W,A,00,P,P,P,S,-70.7,129.8
5FPY,A,00,P,P,P,S,-164.5,174.1
2RS6,A,00,P,P,P,S,-75.8,-5.8
2RS6,A,01,P,P,P,S,-71.2,-11.9
2RS6,A,02,P,P,P,S,-115.0,4.9
2RS6,A,03,P,P,P,S,-72.4,-13.6
2RS6,A,04,P,P,P,S,-83.8,-1.2
2RS6,A,05,P,P,P,S,-146.2,151.2
2RS6,A,06,P,P,P,S,-161.6,163.9
2RS6,A,07,P,P,P,S,-82.4,-5.0
2RS6,A,08,P,P,P,S,-74.5,-3.5
2RS6,A,09,P,P,P,S,-170.5,162.3
2RS6,A,10,P,P,P,S,-78.0,-7.2
2RS6,A,11,P,P,P,S,-159.4,151.8
2RS6,A,12,P,P,P,S,-80.5,-3.9
2RS6,A,13,P,P,P,S,-168.5,179.9
2RS6,A,14,P,P,P,S,-166.7,165.6
2RS6,A,15,P,P,P,S,-89.6,-1.4
2RS6,A,16,P,P,P,S,-84.9,2.3
2RS6,A,17,P,P,P,S,-91.7,0.3
2RS6,A,18,P,P,P,S,-164.6,158.0
2RS6,A,19,P,P,P,S,-88.0,-5.3
5L7R,A,00,P,P,P,S,-62.7,-26.8
4OD9,B,00,P,P,P,S,-61.0,-51.6
3BNY,A,00,P,P,P,S,-146.5,148.4
1UFO,F,00,P,P,P,S,-117.3,125.5
3RG8,D,00,P,P,P,S,-144.3,140.7
2C56,A,00,P,P,P,S,-59.1,-44.2
2D29,A,00,P,P,P,S,-171.7,164.2
4B74,B,00,P,P,P,S,-154.1,-178.4
5XQJ,B,00,P,P,P,S,-67.3,-9.1
1FV1,F,00,P,P,P,S,68.5,360.0
3FCK,B,00,P,P,P,S,-59.5,-45.1
2Y0N,C,00,P,P,P,S,-62.2,-30.3
2Y0N,A,00,P,P,P,S,-60.3,-30.7
4OD9,D,00,P,P,P,S,-60.6,-41.5
5XLU,A,00,P,P,P,S,-93.4,145.7
4OV6,F,00,P,P,P,S,-53.8,-49.3
5AYR,A,00,P,P,P,S,-59.7,-48.4
5FPY,B,00,P,P,P,S,-165.4,176.7
2E4O,C,00,P,P,P,S,-141.7,141.9
3JD5,O,00,P,P,P,S,-113.1,38.1
1W0B,A,00,P,P,P,S,-163.8,-78.0
1W0B,A,01,P,P,P,S,-158.6,165.0
1W0B,A,02,P,P,P,S,-130.6,131.6
1W0B,A,03,P,P,P,S,-170.2,87.6
1W0B,A,04,P,P,P,S,-88.8,7.6
1W0B,A,05,P,P,P,S,-119.2,74.4
1W0B,A,06,P,P,P,S,-129.2,130.6
1W0B,A,07,P,P,P,S,-168.7,22.8
1W0B,A,08,P,P,P,S,-64.6,-63.2
1W0B,A,09,P,P,P,S,-177.7,174.9
1W0B,A,10,P,P,P,S,-124.7,-3.7
1W0B,A,11,P,P,P,S,-54.2,168.3
1W0B,A,12,P,P,P,S,80.6,-1.4
1W0B,A,13,P,P,P,S,-130.8,109.2
1W0B,A,14,P,P,P,S,85.9,-27.5
1W0B,A,15,P,P,P,S,-170.0,-42.4
1W0B,A,16,P,P,P,S,-168.8,-77.9
1W0B,A,17,P,P,P,S,54.6,67.2
1W0B,A,18,P,P,P,S,65.4,71.5
1W0B,A,19,P,P,P,S,-118.4,90.9
2WE2,A,00,P,P,P,S,-90.1,130.2
4OBZ,B,00,P,P,P,S,-62.9,-51.7
4OC6,B,00,P,P,P,S,-66.5,-50.1
5ACH,A,00,P,P,P,S,-61.9,161.3
3O8C,B,00,P,P,P,S,-166.0,179.7
2P35,B,00,P,P,P,S,-57.6,-32.6
3T1W,A,00,P,P,P,S,-132.5,100.2
5U0S,a,00,P,P,P,S,-38.3,-32.5
3UC7,E,00,P,P,P,S,-86.7,-22.6
5K9M,A,00,P,P,P,S,-142.2,159.9
6IW6,B,00,P,P,P,S,-65.4,158.6
2CYG,A,00,P,P,P,S,-62.1,-42.2
4LYL,E,00,P,P,P,S,-76.2,-34.0
3A75,A,00,P,P,P,S,-97.4,150.3
2Z8J,A,00,P,P,P,S,-87.8,147.9
3UC8,C,00,P,P,P,S,-78.8,-37.5
4LYL,I,00,P,P,P,S,-70.1,-34.7
1V6X,A,00,P,P,P,S,-77.6,75.6
5E4F,A,00,P,P,P,S,-165.3,-175.8
3QS9,D,00,P,P,P,S,-61.9,-25.2
5C5D,C,00,P,P,P,S,-152.6,144.5
2C53,A,00,P,P,P,S,-68.4,-38.6
3H0G,M,00,P,P,P,S,-38.3,-32.6
3A75,C,00,P,P,P,S,-98.4,144.1
1ISW,A,00,P,P,P,S,-115.8,76.2
5K70,C,00,P,P,P,S,-90.0,152.8
4UFI,A,00,P,P,P,S,-63.9,161.0
3ZDW,A,00,P,P,P,S,-58.8,-30.5
4YVN,A,00,P,P,P,S,-45.5,-34.1
4KVW,D,00,P,P,P,S,-129.6,152.2
3PXJ,C,00,P,P,P,S,-81.0,148.2
4QFB,A,00,P,P,P,S,-98.1,154.2
1V31,A,00,P,P,P,S,-118.8,111.9
1V31,A,01,P,P,P,S,-143.8,-57.2
1V31,A,02,P,P,P,S,-77.3,135.1
1V31,A,03,P,P,P,S,-41.3,129.9
1V31,A,04,P,P,P,S,68.3,66.0
1V31,A,05,P,P,P,S,-171.6,104.3
1V31,A,06,P,P,P,S,-147.1,-62.7
1V31,A,07,P,P,P,S,60.0,90.7
1V31,A,08,P,P,P,S,173.6,132.2
1V31,A,09,P,P,P,S,-135.4,-67.6
1V31,A,10,P,P,P,S,-112.5,93.1
1V31,A,11,P,P,P,S,-109.3,-57.6
1V31,A,12,P,P,P,S,54.3,104.1
1V31,A,13,P,P,P,S,-129.2,133.3
1V31,A,14,P,P,P,S,-160.9,104.4
1V31,A,15,P,P,P,S,-76.8,83.2
1V31,A,16,P,P,P,S,-165.7,67.4
1V31,A,17,P,P,P,S,-179.5,69.3
1V31,A,18,P,P,P,S,179.0,77.4
1V31,A,19,P,P,P,S,178.8,119.2
3RG8,G,00,P,P,P,S,-152.8,143.2
5ZVS,2,00,P,P,P,S,-71.8,-26.0
3BNX,D,00,P,P,P,S,-133.8,140.6
4SKN,E,00,P,P,P,S,-53.4,-39.8
6IW6,A,00,P,P,P,S,-75.1,156.4
5BOZ,B,00,P,P,P,S,169.3,360.0
4OK6,A,00,P,P,P,S,-152.9,174.9
2F55,B,00,P,P,P,S,166.3,162.9
3ZR6,A,00,P,P,P,S,-67.4,149.2
3UC7,D,00,P,P,P,S,-86.1,-33.5
5C5D,A,00,P,P,P,S,-151.9,145.2
2Z8K,C,00,P,P,P,S,-98.5,150.3
5CEF,B,00,P,P,P,S,-77.8,164.7
1V6U,A,00,P,P,P,S,-41.0,105.5
1V6V,B,00,P,P,P,S,-56.2,107.2
5K70,A,00,P,P,P,S,-85.4,151.2
3O8B,B,00,P,P,P,S,-158.8,176.1
3UC7,A,00,P,P,P,S,-87.5,-26.8
2PNL,A,00,P,P,P,S,-63.1,-35.4
3QS7,C,00,P,P,P,S,-59.1,-30.8
4HSP,A,00,P,P,P,S,-63.1,-11.3
2CX9,A,00,P,P,P,S,-76.5,130.0
1MWO,A,00,P,P,P,S,-83.1,155.1
4QAR,B,00,P,P,P,S,-94.6,166.3
1ETE,D,00,P,P,P,S,-71.9,-31.5
1V6W,A,00,P,P,P,S,-137.3,111.5
4CCE,A,00,P,P,P,S,-60.6,156.8
5XQ3,A,00,P,P,P,S,-81.3,13.5
4JA0,B,00,P,P,P,S,-174.7,151.3
3WN6,B,00,P,P,P,S,-79.6,158.0
3SSO,B,00,P,P,P,S,-112.4,-1.0
1QOR,B,00,P,P,P,S,-167.5,165.7
4LYL,K,00,P,P,P,S,-66.0,-31.1
1ETE,C,00,P,P,P,S,-57.4,-35.1
3EZS,A,00,P,P,P,S,-82.1,150.4
4MX5,X,00,P,P,P,S,-59.4,107.5
5ZLM,A,00,P,P,P,S,-57.7,-23.4
4B71,A,00,P,P,P,S,-160.2,-178.8
6QZO,E,00,P,P,P,S,-64.2,-37.0
1MXG,A,00,P,P,P,S,-85.4,156.5
5L56,A,00,P,P,P,S,-50.6,-48.5
5JK7,D,00,P,P,P,S,-52.2,-43.8
4Y23,A,00,P,P,P,S,-96.1,145.7
4KVI,D,00,P,P,P,S,-131.5,155.1
2FAH,B,00,P,P,P,S,-76.4,-5.6
1B4U,B,00,P,P,P,S,-63.3,160.8
1K30,A,00,P,P,P,S,-161.9,143.9
5YS2,A,00,P,P,P,S,-108.2,161.3
6GDZ,A,00,P,P,P,S,-145.3,360.0
6GDZ,A,01,P,P,P,S,50.3,360.0
6GDZ,A,02,P,P,P,S,46.9,360.0
6GDZ,A,03,P,P,P,S,-69.0,360.0
6GDZ,A,04,P,P,P,S,-145.1,360.0
6GDZ,A,05,P,P,P,S,-78.1,360.0
6GDZ,A,06,P,P,P,S,-54.9,360.0
6GDZ,A,07,P,P,P,S,-83.5,360.0
6GDZ,A,08,P,P,P,S,-157.4,360.0
6GDZ,A,09,P,P,P,S,-166.2,360.0
5MMI,Z,00,P,P,P,S,-58.0,-80.5
2Y0N,D,00,P,P,P,S,-61.5,-30.3
3LAF,A,00,P,P,P,S,-105.0,145.9
5XQG,G,00,P,P,P,S,-85.9,0.4
4NN0,C,00,P,P,P,S,-128.9,13.7
3SSM,D,00,P,P,P,S,-112.2,-10.5
6AH0,2,00,P,P,P,S,-96.4,1.9
4CCC,A,00,P,P,P,S,-56.6,152.0
3O8C,A,00,P,P,P,S,-160.5,174.1
3RG8,B,00,P,P,P,S,-159.5,140.3
1LYW,F,00,P,P,P,S,-49.5,-37.2
3WHR,A,00,P,P,P,S,-90.5,146.2
2KNO,A,00,P,P,P,S,-134.4,-43.2
2KNO,A,01,P,P,P,S,-104.9,-19.8
2KNO,A,02,P,P,P,S,-114.3,-42.7
2KNO,A,03,P,P,P,S,-118.6,-22.3
2KNO,A,04,P,P,P,S,-103.1,-43.9
2KNO,A,05,P,P,P,S,-115.4,-37.8
2KNO,A,06,P,P,P,S,-137.6,-18.0
2KNO,A,07,P,P,P,S,-132.4,-11.1
2KNO,A,08,P,P,P,S,-133.4,1.3
2KNO,A,09,P,P,P,S,-151.7,-13.4
2KNO,A,10,P,P,P,S,-123.2,-7.1
2KNO,A,11,P,P,P,S,-119.7,-8.3
2KNO,A,12,P,P,P,S,-118.6,-19.0
2KNO,A,13,P,P,P,S,-119.1,-42.2
2KNO,A,14,P,P,P,S,-110.8,-32.4
2KNO,A,15,P,P,P,S,-110.6,-27.6
2KNO,A,16,P,P,P,S,-143.5,-15.3
2KNO,A,17,P,P,P,S,-160.8,111.7
2KNO,A,18,P,P,P,S,-116.7,-9.1
2KNO,A,19,P,P,P,S,-130.1,-37.3
4DUR,B,00,P,P,P,S,-59.8,132.6
5AOO,B,00,P,P,P,S,64.8,21.4
5XX0,B,00,P,P,P,S,-73.8,155.4
5MP9,J,00,P,P,P,S,-76.7,174.9
5XX0,A,00,P,P,P,S,-83.9,141.2
3KQL,A,00,P,P,P,S,-149.6,-162.1
4B71,B,00,P,P,P,S,-148.8,-174.0
4KVI,C,00,P,P,P,S,-136.3,142.6
3BNX,B,00,P,P,P,S,-136.6,145.0
2M7D,A,00,P,P,P,S,-110.0,360.0
2M7D,A,01,P,P,P,S,-160.9,360.0
2M7D,A,02,P,P,P,S,-91.4,360.0
2M7D,A,03,P,P,P,S,-136.2,360.0
2M7D,A,04,P,P,P,S,-77.0,360.0
2M7D,A,05,P,P,P,S,-120.8,360.0
2M7D,A,06,P,P,P,S,-153.9,360.0
2M7D,A,07,P,P,P,S,-86.4,360.0
2M7D,A,08,P,P,P,S,-162.1,360.0
2M7D,A,09,P,P,P,S,-78.6,360.0
2M7D,A,10,P,P,P,S,-142.9,360.0
2M7D,A,11,P,P,P,S,-88.9,360.0
2M7D,A,12,P,P,P,S,-159.1,360.0
2M7D,A,13,P,P,P,S,-140.5,360.0
2M7D,A,14,P,P,P,S,-158.4,360.0
2M7D,A,15,P,P,P,S,-147.8,360.0
2M7D,A,16,P,P,P,S,-136.9,360.0
2M7D,A,17,P,P,P,S,-123.3,360.0
2M7D,A,18,P,P,P,S,-154.6,360.0
2M7D,A,19,P,P,P,S,-134.2,360.0
2M7D,A,20,P,P,P,S,-158.2,360.0
2M7D,A,21,P,P,P,S,-131.9,360.0
2M7D,A,22,P,P,P,S,-133.9,360.0
2M7D,A,23,P,P,P,S,-161.3,360.0
2M7D,A,24,P,P,P,S,-82.8,360.0
2M7D,A,25,P,P,P,S,-101.3,360.0
2M7D,A,26,P,P,P,S,-161.0,360.0
2M7D,A,27,P,P,P,S,-167.0,360.0
2M7D,A,28,P,P,P,S,-132.4,360.0
2M7D,A,29,P,P,P,S,-82.2,360.0
3UC7,F,00,P,P,P,S,-74.2,-37.0
5VNM,A,00,P,P,P,S,-170.7,145.9
1V6U,B,00,P,P,P,S,-67.1,114.5
5ZLL,A,00,P,P,P,S,-47.8,-36.0
1UFO,B,00,P,P,P,S,-109.8,127.2
3WEN,A,00,P,P,P,S,-92.7,163.6
2CX9,C,00,P,P,P,S,-69.7,127.0
3O8D,A,00,P,P,P,S,-152.3,173.4
4WXR,B,00,P,P,P,S,-150.2,173.9
5IMN,D,00,P,P,P,S,-127.6,159.0
5IMI,B,00,P,P,P,S,-133.4,146.8
5AYS,B,00,P,P,P,S,-64.6,-47.3
1C1Z,A,00,P,P,P,S,-90.5,156.7
4OBZ,D,00,P,P,P,S,-62.7,-51.4
5B5T,C,00,P,P,P,S,-90.1,144.6
5LVC,b,00,P,P,P,S,66.7,15.9
4WXP,A,00,P,P,P,S,-154.5,-177.9
6O83,C,00,P,P,P,S,-66.5,-1.4
2MJ9,A,00,P,P,P,S,-86.4,360.0
2MJ9,A,01,P,P,P,S,-133.8,360.0
2MJ9,A,02,P,P,P,S,-65.4,360.0
2MJ9,A,03,P,P,P,S,-144.7,360.0
2MJ9,A,04,P,P,P,S,56.6,360.0
2MJ9,A,05,P,P,P,S,-93.1,360.0
2MJ9,A,06,P,P,P,S,-148.7,360.0
2MJ9,A,07,P,P,P,S,-85.8,360.0
2MJ9,A,08,P,P,P,S,-169.0,360.0
2MJ9,A,09,P,P,P,S,-70.8,360.0
3SSM,C,00,P,P,P,S,-123.9,-0.4
1EMJ,A,00,P,P,P,S,-64.1,-42.8
4B75,B,00,P,P,P,S,-166.9,-176.6
5IMI,A,00,P,P,P,S,-123.7,154.7
3RG8,C,00,P,P,P,S,-142.0,142.7
2VC4,A,00,P,P,P,S,-49.7,-45.7
4KVW,C,00,P,P,P,S,-137.1,149.3
1WS9,A,00,P,P,P,S,-177.9,170.1
2FAH,A,00,P,P,P,S,-77.6,-4.4
1LYB,B,00,P,P,P,S,-70.6,-51.8
3CKE,A,00,P,P,P,S,-147.6,146.1
2PNM,A,00,P,P,P,S,-53.7,-40.1
5H1S,Z,00,P,P,P,S,-60.6,138.0
2FAF,A,00,P,P,P,S,-87.4,-2.6
4JA0,C,00,P,P,P,S,-174.3,148.7
4UFK,A,00,P,P,P,S,-63.3,159.4
1W8E,A,00,P,P,P,S,-63.8,-26.0
3SSO,D,00,P,P,P,S,-110.5,-7.2
2L3J,A,00,P,P,P,S,-143.8,11.0
2L3J,A,01,P,P,P,S,-148.9,176.2
2L3J,A,02,P,P,P,S,-144.6,24.1
2L3J,A,03,P,P,P,S,45.3,32.5
2L3J,A,04,P,P,P,S,-147.2,9.0
2L3J,A,05,P,P,P,S,-148.0,171.6
2L3J,A,06,P,P,P,S,-134.1,16.5
2L3J,A,07,P,P,P,S,-150.8,174.1
2L3J,A,08,P,P,P,S,-145.6,19.1
2L3J,A,09,P,P,P,S,-147.5,-175.9
2L3J,A,10,P,P,P,S,-156.5,176.1
2L3J,A,11,P,P,P,S,-61.7,169.7
2L3J,A,12,P,P,P,S,-150.6,1.7
2L3J,A,13,P,P,P,S,-149.8,8.1
2L3J,A,14,P,P,P,S,-159.0,167.9
2L3J,A,15,P,P,P,S,-151.7,172.1
2L3J,A,16,P,P,P,S,-123.1,23.4
2L3J,A,17,P,P,P,S,-63.5,-5.7
2L3J,A,18,P,P,P,S,-157.9,-22.9
2OG6,A,00,P,P,P,S,-59.3,-30.3
1ISY,B,00,P,P,P,S,-79.0,137.5
1CU1,A,00,P,P,P,S,-164.4,170.6
5XQG,H,00,P,P,P,S,-80.4,-3.7
3CKE,B,00,P,P,P,S,-135.6,142.3
3UC8,A,00,P,P,P,S,-91.9,-33.6
3RGG,B,00,P,P,P,S,-149.5,142.8
1LYW,H,00,P,P,P,S,-79.0,-26.8
4KWD,B,00,P,P,P,S,-140.4,146.3
5JXM,A,00,P,P,P,S,-140.1,155.3
1BOU,B,00,P,P,P,S,-75.8,159.0
5OU5,A,00,P,P,P,S,-82.8,-24.5
5YS2,D,00,P,P,P,S,-90.8,165.6
1JRJ,A,00,P,P,P,S,-124.1,360.0
1JRJ,A,01,P,P,P,S,-73.8,360.0
1JRJ,A,02,P,P,P,S,-119.1,360.0
1JRJ,A,03,P,P,P,S,-131.4,360.0
1JRJ,A,04,P,P,P,S,70.4,360.0
1JRJ,A,05,P,P,P,S,73.3,360.0
1JRJ,A,06,P,P,P,S,74.8,360.0
1JRJ,A,07,P,P,P,S,77.0,360.0
1JRJ,A,08,P,P,P,S,-147.2,360.0
1JRJ,A,09,P,P,P,S,-94.1,360.0
1JRJ,A,10,P,P,P,S,-103.7,360.0
1JRJ,A,11,P,P,P,S,-90.0,360.0
1JRJ,A,12,P,P,P,S,-92.2,360.0
1JRJ,A,13,P,P,P,S,-79.9,360.0
1JRJ,A,14,P,P,P,S,-134.2,360.0
1JRJ,A,15,P,P,P,S,76.8,360.0
1JRJ,A,16,P,P,P,S,-81.1,360.0
1JRJ,A,17,P,P,P,S,-120.8,360.0
1JRJ,A,18,P,P,P,S,-152.4,360.0
1JRJ,A,19,P,P,P,S,-115.5,360.0
1JRJ,A,20,P,P,P,S,-144.5,360.0
1JRJ,A,21,P,P,P,S,66.2,360.0
1JRJ,A,22,P,P,P,S,-78.5,360.0
1JRJ,A,23,P,P,P,S,-91.8,360.0
1JRJ,A,24,P,P,P,S,-78.3,360.0
1JRJ,A,25,P,P,P,S,-122.2,360.0
1JRJ,A,26,P,P,P,S,73.7,360.0
1JRJ,A,27,P,P,P,S,-83.2,360.0
1JRJ,A,28,P,P,P,S,-113.4,360.0
1JRJ,A,29,P,P,P,S,-151.1,360.0
1JRJ,A,30,P,P,P,S,-135.0,360.0
1JRJ,A,31,P,P,P,S,69.7,360.0
1JRJ,A,32,P,P,P,S,-81.9,360.0
1JRJ,A,33,P,P,P,S,-107.9,360.0
1JRJ,A,34,P,P,P,S,-98.0,360.0
1JRJ,A,35,P,P,P,S,-98.0,360.0
5NKW,A,00,P,P,P,S,-64.2,158.6
2E0W,B,00,P,P,P,S,-73.2,126.9
4A68,A,00,P,P,P,S,-61.2,-24.1
5XQG,F,00,P,P,P,S,-77.1,9.2
3QS7,A,00,P,P,P,S,-59.7,-29.3
4HUO,X,00,P,P,P,S,-43.1,94.2
2F55,A,00,P,P,P,S,-116.9,-173.2
5XQG,D,00,P,P,P,S,-82.6,5.0
3O8R,B,00,P,P,P,S,-168.6,170.7
4KVI,A,00,P,P,P,S,-133.5,144.6
5IMI,D,00,P,P,P,S,-129.0,161.1
2O9V,B,00,P,P,P,S,-77.4,360.0
5MLC,Z,00,P,P,P,S,63.1,80.9
2Y0N,B,00,P,P,P,S,-61.1,-29.4
2BT1,A,00,P,P,P,S,-114.4,139.8
1Q0R,A,00,P,P,P,S,-53.1,-29.5
4F12,A,00,P,P,P,S,-97.2,3.2
5L5C,A,00,P,P,P,S,-50.6,-48.5
1UGH,E,00,P,P,P,S,-53.1,-47.5
3KQU,B,00,P,P,P,S,-158.7,-174.5
5ZLK,A,00,P,P,P,S,-46.7,-34.8
5KNL,D,00,P,P,P,S,-70.6,-22.4
2E0Y,C,00,P,P,P,S,-84.7,137.6
3KQN,A,00,P,P,P,S,-147.4,-170.7
1HEI,A,00,P,P,P,S,-162.9,167.1
2PNL,J,00,P,P,P,S,-59.1,-31.4
3FCL,B,00,P,P,P,S,-54.7,-47.8
4LYL,G,00,P,P,P,S,-63.1,-44.1
5GKA,B,00,P,P,P,S,79.2,-1.8
3BSH,A,00,P,P,P,S,-68.9,166.8
3FCI,A,00,P,P,P,S,-63.0,-40.6
2EBN,A,00,P,P,P,S,-57.7,125.6
4B6E,A,00,P,P,P,S,-155.5,178.2
6O83,A,00,P,P,P,S,-64.0,-9.6
5IMP,B,00,P,P,P,S,-132.8,140.9
1B4U,D,00,P,P,P,S,-86.0,159.0
3H0G,A,00,P,P,P,S,-38.3,-32.6
5BOZ,F,00,P,P,P,S,-34.8,360.0
1ISV,B,00,P,P,P,S,-103.9,95.6
4OK5,B,00,P,P,P,S,-172.4,-174.6
3KQU,A,00,P,P,P,S,-158.7,-174.1
3UC8,B,00,P,P,P,S,-78.0,-36.1
5L7R,B,00,P,P,P,S,-58.6,-23.2
5J57,A,00,P,P,P,S,-90.6,136.8
5CEF,D,00,P,P,P,S,-76.4,166.7
2F55,C,00,P,P,P,S,-47.3,138.8
4KVY,A,00,P,P,P,S,-128.6,145.7
3PXJ,A,00,P,P,P,S,-87.9,155.3
1OKB,A,00,P,P,P,S,-63.7,-43.5
2KPY,A,00,P,P,P,S,-75.9,178.0
2KPY,A,01,P,P,P,S,-81.1,-42.3
2KPY,A,02,P,P,P,S,75.7,-67.8
2KPY,A,03,P,P,P,S,-143.4,166.4
2KPY,A,04,P,P,P,S,75.3,78.7
2KPY,A,05,P,P,P,S,52.2,86.5
2KPY,A,06,P,P,P,S,-57.4,-44.9
2KPY,A,07,P,P,P,S,60.3,31.8
2KPY,A,08,P,P,P,S,-99.4,175.5
2KPY,A,09,P,P,P,S,69.3,-75.7
2KPY,A,10,P,P,P,S,61.6,86.2
2KPY,A,11,P,P,P,S,-57.0,147.4
2KPY,A,12,P,P,P,S,-66.8,93.6
2KPY,A,13,P,P,P,S,-90.6,-27.9
2KPY,A,14,P,P,P,S,-90.9,52.6
2KPY,A,15,P,P,P,S,-109.1,123.1
2KPY,A,16,P,P,P,S,55.3,59.5
2KPY,A,17,P,P,P,S,71.1,-70.1
2KPY,A,18,P,P,P,S,61.8,167.5
2KPY,A,19,P,P,P,S,55.2,73.1
1LYW,D,00,P,P,P,S,-68.0,-61.6
2MDJ,A,00,P,P,P,S,-88.3,153.8
2MDJ,A,01,P,P,P,S,-89.9,151.6
2MDJ,A,02,P,P,P,S,-104.7,155.0
2MDJ,A,03,P,P,P,S,-102.6,155.3
2MDJ,A,04,P,P,P,S,-92.0,155.8
2MDJ,A,05,P,P,P,S,-89.3,156.6
2MDJ,A,06,P,P,P,S,-99.3,157.5
2MDJ,A,07,P,P,P,S,-94.4,158.5
2MDJ,A,08,P,P,P,S,-89.0,159.1
2MDJ,A,09,P,P,P,S,-102.8,155.4
2MDJ,A,10,P,P,P,S,-95.3,155.8
2MDJ,A,11,P,P,P,S,-88.8,160.5
2MDJ,A,12,P,P,P,S,-87.7,151.4
2MDJ,A,13,P,P,P,S,-88.5,159.1
2MDJ,A,14,P,P,P,S,-100.3,157.8
5ZS0,C,00,P,P,P,S,-78.2,161.3
3TKB,A,00,P,P,P,S,-64.6,-37.2
4LYL,C,00,P,P,P,S,-76.1,-28.7
2BHF,A,00,P,P,P,S,-52.6,-39.4
5XQJ,C,00,P,P,P,S,-71.5,-2.6
4KVW,B,00,P,P,P,S,-135.3,151.4
5N4K,A,00,P,P,P,S,-80.3,148.3
1SSP,E,00,P,P,P,S,-56.5,-47.0
4OTU,A,00,P,P,P,S,-103.9,146.1
4OKS,B,00,P,P,P,S,-157.1,-169.0
4Q8B,B,00,P,P,P,S,-54.7,-29.7
1RPK,A,00,P,P,P,S,-92.1,170.9
1UFO,E,00,P,P,P,S,-109.3,127.8
1OKB,B,00,P,P,P,S,-63.2,-43.6
3KQU,E,00,P,P,P,S,-158.2,-174.4
4B76,B,00,P,P,P,S,-156.5,-176.7
4QAQ,B,00,P,P,P,S,-100.4,164.9
5VNO,A,00,P,P,P,S,-166.3,144.0
1IL3,A,00,P,P,P,S,-6.1,76.4
2DBW,A,00,P,P,P,S,-104.1,150.2
4OK6,B,00,P,P,P,S,-147.3,-162.6
5Z5K,A,00,P,P,P,S,-92.7,142.5
5IMI,C,00,P,P,P,S,-140.2,157.2
4NN0,A,00,P,P,P,S,-119.7,22.6
2JOF,A,00,P,P,P,S,-79.2,360.0
2JOF,A,01,P,P,P,S,-84.4,360.0
2JOF,A,02,P,P,P,S,-153.5,360.0
2JOF,A,03,P,P,P,S,-140.2,360.0
2JOF,A,04,P,P,P,S,-90.7,360.0
2JOF,A,05,P,P,P,S,-145.6,360.0
2JOF,A,06,P,P,P,S,-149.2,360.0
2JOF,A,07,P,P,P,S,-82.9,360.0
2JOF,A,08,P,P,P,S,-141.2,360.0
2JOF,A,09,P,P,P,S,-144.0,360.0
2JOF,A,10,P,P,P,S,-85.6,360.0
2JOF,A,11,P,P,P,S,-146.4,360.0
2JOF,A,12,P,P,P,S,-145.8,360.0
2JOF,A,13,P,P,P,S,-146.1,360.0
2JOF,A,14,P,P,P,S,-166.8,360.0
2JOF,A,15,P,P,P,S,-149.8,360.0
2JOF,A,16,P,P,P,S,-87.8,360.0
2JOF,A,17,P,P,P,S,-66.7,360.0
2JOF,A,18,P,P,P,S,-121.3,360.0
2JOF,A,19,P,P,P,S,-126.2,360.0
2JOF,A,20,P,P,P,S,-128.5,360.0
2JOF,A,21,P,P,P,S,-141.6,360.0
2JOF,A,22,P,P,P,S,-118.3,360.0
2JOF,A,23,P,P,P,S,-111.3,360.0
2JOF,A,24,P,P,P,S,-86.3,360.0
2JOF,A,25,P,P,P,S,-76.6,360.0
2JOF,A,26,P,P,P,S,-78.5,360.0
2JOF,A,27,P,P,P,S,-132.9,360.0
6ESC,A,00,P,P,P,S,-91.9,170.5
5NIQ,A,00,P,P,P,S,-167.2,360.0
5NIQ,A,01,P,P,P,S,-131.6,360.0
5NIQ,A,02,P,P,P,S,-150.5,360.0
5NIQ,A,03,P,P,P,S,-79.0,360.0
5NIQ,A,04,P,P,P,S,-154.6,360.0
5NIQ,A,05,P,P,P,S,-148.3,360.0
5NIQ,A,06,P,P,P,S,-85.8,360.0
5NIQ,A,07,P,P,P,S,-146.3,360.0
5NIQ,A,08,P,P,P,S,-159.6,360.0
5NIQ,A,09,P,P,P,S,-167.2,360.0
2QPU,C,00,P,P,P,S,-90.9,166.9
2L6K,A,00,P,P,P,S,-90.1,-46.5
2L6K,A,01,P,P,P,S,68.3,19.9
2L6K,A,02,P,P,P,S,-171.0,-74.4
2L6K,A,03,P,P,P,S,-171.6,66.8
2L6K,A,04,P,P,P,S,-86.7,-33.9
2L6K,A,05,P,P,P,S,-97.7,-58.7
2L6K,A,06,P,P,P,S,-164.8,-39.9
2L6K,A,07,P,P,P,S,-91.6,10.4
2L6K,A,08,P,P,P,S,-163.0,89.1
2L6K,A,09,P,P,P,S,179.8,-31.8
2L6K,A,10,P,P,P,S,-83.9,-30.4
2L6K,A,11,P,P,P,S,-158.3,56.5
2L6K,A,12,P,P,P,S,-162.6,98.3
2L6K,A,13,P,P,P,S,-170.7,30.4
2L6K,A,14,P,P,P,S,-177.7,-40.3
2L6K,A,15,P,P,P,S,-111.6,28.2
2L6K,A,16,P,P,P,S,-137.7,-72.7
2L6K,A,17,P,P,P,S,-97.1,-75.0
2L6K,A,18,P,P,P,S,-176.5,-51.0
2L6K,A,19,P,P,P,S,-179.1,-63.0
1IL5,B,00,P,P,P,S,60.2,-139.3
5OU5,B,00,P,P,P,S,-68.3,-29.5
4KWD,D,00,P,P,P,S,-130.9,159.9
4NV5,B,00,P,P,P,S,-70.4,153.5
1LNL,C,00,P,P,P,S,-90.2,-179.4
5IVG,D,00,P,P,P,S,-136.4,151.6
2QEJ,A,00,P,P,P,S,-41.8,-22.3
6D6R,K,00,P,P,P,S,-71.3,0.4
6F0W,S,00,P,P,P,S,-60.6,-18.1
3SSN,C,00,P,P,P,S,-123.4,-1.3
2FAH,D,00,P,P,P,S,-78.6,-2.8
1LNL,A,00,P,P,P,S,-82.5,176.8
2WSD,A,00,P,P,P,S,-62.2,-23.0
2PNL,G,00,P,P,P,S,-45.6,-42.6
1RP8,A,00,P,P,P,S,-88.4,168.8
3WN6,D,00,P,P,P,S,-79.5,157.8
2ED9,A,00,P,P,P,S,-75.5,58.5
2ED9,A,01,P,P,P,S,-51.2,165.8
2ED9,A,02,P,P,P,S,-51.2,130.1
2ED9,A,03,P,P,P,S,-46.6,-45.2
2ED9,A,04,P,P,P,S,-56.0,168.5
2ED9,A,05,P,P,P,S,-39.0,-53.6
2ED9,A,06,P,P,P,S,-68.5,147.7
2ED9,A,07,P,P,P,S,-37.7,-33.3
2ED9,A,08,P,P,P,S,-35.4,140.0
2ED9,A,09,P,P,P,S,-53.7,165.9
2ED9,A,10,P,P,P,S,-34.3,-43.3
2ED9,A,11,P,P,P,S,-36.2,-36.3
2ED9,A,12,P,P,P,S,-53.7,-23.8
2ED9,A,13,P,P,P,S,-57.4,-15.7
2ED9,A,14,P,P,P,S,-64.7,156.7
2ED9,A,15,P,P,P,S,-51.1,169.4
2ED9,A,16,P,P,P,S,-50.6,-54.4
2ED9,A,17,P,P,P,S,-46.1,114.1
2ED9,A,18,P,P,P,S,-45.1,168.1
2ED9,A,19,P,P,P,S,-43.7,140.3
2WE3,A,00,P,P,P,S,-65.9,136.6
2DBX,A,00,P,P,P,S,-102.4,147.7
4Q8B,A,00,P,P,P,S,-58.1,-24.7
4LYL,A,00,P,P,P,S,-67.1,-40.3
3RGG,D,00,P,P,P,S,-149.6,138.4
1FNF,A,00,P,P,P,S,36.6,42.0
5FPT,B,00,P,P,P,S,-175.8,172.2
6H25,J,00,P,P,P,S,-68.0,-32.3
4KWD,C,00,P,P,P,S,-135.2,146.7
5INJ,A,00,P,P,P,S,-140.3,157.9
4GH7,B,00,P,P,P,S,31.8,57.4
1ISY,A,00,P,P,P,S,-93.0,49.2
4A92,B,00,P,P,P,S,-166.6,173.4
1MXD,A,00,P,P,P,S,-84.1,159.2
2FAH,C,00,P,P,P,S,-78.3,-2.8
3KQU,D,00,P,P,P,S,-158.4,-174.2
6H04,D,00,P,P,P,S,-117.0,-44.1
5XQJ,D,00,P,P,P,S,-88.0,16.3
5XQG,E,00,P,P,P,S,-73.7,9.1
4QAQ,A,00,P,P,P,S,-97.9,161.7
1UFO,D,00,P,P,P,S,-116.3,136.2
5JK7,G,00,P,P,P,S,-51.0,-46.1
5L7V,B,00,P,P,P,S,-52.7,-25.0
4MX1,A,00,P,P,P,S,113.1,21.3
4Q89,B,00,P,P,P,S,-54.0,-25.8
5XQJ,A,00,P,P,P,S,-74.9,-8.3
4KUX,A,00,P,P,P,S,-128.1,145.0
5IN8,B,00,P,P,P,S,-131.4,139.5
1YUO,A,00,P,P,P,S,-63.9,-39.2
3RG8,F,00,P,P,P,S,-150.5,143.6
4UFJ,A,00,P,P,P,S,-62.4,158.7
1V6X,B,00,P,P,P,S,-64.5,112.9
2PNL,B,00,P,P,P,S,-62.7,-36.5
1UFO,C,00,P,P,P,S,-107.8,126.8
3FCL,A,00,P,P,P,S,-55.4,-45.2
5VNL,A,00,P,P,P,S,-170.4,148.5
5N04,A,00,P,P,P,S,-76.2,161.9
4ESI,A,00,P,P,P,S,-55.4,140.3
2E0Y,A,00,P,P,P,S,-87.4,144.9
1OF0,A,00,P,P,P,S,-60.8,-35.5
5XQO,B,00,P,P,P,S,84.0,17.4
3SSO,E,00,P,P,P,S,-110.1,-7.2
1AKZ,A,00,P,P,P,S,-59.2,-42.9
2FAF,B,00,P,P,P,S,-79.6,-7.3
4NV6,A,00,P,P,P,S,-61.8,154.6
3WHS,A,00,P,P,P,S,-95.5,145.1
3KQK,A,00,P,P,P,S,-167.6,174.4
3FCF,A,00,P,P,P,S,-58.3,-42.2
1LAU,E,00,P,P,P,S,-60.9,-46.9
6EF1,J,00,P,P,P,S,-79.3,170.3
5K6Y,A,00,P,P,P,S,-77.9,148.5
5XQ3,B,00,P,P,P,S,-65.1,-2.4
